person_id,age,sleep_duration_hours,screen_time,caffeine_intake,sleep_quality,physical_activity_minutes,bed_time,wake_time,steps,activity_minutes,caffeine_hour,sleep_index_rate,sleep_debt,recovery_index,sleep_consistency_score,time_before_bed_hours,caffeine_x_time_before_sleep,screen_impact,activity_balance,circadian_alignment,health_score
1,24.010252679273314,7.684212564304477,3.44053047257461,2.0351198488795297,9.963115145268757,37.011067516087245,14.113542508991358,7.4116721931997915,5372.014644627936,219.9972347775984,9.803570602097992,1.00582478787085,0.32305312492189786,1.008629381010715,1.005932210067499,4.408169596661395,8.776879630728343,0.575321716038151,-0.012864466598633698,0.3750838736453629,72.83894936971501
2,21.056285125176476,6.341650133346254,1.8546241310410336,4.950343258634317,1.9876423029684214,74.00034955123056,8.753850643778076,8.229942892691732,9602.984518555317,249.97679047264396,-0.00078888602596923,0.17247341244974196,1.6909671066668066,0.7684786514463424,0.9814183146568604,8.698770719721175,43.611344364198445,0.321016670044162,0.041794056734288924,0.5824614596548401,62.252824956942206
3,22.02851271514558,5.0884493456486135,3.8600788460600723,5.017535721555123,5.054346673195817,53.00362311396654,20.002859101974607,6.812820320003073,9423.016395732482,288.965534551955,12.370521455580164,0.5123865993014405,2.872988902908082,0.6237628270501667,0.9991108402897841,7.56722512715161,37.94141457437058,0.6252742410893368,-0.029304946250024475,0.13152535895844414,52.00704882512915
4,23.982692890330128,6.311489669542228,2.7346609680341594,3.991955825822747,9.017372289026266,54.98082804001504,19.843430268638215,6.736330004609138,2524.002857921931,168.01504009881543,13.419051427573889,0.9251467186916982,1.7053972557926045,0.8165019996103352,0.9707293197188436,6.415154620462557,25.5227836718792,0.43329930869703626,-0.010842938085985993,0.15993011491596656,62.3742712342887
5,19.97304755985955,4.704237714202624,2.6790175637963016,0.004999136859355154,2.9252651577554563,85.02946032958364,20.960964360296984,8.91386553847359,-0.0025238874944770863,0.03164702152792091,18.64130027030894,0.303818936511778,3.2850690958110906,0.6062056106613498,1.0103117403267379,2.4086086866274274,0.01968017562528648,0.45473542534767536,0.03561456952294486,-0.009405137119412618,59.01394407796045
6,25.014757575145197,4.836083005605785,3.2048509558011427,3.0317985050928713,9.036501704774938,95.98707685173959,9.819355504894428,5.007625145492865,1222.9528174878292,38.07334943901999,7.402132727858326,0.8845819229711084,3.093338722941036,0.6096684627182095,0.9656033926608091,2.33713344679915,7.1450678107042,0.5044758680154172,0.4033728928562208,0.6587621930728164,66.73351186567135
7,21.96039300378938,6.523046216498952,3.40308575733797,0.9641744004576447,6.032688885687275,98.96008052750938,13.075314863234569,8.573197176100496,12911.975408059307,369.9869886127993,11.596260989787753,0.586917920458609,1.4620932016619135,0.7746245257219448,1.0223265953679748,1.4727640362494212,1.5468729793958713,0.5904998999364485,-0.036583736914354764,0.3915058667162948,68.21979836160716
8,22.05494376297563,6.106461895163688,3.0044802573317964,0.9696206667567073,3.9892214408708075,107.97687002961544,10.47945995193633,5.620178386732695,14727.018076060967,332.9894203353941,1.651096892129332,0.406611871213779,1.9065120874194412,0.7972055588668072,0.9779514318168472,8.815462506213386,8.818465117589405,0.49611380776543623,0.006700566727583788,0.6026293303409676,66.64145753214764
9,24.035383203621638,8.615248059190238,1.3576682950680174,0.9419371012085858,7.0215179063134965,85.98954601425915,11.0605325763852,8.050141993276013,9591.979539345553,460.97686312116645,4.672487148091037,0.7014639213514189,0.007110096059662483,1.1503068444258313,1.0284517843896461,6.4352084333660295,6.3823447326948175,0.2527916940828496,-0.004582502470639865,0.4464549976046178,80.5220125633223
10,18.98592473043686,5.91778713119309,2.0240946422784205,2.9835252317470866,7.974218023675484,44.02982008365107,14.63054435111486,7.4691562702817444,0.03616108667353472,0.03377182288120702,7.201316714081377,0.8271446635735819,2.2328416865271907,0.6778440143510974,1.0572188277304593,7.332168569036002,22.11994979176531,0.30376016924517496,0.001572446484624929,0.34135666529057795,62.76883004982033
11,19.948605964127275,6.837476611815043,3.8071888255471698,5.039912970331365,5.985892328512009,107.99873196004695,7.819549168460576,6.393771851182472,3800.07039203972,193.02444962364387,6.584732486790334,0.585592251374275,1.0954777529410213,0.9046085744924832,1.0000330333457548,1.218235475526057,5.899256543110516,0.5990973894035081,0.028396732482238632,0.6894079703674469,70.2489329519417
12,24.04061617122496,7.251740899492834,1.72199162844398,-0.0036176156542040857,5.044956390820095,32.99441555343103,6.066391841820227,8.529835543480853,8580.019691559026,329.97369196254374,0.01893652132953963,0.46344858191777527,0.7899931256838847,0.8859509657202789,1.0393484536642867,6.064085580067251,0.01282789381836207,0.33369952700837646,0.007217557854794383,0.643747717303042,76.3829325019276
13,19.99656380464242,4.091376574417989,2.0432171346722985,2.9597962531303565,5.991848098803909,7.962540097257121,21.662339270244686,5.029080110245076,11388.04478495674,271.97293405739083,13.223152935646095,0.6107815823196151,3.8532971740164834,0.5024959404688555,1.0225434684695625,8.461309543310154,25.500558174842766,0.34551593916793666,-0.002783473645184482,0.1598492038181538,52.523504410293526
14,20.037134489359204,7.30861986713209,2.3093447257639337,0.9854296376627486,4.94390805014135,87.02356447769489,17.628525222583757,5.9009749413913495,7243.021621817149,227.02857544275787,14.7149699121581,0.4856741044100389,0.733028828450879,0.92058918462615,0.9570165388289262,2.894243119403031,2.8809026061293586,0.41072982109474176,-0.004257295528107306,0.2794426026602465,73.48004407095083
15,24.95216717023617,4.898634632640963,2.264367042802474,3.9553641488952813,7.99810090331656,6.980441435379299,7.023803118034263,7.251515556133221,13371.98397213932,301.01149588453626,4.414748007795396,0.8235104584710911,3.1267846934967083,0.5763343016258001,1.0033278333255553,2.5997424080824416,10.506796359749318,0.340975721076106,0.03230412364685808,0.6971640674237146,61.78472321623443
16,21.982018749311386,8.787272909998059,2.788080302423459,1.966244416948065,0.9976423482125693,5.9969991642317595,13.902599935153347,6.398219760394218,5862.006004549944,263.0227516613903,11.213347968517756,0.10022615891372802,0.0008621532422040555,1.0988858466516684,1.0150359611706767,2.6321632591794724,5.334174291882816,0.45817581843375554,-0.021610374981113914,0.4255874627152129,78.77732590867309
17,21.000157310991547,4.682905012152838,3.816030946959091,3.0116645673079114,7.035951057081204,35.04440549230645,8.049925194645484,7.409045203478147,197.06039962838292,9.973516945649832,4.346896895830789,0.7196443961309447,3.2601230683640887,0.5391623911659349,1.0179314594627888,3.6821132475091805,11.272775677652861,0.6724041598803933,0.03060861065888003,0.587959944761472,59.36390604167736
18,25.001409417812944,6.1098852620671895,1.7027328081876774,2.964783800210819,10.000430092665272,17.01526289993148,14.765429800088274,5.073322435125872,3587.984293387721,-0.0563317459173062,8.97419244872916,0.9695704885980764,1.8635641890673562,0.776782474693346,1.0053462041492498,5.7205928962201975,17.183257065768487,0.23639464794487292,0.21749115032434835,0.46671815362977004,69.6653293661109
19,24.98649803585562,4.35448478909985,1.3744538006066203,0.033379029156099055,9.987352530656791,1.9511523785685447,13.799260258821668,5.483031307660851,-0.031179818966342216,-0.026248950500405096,8.868403151698987,1.0043015878968946,3.583586822137071,0.6170116611388952,1.0049593418898166,4.905118728416883,0.017053244654763627,0.301592796516263,0.011347918203379683,0.46130165576731463,61.88901738275203
20,20.018685497970424,9.022517375025654,1.6001881946855325,-0.00213360872491008,2.0313516843569364,26.946914692909427,18.683993679189083,5.513948461198182,-0.03402583269345808,0.020633001900336807,15.09602932584025,0.17902210377848252,0.028956771265999905,1.1058140553250901,1.000152620743457,3.5806395127586166,-0.009961217374765454,0.27274283018069834,-0.012490856565551673,0.23830792183621596,81.65322153603954
21,22.96797138711852,6.487514167853442,3.654053940542691,3.002567841118336,9.003623706975032,68.99807068649642,16.577084313685294,5.774747595227714,-0.0065258815150064705,0.06333173935904673,10.074764482013325,0.8633887904077134,1.508710129057249,0.8074376998512487,1.0039952825798106,6.507186660620103,19.525428997680653,0.5920986211433491,-0.015760416059110712,0.2785465558768896,63.982336096723614
22,21.995728615449362,6.96609791982879,2.934508021876949,0.9916488109717632,0.9774993195530285,106.96361778155375,9.290577769020533,6.846420431691025,6730.969895837341,312.9871160803142,7.067174805491382,0.07416676365786955,0.9551992843335467,0.8714156547178176,0.9632896308910286,2.2313051850230843,2.2659663844255635,0.49389179512565134,-0.01092743003425723,0.5848580345384117,72.59413453102887
23,19.003608868951357,4.2864996142601255,1.8938414794151124,2.0231854351563117,10.034649926816249,43.01945640242899,12.895551505862178,8.031130158034427,16433.050220582823,263.0682756764563,9.302039500435976,0.9836656872467242,3.712126357438007,0.5670940578197301,0.9929136765706397,3.6493658618778895,7.25312648556008,0.34994073773785234,-0.0007366701277522604,0.43379666683228707,58.77731332590757
24,25.01543316502176,7.737714476505877,3.43355649832766,0.023494796633310323,6.005809852935504,20.00126789194895,5.770533879071079,8.64634641994465,14687.006490696038,281.0248945930247,1.413705203928585,0.6373408358107155,0.2748256026248741,0.9746671710715541,0.9564105593556541,4.227824376904259,0.04049581566043516,0.5418998539347712,-0.03894880190629953,0.5697853791642653,76.10239041087483
25,21.021348446342667,4.983939947389513,3.584204049387119,1.0100516305573652,9.000087779000383,27.004961543070717,4.099762142376399,8.287748501404018,7833.029151789293,240.95820903094872,0.036483817430148044,0.8828717880152203,2.9843336332046357,0.6526103803105578,0.9850711695173807,4.1213566654414695,4.105302342681035,0.57953913489474,0.019841492633216745,0.6509752726630398,61.740408600041114
26,22.966260737244863,8.510753608546288,3.4842927203478027,4.016943673177229,1.0053372517423496,102.97879770455073,10.653011506554781,5.764370710487569,10992.991040038283,165.00642101513432,2.578518774769358,0.06185379249165331,0.02915214037565116,1.0473129399439287,0.9822758334669733,8.012050954613532,32.27550261045294,0.5908072348778004,-0.07987006910346024,0.5888535139166707,71.97017819395
27,22.95397657487793,4.978071311728536,3.7770743964008644,-0.006362690097612768,3.9678799488575023,53.0522415096586,6.066984574299423,6.753058721275298,5150.965794084067,162.02591922835236,3.251708904640576,0.4039443226749001,3.022965122513425,0.6380070701445939,0.9803601107898838,2.7907658290385355,-0.004858891510195395,0.647223957273355,0.016200210584646938,0.7220851692819341,62.22664378521558
28,19.038330304656956,5.022737655497709,1.8262852179507922,1.0162660902072715,3.98417038671465,53.085277811840314,15.56586921584937,5.799319674235379,4743.960718181637,193.92723551304343,9.945355579217741,0.40087541982033026,3.032792996484763,0.5239658280119243,0.9684397552663285,5.606842402228024,5.626299767459482,0.2940468733683024,0.009398999697022627,0.3801715114749409,62.68941537274291
29,25.009969420359386,4.220565232163707,3.2787170652801456,0.9898636667357859,9.000107478054984,63.9916424582873,13.265882389672816,6.039897282785459,3324.9727602477346,182.0193335347374,6.9275798436955744,0.8852384096396941,3.7993059944274736,0.5450238771596709,1.0080783182139066,6.320910031954116,6.368292427892651,0.5620701919047015,0.014910774873056108,0.42795842214672786,56.41669509341994
30,20.977545403903303,6.455458264998892,2.4193378629724553,2.000066948664872,4.9941600891492595,99.01059117745245,7.066495846976486,7.037360710129649,9317.01042576482,363.0351816353947,5.66014003655938,0.49516329602461623,1.6264907367359853,0.7634662187361422,0.9904578908286442,1.3721719917766566,2.840484609890806,0.4256064766990904,-0.05785280219361214,0.6007466799410096,70.76177861385598
31,22.046534559265677,6.794733081635023,3.488526428069921,1.991760687519011,5.0381728514844974,20.00292252029193,13.864987582778427,5.329398451048718,14131.015596487952,362.01196604372393,7.446509935234719,0.5292868125798971,1.1824159120871085,0.8401721835550022,0.98738721232741,6.5177077963283585,12.940886185801249,0.5885325654279159,0.008784892547543598,0.42670711661909627,67.82278173237904
32,18.003470239028786,4.320059644142737,3.1407211010032516,3.986283443820424,6.00652217558181,105.99220939409676,9.63025061667216,5.875584858667452,4493.018095882192,235.99814836367955,7.1031484299486465,0.6201211729619753,3.6922730219618414,0.5598575332593261,0.9577727801651117,2.496120220857313,10.144334515079276,0.512589077928158,-0.01627502706487095,0.6505501590517596,57.14797696932105
33,21.035378915521914,7.902942026186168,3.282890577966406,0.9793266460683463,1.025647117679092,97.97503788596802,18.10055118762636,8.742530230965947,9134.955339819486,401.99481220250993,16.562479771678998,0.11752690620621194,0.09021120326785592,0.9414173050214029,0.9910641642340903,1.5492347286882453,1.5745289577600918,0.5493718915378909,0.048065711333871934,0.11770232299416523,74.31868836143848
34,19.0020255544423,6.338876153455891,2.9646267535691146,5.0140307031157665,1.0002818606372754,11.967450960375587,9.389381458369787,6.885483687653131,15102.999987724423,327.99306033016927,-0.04745962934110613,0.0644896364643931,1.700715950546735,0.8201829839466608,1.034365983997479,9.453844617552566,46.95776179953038,0.5526871874089079,0.01085162331900248,0.559212139906612,59.80811521852246
35,23.06182243774646,6.578435028371738,1.5010170817104702,1.0393181773844038,9.031688654512383,55.965932082034236,3.9316748730832884,6.7240248073438975,5471.969218145074,256.964720605887,-0.02248023900360124,0.9865964418514597,1.361405267410638,0.8212708556613383,1.0348241892958103,3.91968104908227,3.9571772244133485,0.2599921064974293,-0.03530186048770542,0.7257013335293856,73.6915717684722
36,22.052660225273296,6.222350159386319,2.5642877679297653,2.0351330591500867,3.0119258326971945,48.012157200766474,3.7505002670579004,5.0608540682131515,9753.012043979028,269.97937428504287,-0.007572591652211144,0.3315375663082266,1.793249852906299,0.8185934645886171,1.0112053773915535,3.722372304296182,7.552048820357,0.47054040443158063,-0.05071519800184962,0.828365600460639,69.64510397778669
37,20.992531075545628,5.9941590811165,4.027779253021438,4.962303039921637,4.000402614561654,116.9844097656539,6.831817735916232,6.019371074764026,5697.014372311665,182.98750217863042,3.1155466178824294,0.4155108568957262,2.0435497190455623,0.7229146752289264,0.9911453807464048,3.7376602922832207,18.745090922370224,0.6512365023631652,-0.01844313342434298,0.7508050149174089,63.145231088333496
38,18.02914712852863,6.798074354686745,3.797267724189409,0.0386760915422062,0.9996015073312293,52.92265121449579,6.315445747416095,8.450705380083967,9631.964834808588,259.0034048303868,4.428836486916342,0.0650706467680837,1.1672241551456572,0.7956163682695915,1.0167694849067357,1.871977141978881,-0.03217556607157637,0.6412125624397196,0.024346839740705093,0.6251338250175558,70.88646748731036
39,18.019361278487555,4.802752574533451,1.094672120157238,-0.009544755048537865,8.971366841211271,9.013345746617949,10.28508132409828,5.623203182602941,5135.029040888216,317.9832955572703,3.070683583138367,0.9284319033820232,3.1601203615425493,0.5991315985398589,0.9799793923546992,7.107467713482173,0.043347607639278064,0.20716278460687973,0.03457366976114535,0.6155693899029991,65.07084002547907
40,20.041058946725972,4.9075672118928,1.5196767641336275,3.018021990454368,8.01520747160409,51.998852161526074,9.696726420320623,6.654425831697007,1732.0701646882458,90.97392612272506,4.715295990908641,0.7849661446910202,3.062539350170133,0.6301122820354174,0.9910224323234986,4.938624565835865,14.943123454579995,0.29493273036194223,0.3553585987733996,0.5448890188531086,67.10889240357936
41,19.971052296182595,8.296513128706342,1.4289172080222758,1.9728135400385836,1.9987938579639086,43.040400190042035,19.202629183475945,5.058179437003942,12692.025045072127,380.0227931257738,17.11884236247316,0.19417187586092105,0.07985578332223923,1.0576281081643066,0.9777243267220873,2.0975526922467496,4.228032899634202,0.27016099522551806,0.002400932665136912,0.19554987219364342,78.93773158356925
42,24.020581543799953,8.706441395495116,3.1993970374469107,3.00425939741622,7.984940241194564,46.01119367191273,12.679521508190696,6.882740431542536,5651.995114978813,174.01111841915844,7.205582040882402,0.7495766217182216,0.013945559426111327,1.0534353559221827,1.0272509928149227,5.494584728176559,16.419211245379906,0.49975531423987035,-0.009961369088318782,0.42592229257344477,75.70631787115123
43,19.031752734605487,5.947343541726866,3.4768639910135213,5.009411695486907,7.033193853124362,51.95563979211069,12.525348138659044,5.142884838281528,4977.990503628904,152.9838231138963,11.215730710031975,0.6627555074217847,2.091892038469758,0.6887610078964027,1.023400178829749,1.3038317947401847,6.571418908432621,0.6178889046090374,0.03548434135688396,0.49906140642601615,65.45499514213797
44,24.947237815407306,5.429563490568457,1.5467809115166362,1.9554618562424104,5.962493519223156,72.9331097007781,1.9056542489951058,8.265639108569761,5453.99372808055,215.01518835414464,0.022884979250234527,0.613156394964814,2.602049612390244,0.665630280782953,0.9989595322286202,1.8665906437715798,3.714601771898602,0.31724667401106954,0.03647171757849797,0.8020906280498551,67.68482258519681
45,20.964502244620025,7.226074637774907,2.4794185072889445,4.018248014990325,0.987325123137027,44.97841582846986,12.930369743868345,8.265390219457204,12684.977177984596,257.9864052631894,9.616237626761109,0.1301870402581147,0.8068291819774044,0.9154933197142677,1.051937569278717,3.304564834271347,13.33130829371358,0.3994198321815682,-0.010398672649603967,0.3403730518348066,70.9331249499153
46,20.938823034667198,5.986333814219284,3.481483632600561,1.0403780502351494,7.030831562463386,11.98124677737919,10.47759545472854,8.147191360427883,2547.0075719461997,150.00189195088464,3.5034238389494043,0.7205471325938511,1.9807865007281187,0.7639736034631897,1.0123754374231284,6.995577282622085,6.932090278192581,0.5564993239411821,0.019764027753670196,0.4705351902543943,65.12810146373624
47,24.991917794966664,4.07332277515315,3.203211723589769,3.994760561629551,10.009465688227607,36.02829477603,10.776931202619757,6.1572358191311345,11403.965846122266,293.0292513216417,7.010656769623593,1.0195245699022886,3.8844834975387275,0.5596637900941643,1.0106868263900894,3.8324693373497274,15.203677515063804,0.5326002948364734,-0.01585255077113744,0.5298362744794772,54.7888062685566
48,24.021526267673877,4.828659016747133,2.589645593565859,5.04080504392484,6.998564232170417,100.99973387203131,8.633380556004813,8.350522427469947,6082.943309066402,220.98188776720502,2.936467517640897,0.6980570062912087,3.1952695060339393,0.5887963439574775,1.0074736073962027,5.704292233789743,28.412549365859164,0.43871826442582507,0.030398230035830857,0.5145319501851326,56.62987258573136
49,23.045070711562882,7.626281403775893,2.8206379891615425,1.9943091951964278,9.007530106294505,23.034010654942954,6.254132740153297,7.18456781760132,9217.006588050454,256.964827651765,0.3646179741125922,0.8877987895390137,0.3782573473529532,0.8946531068532593,0.9621313954680026,5.923747680041605,11.846245582305437,0.4561645918214233,0.017361689137313365,0.7433080978651655,74.3556575627862
50,23.002222843412593,7.344180120272529,2.4816105018618795,5.025487535931399,1.0053824251314651,0.960255008328921,17.250124485610797,6.473854682170005,3121.0006369919734,61.99564596250936,14.613568562339886,0.10866685430696181,0.6880919617893645,0.9483999931485271,0.9731716050577789,2.615732892872633,13.332342760838799,0.3810646219953397,0.7075594170018212,0.27332198407829034,81.1307330637087
51,24.04885846636714,4.081880581220923,1.8982887649944116,0.933442901021467,1.9545001236114223,85.02895793153141,10.897535708632814,7.5446306533921055,3089.9828648995067,144.95909604951444,1.1997837283105706,0.22464224969300822,3.9105927473199107,0.5183558594233226,0.9983608613894137,9.758861746846318,9.672498980069292,0.360838847089012,0.05646356690170938,0.48808781595678946,57.76612772931177
52,22.958596956253555,5.093113540339189,2.735519623295907,0.0725633333794039,8.989522143439562,80.02162967460293,4.7144394750196925,5.066851330837553,12404.961519101322,273.9916765447195,-0.023771077925419465,0.9001458676480077,2.8700854046113973,0.6459656373150273,0.9986084956368609,4.661719892438134,-0.004627138402726068,0.42420117912193545,-0.07745958419251055,0.8434203046056217,65.2761913491597
53,19.948898526819345,5.150815475124237,3.110254756418649,0.04486374735728871,9.048495649635413,98.93945297665707,12.273024116113794,5.601431047066328,6307.008692320807,246.9915808756206,2.7238922482674037,0.9363075605974022,2.8782984826284355,0.6730127117631975,1.017692881006313,9.446232728433113,0.01646995492996614,0.5014588394346143,0.022613114857793958,0.5266351066615321,63.365147919076236
54,20.9983335690331,7.388225866818174,3.598198873749343,4.991461234872389,5.980220275956685,13.039678535237822,16.199640049476,7.980954818974255,-0.029705251157113522,-0.0739105237171669,7.11694134063273,0.5935479220855198,0.6225946983265856,0.9629093077110599,0.9799639867283686,9.066899925705618,45.28968197942097,0.6032737635829608,0.0140738085991058,0.2609547030009038,63.05296820752621
55,24.01152196346818,4.129897115317383,2.8819416667419446,2.9408373292006855,5.99045096957687,9.00280375475299,8.256609698750728,6.004746521131864,9600.995831669474,318.01591905491233,1.896731668262736,0.5705916319411184,3.861897457844621,0.5118094004754938,1.0021206010226964,6.387825500414607,19.1677126173168,0.43915893042053056,0.01342493468493383,0.6260549586804299,55.1226765508398
56,20.99901915755718,4.486005138623154,3.2810030580985505,2.0086408510491647,3.9837513771007242,34.011761335116056,4.688387472665752,7.363808423209683,7626.0529491556235,235.99451930699956,0.006001024863905158,0.39968913273877,3.425662894726982,0.597796548999842,1.0026568039331045,4.667924060193143,9.407537747831698,0.503533176949126,0.0072177241474201655,0.7002818962461761,58.8124031752203
57,24.937976736998802,8.019214393856025,1.4744816024114415,1.9566822335877874,3.997389543300456,23.974053116627147,20.716180695678023,6.525257687499313,6047.019535693087,240.03545689358316,18.881616278101422,0.40317916834778705,-0.020625098554133355,1.0165640879242535,1.0038458524532838,1.786808582622696,3.5814883124352312,0.23704942900205309,0.007196467284113552,0.048027462478380065,77.3413009675112
58,17.997326398814618,4.894284906820066,2.383769794026513,0.01334560612672464,4.982506315060271,2.038257410387659,5.703110528662203,8.46039441786668,14726.958926020128,333.00646595939384,2.9092249414034885,0.4975390979817077,3.120530819488217,0.59283252826076,1.0004924355115985,2.706722977999837,0.015044126555281138,0.4247689055382726,0.01009099539077377,0.7158412666796715,63.78938745272372
59,19.960865914984854,7.309721710846647,1.0226699751623294,4.012346971574928,3.014602245064742,109.96442443012283,4.730718352183518,8.856792258418519,7874.96175445287,196.02206825710945,3.3579599024512055,0.33841966682646785,0.7147140968335033,0.9055028458349447,0.9578847994434401,1.409626399232811,5.619191007320663,0.17230677205811845,0.0271798452874781,0.671640701843438,77.12446696378152
60,22.0200901764649,5.16556925830553,1.693343351861232,0.9717579049299393,1.005919402368708,101.02496276055122,12.32411714378201,8.495588032008428,13481.004554572783,279.0357011625962,8.407622027721148,0.12415905942172117,2.7966745446895414,0.6685023207019551,0.9321634460902666,3.9678768098884127,3.955004668476346,0.22155145454771058,0.024788876587008492,0.39942845281171635,64.25732596201958
61,20.010997947382904,4.502556283489017,3.159506807918563,4.033629010708431,1.0232064284532105,16.024618224277262,1.3412221575027719,6.087492082035914,9201.958740379538,404.9960484875169,0.0016948902425545323,0.057071770341348714,3.4819567261657074,0.5412352570726832,0.9717470909257823,1.296131545875946,5.412819238598835,0.575017838558824,-0.0007487575603771011,0.9464785047313353,60.798269362363136
62,23.97180360641018,5.110265920872979,4.0530450787917935,4.024167241084185,6.968471765014331,10.970774977154834,5.420328974114861,5.767071685985443,2275.939948235563,67.99997530433409,2.112596163935155,0.7460310104259485,2.772876058780242,0.6765937730640936,0.9840663093160329,3.4460001280594073,13.766713479456621,0.6905889477178239,0.5699590386886008,0.8082100954831817,69.08100277672852
63,21.984583992479898,7.59439311525514,1.309598955734355,5.029274700118657,0.9897897855135129,53.05950120798268,5.778079194777969,6.879089055919055,14019.01597116034,518.9527937032983,-0.04691223263014138,0.017757488175124833,0.3879225078667151,0.9547455050254161,0.9646464439284869,5.770054356013835,28.726930146467275,0.22239708143049436,0.0006046063674210996,0.7209805307731956,73.64971450880165
64,17.968223594343332,8.251085802688547,2.1577916979846052,0.00026573111006686134,0.9932283210516359,115.00694585440652,6.332848021669258,5.038545190860663,3077.0096280726298,172.03718613235702,2.094108909883387,0.16453073118557493,-0.030371399214828065,1.0489485471729947,0.9983297839337695,4.235270649754037,0.03358426321614268,0.3715924886350055,-0.012386279790600132,0.7380775945837893,81.18220221547229
65,23.998119627081806,8.236179835496404,3.3867445321827754,-0.042465722007411194,3.013669407302658,23.01961677830813,18.895138260899767,5.134228887970962,15355.013517949938,302.99562907800834,15.276358823944054,0.2913808345932937,-0.011966332686253484,1.0682151597065044,1.0327032090636459,3.5060248943618,0.016771483390255807,0.5868691534892145,0.05340703951663365,0.22138649540001115,76.20545885378665
66,19.028654269615036,6.023322220582935,1.6033265914848527,0.029336168166334126,9.976203364083789,27.954186376139926,17.452664310765858,7.223549874198525,7379.007891055455,318.9698280834896,11.582130629294472,0.994312967900455,2.0399285280746846,0.760697006327286,1.0217809949628365,5.851197826534286,0.0630890902978117,0.3364562324018749,-0.03812291499596111,0.21239392003655794,68.42580746616784
67,20.970428218609932,7.314000129458982,2.7511377627989213,4.991888858025926,4.02746961412775,42.063531900090254,12.252538297277523,7.070414626502429,15107.998040678649,252.0221916745946,9.94423771238587,0.3981995128307908,0.6768628060225181,0.9146423556174594,1.0139899988624084,2.2507064658191878,11.357376701784107,0.4764157259492208,0.022493696351811872,0.39660856430228797,71.91372120871057
68,18.015121395465535,5.0456301868147815,3.166756626252234,2.95830659570422,4.035592467715528,23.963263291793247,16.48504968282136,8.995445835398055,745.9801343435697,12.934606564241072,8.200209526932113,0.4115561629852054,3.0183264384915596,0.6225223461067563,1.0295593221598751,8.255498957685141,24.677615987082575,0.542218360129526,0.177273545004578,0.16437017867224754,57.946514402392566
69,20.984092271448826,5.471532504375255,2.829281221580678,4.04056118097923,1.9703338295709325,99.03074659298298,13.305494610959567,5.799200714792573,16358.015484048983,365.9871217733138,11.590048598665586,0.1999921039619947,2.522902714389526,0.6834602912065777,0.9722613086700931,1.619669123758218,6.639865108009837,0.429853636274022,-0.015911747733240854,0.418618660527428,63.762449171287855
70,22.97621381503213,8.552420895937466,1.6419845928091703,5.062982225615075,0.9852738131531931,58.97015684846205,3.3891484354940924,6.042363429021918,8360.045896504653,400.02724933123636,0.007974965095661984,0.09599814433488196,-0.03238803955607748,1.0718689809261082,0.9862961119098723,3.3035209901484457,16.70931453138584,0.27160223762853064,0.008881521462375606,0.8497227303248366,79.82448619514753
71,18.996789089201364,4.127965746927811,2.081140370847763,1.998762556130624,2.9840420547512374,88.98143033591457,4.6886611713080075,5.491893971013672,12311.984963129777,279.986868344441,-0.017864141659848516,0.33926754928068553,3.8746988437632153,0.5533996895234924,1.0184454058917467,4.676236915464227,9.370504152400267,0.3731993652245938,0.037888783869911805,0.8126190340699051,59.23660480139184
72,18.96894273032742,4.392903341383432,3.391674591434193,1.0647736346380987,4.078971586140325,101.02366262131656,8.765032630822972,8.607685210220975,1328.9693777936936,48.97846234147154,5.963995628314476,0.4169678823925255,3.6320683031096035,0.531646712189975,0.9857640997248401,2.7591709972701874,2.8132341024598246,0.5632111429542905,0.4814950613514925,0.5269177859189713,65.73569789862302
73,17.983390520839585,5.034068604415489,2.668910722578787,3.0027394418583406,2.9871029968437632,64.03082658141025,3.958533667407244,8.1339175689562,474.9659464174177,41.98751535608661,2.924874232239796,0.27123588436887713,2.972227078810479,0.6043762858398711,0.987405205295466,1.0484488720500005,3.159137695632037,0.4343164347338055,0.41904554548091266,0.771884020330687,69.27110797504082
74,18.964063663222333,4.06681119462765,0.9938961657675909,1.9885863228750094,8.050328763264684,82.96186147252658,5.556123862601756,8.243828352352885,4362.973998093,200.93970212206594,-0.007267204771845195,0.8222202174300718,3.8982754275236764,0.5510511968559408,1.055872573657278,5.582435778182862,11.109558195430777,0.18327604019376068,0.03354705763724459,0.6664715444262048,59.97335821936457
75,22.05894175398749,4.87526457515417,3.298902300769712,3.981086246374436,9.962001040146802,118.03271416507171,12.943552149953074,8.646849831316333,11193.006077955733,300.0214643529535,5.672907387021001,1.0157232100955003,3.1611995146650553,0.5955155918042434,1.0028632623358997,7.325601541224307,29.510842231933076,0.5203582729434737,-0.021295803092297734,0.30492770481762727,54.76597437825742
76,19.00105790655915,6.881742308302809,1.1197894999424711,0.04911247223978227,0.9703104710150691,27.031349414853995,17.80328262118588,7.0808892317038135,6505.9358111730935,264.99631341874067,10.239512821221183,0.08364178823256344,1.1293949677118407,0.8689828459905812,1.0529087860060222,7.556673527073954,-0.023950869163566958,0.20937224395574053,-0.03324182479350483,0.15188321199905674,73.75014036789155
77,20.979008234760222,6.084130668758079,3.2327055041306134,3.976595683558367,1.9794018640445539,14.971861397734653,11.217635053655973,6.763469858671805,15929.013175112734,287.99183026170016,3.248829577632948,0.22376415279086484,1.9025569135520672,0.744746076055524,0.9453011000079169,7.9411855910914975,31.79413367747981,0.5202664302067511,0.0049629665360463905,0.504869534284265,61.25024408306229
78,21.006419397322027,8.468303270717193,1.5775571180613506,5.022058079299249,6.974629320656605,46.04795942780773,6.557552106073751,6.340858076812663,1510.019317390309,95.99193994150772,4.936508491729595,0.6952728219633088,0.025221917235937624,1.0121154662493062,0.9810740108619012,1.6563642781497745,8.352517123038378,0.2029927753645056,0.25716605080536986,0.6942016807088137,85.24064433779745
79,23.996630158509276,8.136692492012859,3.8409802480732202,0.9832250849482238,3.991963037975245,79.95629427115256,12.844146757095055,7.370925101894272,7017.946057649202,355.00042239395395,8.628558278347228,0.393349795836247,-0.0016776625594205484,1.0184467557987589,1.0122644974195578,4.178838807616016,4.285570400534919,0.6363573810347093,-0.08714105321509735,0.4036124916674168,74.9837176675676
80,20.993370912014004,5.692234367988905,2.0993626566217127,4.986190797122769,7.978736653918355,102.98125682251667,8.045989347425932,6.790024392911151,18212.970624586913,482.01960312112016,5.928109602614426,0.792532606477012,2.330546954996104,0.7459550368207816,1.0028119773931923,2.0236867700608605,10.235269215731785,0.34828625756427,-0.014682368757347275,0.6423862346545661,66.08385784133493
81,24.018425001001305,5.310575149050706,2.008806125899059,3.030907490819087,2.9754197522179626,91.01437007872276,20.046159803962805,6.772410007284948,18193.002390429396,285.99843809376404,11.259764579319413,0.227156458291428,2.6386120370596062,0.6606383544462182,0.9383336121040874,8.748885742333849,26.321834810483338,0.3499081490835213,0.06522756837064868,0.17537864374827966,58.42981766318588
82,21.02272523130142,5.88288945900759,1.4074825306305512,2.9885988946113193,6.0347541598942,56.97439301145892,6.2717876842587295,8.744375555375262,1867.995695908091,95.9591509035546,0.016065376345959434,0.5841990200119619,2.095822020108751,0.6930502431023132,0.9931126245828334,6.309005118669127,18.89554359693087,0.24644486929136472,0.30333530847523926,0.5709081687265558,71.18413564734864
83,21.984084965571686,6.945381900983545,1.8901998025747286,0.9878561386173912,9.036713808675396,75.00791457257039,4.9123246285090705,8.903877391494863,3588.015589124048,0.01726548364632201,0.9312890347543166,0.9213951972637681,0.9374098028022153,0.8782721174915125,1.074190527898561,3.9906696026047976,4.005720206942852,0.277953149721871,0.23563509500683708,0.6417096045697516,77.72304777480235
84,24.98272545278066,5.3081017207517425,3.6037425629899182,2.033984140915244,1.0284788949512595,26.0072322823641,7.133609785597561,8.158155810812291,2275.9957658953545,68.01495709073012,5.556399580101606,0.09932766271288712,2.704840655646955,0.6398214583406382,1.0074073831549029,1.5254682800882888,3.1876814097162507,0.6036628209754038,0.5965830302019424,0.6078596378481339,71.56416993009844
85,23.99174844908545,7.0426323507374065,4.045463344250567,2.0479219187966486,1.0157199686675298,116.99438777190232,1.7065384999832676,8.033468623712642,10735.037943085803,257.0061658099465,0.0025937727012732624,0.06144440710432752,0.8929146630518194,0.8089148475026271,1.0181330799999637,1.6783859092594966,3.355418644118405,0.6506465154712188,-0.0012352757934124198,0.8107941924419974,72.42792907300948
86,19.930942365057934,5.997940978617436,2.1114520250688753,3.019340694098527,8.002782291973386,52.02497201615772,4.609995832362801,7.691023850972347,8953.990364918029,324.03225723920883,0.7025434486200952,0.8289389376557612,2.04082189539927,0.7475734883482937,0.9806817049622457,3.9116422419952106,11.76817953139041,0.3391933619329944,-0.010008694186624437,0.6903283209595334,67.80637083107914
87,22.954544268134043,6.758950548835015,2.2887989472499073,2.9803569067312816,2.985089079280023,40.99314917622027,3.0725017643075008,5.672796178700796,4925.970509010398,195.00091136029238,0.04437383665366327,0.2910419952136981,1.2213548210579301,0.8655305258166409,1.0072985244218902,3.0986408585115175,9.172058583584416,0.35338637046850885,0.03686149708594498,0.9267873210604667,72.78661654234737
88,18.041006228023335,6.259618279976924,3.1849940654871203,-0.015318254978927383,4.971405274857347,58.006946232064415,2.4396891992503664,5.284704307876504,-0.031903255987852694,0.033341282669677674,0.022234674722547445,0.4633527352801543,1.784217369373798,0.8103311643439575,0.9996301540529403,2.4087693954090486,-0.05876144836188246,0.5318061232248554,0.001197489336058685,0.9002279554513352,70.3036600938809
89,21.04934903140504,5.527340881665242,3.6949044292696684,2.0023974579122013,1.0108898711029806,46.03439415632464,5.143629511931486,7.755543337552982,20669.02206405528,298.04221633064435,-0.019223258222597416,0.16618037385013046,2.487813512302574,0.7402056421988642,1.0335644329521672,5.137676847429084,10.337458122674056,0.710639707512402,-0.002741577015215498,0.6719744433653,62.75925682007525
90,18.99252891881331,8.703172613738143,2.849102198854919,1.0096279018577696,4.964791088223596,93.02372058630077,7.834433543962215,7.923904531859567,14461.000888634258,273.0174693865657,2.602843816870914,0.46840482216536733,0.011420895906893417,1.1070280703215951,1.0326100266033948,5.226630388779494,5.254421126049069,0.5223599361341807,0.023924780606505193,0.5588888486879073,79.41685486502793
91,25.017296708891674,7.83791120032964,2.1945009787142142,1.9703640226958068,5.9701823721247385,104.02358051872443,21.880498629440872,5.250542901985065,6799.019011477022,278.97756199134363,19.841665630837028,0.6263847453385712,0.182823182223402,1.0030070222581677,1.0122254843446221,2.064991851468852,4.147389070497293,0.33670549609100076,-0.030886875357184106,0.1546631471857225,75.08390056899793
92,21.009337504636306,4.674610520676028,2.1994061696643787,0.021691138187395913,8.034587397686144,32.965524611933496,12.246519494814091,8.674371966478681,10147.018393674976,334.99607642844495,4.758982781616056,0.7769205769743619,3.2990288164084633,0.548963036497658,1.0021289744678363,7.430074112268701,0.047428440994209585,0.3686449967467869,-0.03789336996415398,0.3570552171652016,61.697083951549224
93,19.092366424253658,8.316304381360103,3.085530592871911,5.002565399889188,3.0570194712516625,36.01574377726504,10.058280301268296,5.395737055855423,9260.939404504417,355.03716568102175,2.1322512152182904,0.3040748050372146,0.03950094193544607,1.0861547740463877,0.9496267739231188,7.861613065936944,39.24960532122043,0.5072470985634944,-0.0487471650952187,0.5680148517063989,70.87810536703631
94,23.033587247343036,6.405994313011562,1.0329695007232589,2.948528750440856,3.0117988541449945,4.973645036270915,15.569435228213942,6.172125727937374,3760.9657975219693,199.9550711640179,9.568170163356147,0.2729345710989547,1.5751260944940884,0.8380208054471465,0.9485813368871352,6.05750925740621,18.14286491123704,0.1709274663756395,0.017040373802162338,0.3181284763078413,68.337195991728
95,22.996162472255577,8.50792060244001,2.95879511764234,2.972132205526178,10.033193714568839,5.961557550606659,15.3104545784742,7.715629520175214,5163.969381248785,236.98824138995465,7.382363439446102,0.9628208745617902,-0.01343023097869187,1.0514865354510043,1.0024573274019255,7.932411662221961,23.79708157944323,0.5108226065284371,-0.004909878386112321,0.28980488014373457,73.38621052719115
96,22.971333786781987,8.038170605003202,2.1135183914829416,-0.01512386020954991,8.99262455047668,94.99784880961145,1.8120194991331897,5.718752435521979,11547.975518074345,287.9897110549066,-0.0015659251638858113,0.9156660763401423,-0.009222970363479495,1.0204498037586354,1.0262390233438496,1.8159199902742897,0.008454767354792628,0.34612032642716783,0.02479073509063424,0.9642531298681882,81.17551676592986
97,18.95180661039227,6.121974763083394,3.4024831871135626,0.9978142693347684,3.9598697744173696,94.97287114440046,3.2279799043534037,5.228417248978758,6374.987389340203,330.9740436819894,-0.009323315363630333,0.41215871635403206,1.994742202785569,0.7799320455034583,1.039952381708685,3.2661309232075766,3.304978621116083,0.5452997344268122,0.0015273255235192065,0.9204830543767846,68.65088126771117
98,21.006103909076018,4.108661709884751,1.301103484995227,3.05667836386512,4.018365148558558,116.0237185315652,4.155446699420878,6.302512115132022,9685.02997448784,353.0261863684976,-0.009781809673560597,0.43433948332657196,3.9182472798752155,0.5566064053165117,0.9733078374887913,4.1165127030814235,12.514152243341027,0.2513611883202257,-0.04112871544717,0.7895835964880034,59.8669852266743
99,22.97730947764147,5.250353376913151,2.7284707963364276,4.007145139184189,7.017078679698102,24.02443606379086,13.48283306833052,8.092837198736618,4503.035954470572,146.0113044521312,12.252755603407794,0.698968542091124,2.7339620501714355,0.6579667668352035,0.9547228421907616,1.2269333920475458,4.91105595275969,0.4296456990929971,0.054102437577556166,0.33698294287653463,63.55991690606351
100,21.95733238871207,6.671198611141616,2.4223545259285446,2.974776843303041,2.0021500566164074,31.942921212907056,21.701639632914816,6.683985266351387,2717.9912132750937,46.97866824930198,19.772995433669436,0.2666105538237947,1.3230437713563514,0.8151130208689997,1.0279887745868375,1.9537052212659078,5.892210018153876,0.4056791157586132,0.588445543077202,0.13141985546270601,77.10505450669406
101,23.980602813472725,7.196318731992128,2.9040249924798753,4.0066189241292145,7.992728736256847,53.97515092381269,20.273661364941777,7.643159417044799,2523.99246157416,168.01816538760707,19.02270874692874,0.8080504000231111,0.8250618159795587,0.8853000489101597,0.9755592469870492,1.2332777645570676,5.142671849865117,0.4387502418461901,-0.007865100509326118,0.11612053591444504,70.51035784448139
102,18.967553559891567,5.3028011712283,1.2128502615198218,-0.010562632423616427,6.028866317357433,56.95620639984246,15.526222480940296,7.321335062469577,5001.978836988278,243.99524751295996,8.785458278981094,0.6170032404371163,2.7142072061199687,0.689403879500916,0.9526879519698155,6.800230178715118,0.009557115671127693,0.16921780521878393,0.03560443782458558,0.29411326093871876,66.04683338321661
103,19.050614249052177,4.666093888259782,2.678656134177489,0.009742747186006257,2.970428008997176,5.986121121702213,21.677985335956127,5.0685141645916,6222.002675630917,289.9732941628033,17.899616913385273,0.2592471226467831,3.3109580760017727,0.52990388769573,0.985189655256427,3.8385429378665528,-0.021726556982885586,0.4723436635009264,-0.01360708678692743,0.06614542679559812,59.6645883796673
104,21.026449192708483,8.272350300267352,2.6884662936306873,3.0174170306110684,8.97678658263328,115.01365527009607,21.6433508239032,8.955740867623348,13541.006075626483,398.97861244769274,16.10274144840508,0.8815774705463241,-0.04352233963405609,0.9350877968226948,0.9846670309982727,5.577529318230672,16.762201146726763,0.4296182569485014,0.021580734709639254,-0.013764859752064554,72.76364279258597
105,18.9997608207605,8.945491821657608,2.687669251904905,2.0362769194167183,4.969756804797187,55.99273135705465,2.7170622091079886,5.198266900527035,22244.02419426665,406.0130815322433,0.018674500036846852,0.5155903910154793,0.010735936690288186,1.1393274702090395,1.0396051322892204,2.7388661602821265,5.551181299277613,0.3937031487058999,-0.05347769742020331,0.8802014191358228,81.8045014440018
106,19.0443983241667,6.618063549611774,2.830648689522191,3.999271405129899,8.002549188879074,10.982307222779985,7.1778211848591384,8.900730553695798,12109.023953161779,324.02817029635565,3.98660958085423,0.7974731671275925,1.3967496922282117,0.8332441639246589,1.025969017440446,3.2655367360993353,12.97599018839546,0.44498595296892923,-0.006793390674503083,0.555786225093235,68.6391670527168
107,23.00232104922943,4.902161105838513,2.988637204901907,1.049168815827995,6.967363209636722,15.039005295804394,15.505073586478755,7.187109716187762,7565.930936458468,267.98539695301133,10.807850231729349,0.7056304940510391,3.1163637070854846,0.6130539000890953,0.9778783869171,4.658577299544458,4.702510436614048,0.47510687088162645,-0.011612058200075116,0.2747900453468109,60.064530890011135
108,20.97416147396015,5.393633730902966,3.462479809663294,3.0272406798760856,7.979472734584543,78.93085428482212,19.15334429761854,8.859461186883822,18228.99542365157,454.01633324001006,11.385061620752857,0.7755051873285742,2.597874225000786,0.6358336011603464,1.0419386302766813,7.790579118129153,23.366732702040885,0.5287956934856937,-0.04193610046649926,0.07389708844882092,57.0049613549261
109,23.045693722318088,4.071442446199333,1.8129258725704511,0.9787768136556344,6.978827333133184,42.03710615680555,11.227892336799567,5.420736650865421,15566.041523000928,440.0474526247273,8.185037348793276,0.7036584092041486,3.92289492878184,0.4612033070621413,1.0037507757374307,3.030618362944381,3.0812991751858156,0.31650260142226294,0.03335762031379139,0.5554261218303548,59.679960195242934
110,24.01616730131054,8.602324415555566,3.461729520200128,3.0662956699724537,2.992181750029981,115.98367135120533,21.91384778053022,6.989548503090176,2816.986856552181,89.9622338833089,20.167092527448162,0.3035563767477521,0.028197977134475406,1.0559641274950544,1.0318250690588229,1.714466074069277,5.092382791885233,0.5369289528864745,0.40686052248269833,0.025969241419107232,81.64641142896514
111,24.968882615370205,4.607732576204282,2.496143611202441,2.009809835398103,1.9553787666078808,98.99765672969662,2.3483205295000134,5.656500737298248,14335.03417725455,346.01067009618515,0.003654039669401091,0.16458694940344284,3.3126351992606273,0.5858508529810904,1.0398153552436664,2.2651977656244204,4.57021686561563,0.3990285422103685,-0.02229835014314536,0.8795854773590451,62.53513103259065
112,23.99428983965749,6.862747182735552,1.1804497463353074,1.974946264880833,7.002616149761118,75.9841790998684,13.30101496215129,5.223557660787146,8700.990806446,253.02491967073885,10.848003328637791,0.7192764953404177,1.086983215455021,0.8449273286169839,0.9921222129979141,2.484031419635051,4.879678395003521,0.20400223516290764,0.03903898274342793,0.4742153953148161,73.9155762659055
113,24.973731452398457,5.410025292517347,1.1341685259053993,2.0495873915369125,3.0374191095199405,6.046286643166174,13.583092498348801,7.4355208626782945,2100.005247704023,95.99714550550203,4.188746324077275,0.2489980515924609,2.544278392823356,0.7020030060072607,1.0171395872238105,9.364300609455045,18.789984849474966,0.18971630296931666,0.33609348931087146,0.3592183033534819,68.0228803294156
114,22.95851600807107,6.795342228535257,2.0479841282034137,5.062333327555954,3.0040647411695027,98.96307064509584,13.795327340742505,5.860942477193021,14989.965893279228,232.03714849632567,5.526543643354794,0.3055271424179305,1.20716833663926,0.8213782197393912,0.9877972460669975,8.296318118984566,41.37690018748096,0.3212076149249447,0.02339404617664305,0.3751571575189854,64.43779266229792
115,24.02778532642595,7.242765773263678,3.4210942762666,1.9990092420884131,2.0462396343440394,110.00035209109166,20.53740361517958,7.359655055700682,16673.967022543275,292.0659651111478,13.843360827251336,0.252967780814765,0.6909787486643801,0.8969196478052125,1.027903067857578,6.712629575124937,13.373737478311199,0.544985482595584,-0.051081169379984255,0.10614379494245395,68.58510686116851
116,21.057282499214104,8.074188449676615,3.1159962195369793,-0.015109507811267889,4.040019945576308,50.0158231595558,8.632729370828583,5.4265592691314914,10725.021764747167,328.0103006604516,0.05208971426549667,0.4204165161345725,0.040674854117598164,1.033596031640531,1.0027082543141117,8.631777345019865,0.02566632877245914,0.4801030679729496,-0.02395625463752924,0.6427179162547669,78.4315565837612
117,17.958042972785424,4.98759183399735,3.404962109808991,-0.0051712487236098585,8.023332051417436,71.95166991696344,6.6598833186753845,6.350740691432416,10677.026454548406,205.99299230803166,0.018601556029172517,0.8202289773811132,3.006217339854026,0.613692549505463,1.0288096665719708,6.581944702119145,0.006889719384233875,0.5475638416220047,0.06259166877854716,0.7027497658894012,62.91128640058402
118,23.016889077100718,4.156630629720206,2.558539472939227,5.021441951825531,1.0022405752791066,30.972403054886616,7.839032900803969,8.112289149245841,3335.000792867186,197.02930948422986,5.148544733923822,0.07307719975153945,3.885434100706089,0.5026795011903221,1.0457426999145538,2.7062992255227214,13.397419419781423,0.45306011561446946,0.025621420079504357,0.5796546089046652,56.37362790409384
119,24.980480722926345,4.716696593736013,2.2854914858133366,4.038335699650915,1.0006750116473633,73.99555464399505,19.058009107738457,6.772486651123354,-0.03682572727915173,0.02526206581133704,10.062692711690802,0.15307186159458583,3.3281571461953674,0.5681953463905356,1.016416954953849,8.977153326812923,36.16148066450533,0.3703119783060878,-0.03220001509818058,0.17287010604852218,53.17600920218346
120,21.98538623848706,8.459935552927003,1.4252534232435203,1.0171146199259071,5.0229139931708975,6.973400048959469,9.837991233290543,7.5017766557385785,10319.001314136698,328.92443507135243,3.9374521618051013,0.5413015428380686,-0.009546073734823284,1.0376317777759145,0.9971962043277445,5.855373980104267,5.775697284601399,0.23834095981647344,0.00675091622085074,0.5314646329744017,80.68504560188138
121,24.982228182272834,8.41458108868253,1.968463399106525,3.003051696254153,4.988249881714879,95.97553224686342,10.048325740534288,7.53836858623111,6349.03771704882,185.99991793331728,1.7186221294093518,0.474692299313133,-0.014939926676810053,1.0606253206168863,0.9976951637023,8.250583738507471,24.74667300109616,0.3668468749641265,-0.029869511625583836,0.47627873363376355,75.44927656910122
122,21.974080276909607,6.953580880331849,2.2240469205124755,3.044940353109133,0.9435243774559761,85.98950412010771,3.7522096610947737,8.350527512785572,10690.052285994101,291.98816201599783,0.06248429970625544,0.0857571027455537,1.0118087624392558,0.8895111888393388,0.9112890474706336,3.717863758480149,11.321376561736098,0.40132745712850915,0.04181506365148215,0.7535374214431328,72.5855651424102
123,19.001455648838345,7.032480731616612,1.2931868197665723,4.990614905808454,6.014760121623088,88.01948743994939,14.051635726302466,6.2870875587393815,13754.99049876203,333.01190117074543,10.162014056996288,0.6376396813478006,1.048389141698184,0.8818144531265385,0.9786161704050597,3.8352256109969742,19.306288710240466,0.17837827081130586,-0.06809243116265007,0.39217599796613595,70.91575121107222
124,23.97507149650767,7.285866260445464,1.6957472733791739,0.03092758015100721,0.9660679411019508,118.98971846669366,14.224617304350067,7.791045670712458,6828.950203964492,178.9941902515912,12.191030138926351,0.15388442134950273,0.7256065572471948,0.8940144918333968,1.0279772056100602,1.9712476489607103,-0.012803168426359975,0.29677212980375794,0.008258920517803999,0.3679499563205493,75.34719679592102
125,22.008113704773397,4.897190914337825,2.804066902492441,2.9913581160494616,4.9711357631542885,71.03235278583419,9.040084292558655,8.877034308915876,11037.025210907987,314.9974447172319,5.9659534343638425,0.46205941894729136,3.117007928958444,0.6064552430025989,1.029096436210445,3.045519912414359,9.114116678982445,0.4980967521187363,0.007808444192706033,0.5302827040528902,60.49658984268751
126,24.998492856716528,8.639773899426265,3.2218555593054363,0.012930688740326794,9.000006718439874,43.97006726652022,8.760576104566647,7.968715842369664,5696.991721107106,182.97410361721617,3.882541991713592,0.8698886769082628,0.08252845600564991,1.1228780435026353,0.9779629702569842,4.828224608080831,0.005815480474479125,0.5158673556902698,-0.033378886124956784,0.5967662182433382,79.33881179467156
127,18.99283155859401,6.061385092942472,4.019128174366936,3.9965931230562863,4.997146253673396,84.9624423321858,12.140116766858256,7.009609056480896,6064.028291219247,209.02203587655274,3.8081729708175955,0.49568639730733494,1.8780276989092155,0.7198674986870129,1.004937238532162,8.364533672508626,33.458049247380046,0.6190979424762343,-0.00819455614981309,0.4255990365690603,59.35739029186343
128,17.97277309013875,5.85808645444661,3.8077630941573175,0.9983244345204156,5.957637731810531,58.05779036217164,12.65907900505482,7.503957475862272,7047.008432166751,255.04965126664405,4.006657306679309,0.5348671791167245,2.0773584648917365,0.7940767384128592,0.9943220073376153,8.721670499839433,8.789799688566946,0.6201124658539625,0.011266301179967046,0.44609995003572467,63.44878133999056
129,20.98269686008295,6.582492020209619,2.9358659416426014,3.9886784044761336,8.004964746923994,2.9802612561700346,11.630747037820433,7.954345394207235,14686.973496676826,280.97456984152353,10.602452916699022,0.8005713548062827,1.4043670844131926,0.8279915953835264,1.0206880713612787,1.048263443750676,4.261450054378543,0.48897500469970406,-0.05334376901407684,0.43698890263060153,69.53075736247081
130,21.022661736774772,4.23115136553058,2.2544309065756005,5.040345620935421,1.0289841898258314,102.96067263978783,3.976514330935544,7.437661602270084,0.0017473308197814284,-0.04191165069440921,-0.024327996739164644,0.13557230542089954,3.8454507915231413,0.5195962083007049,1.066258442900377,3.911328018048774,19.59091576300845,0.40110557315511003,-0.03838670040033893,0.7969556332591959,57.139438692078656
131,21.01502751562873,4.754419617735694,2.915137454434322,1.978012218856744,1.9661497528920264,65.94773838174684,12.305690724201378,5.049854681840968,5832.039250151011,272.00060009659484,7.592363008863644,0.15684088951292752,3.171749420711162,0.6286013501640503,1.0212540573400577,4.762161915008933,9.525568359234109,0.467710944178112,-0.004653206478818675,0.5456480939202961,59.85808488221825
132,21.970673342656042,7.615035332056683,3.4187961509001084,1.9777930324235387,9.038174499925463,28.03225310361427,2.2806054093119115,5.724755158719907,3914.995525380331,230.99914033016896,-0.01152272754632396,0.9038132089492527,0.35263717792689164,0.900482017928249,0.9798946763629026,2.285465418455127,4.553284656867338,0.5056020129945474,-0.0249918111153596,0.9287716498340226,76.45821984441527
133,18.002979969162876,4.386465234247731,1.3628131314175926,2.0636298069753534,2.9531948752461017,103.9897608645602,11.440872373774178,8.239557568459494,10693.968955845097,309.0351279835836,9.33708643166393,0.28254687885014057,3.556826325317748,0.5914095872373926,0.9976474141572798,2.104398196215107,4.184313202421863,0.19504108065019626,-0.013893895921455098,0.39818661017580415,60.97003407053852
134,22.022541613701154,7.016552223997327,2.1549138817395286,4.02933542693963,6.063519724331129,27.99238870794801,2.075743261420338,6.051433032188666,-0.047659325057899694,-0.036875848571355965,-0.03281967617854089,0.6491983784626175,0.9963634584783646,0.9307317748684515,1.042057847593082,2.0771245197540646,8.298643043739652,0.37746429467144654,-0.0006022859547522448,0.9386524186624838,74.20975372018027
135,23.949917841566357,5.236007852492165,3.477621736205732,2.928446589039209,4.987662187085496,96.9952239486524,4.510207741631311,7.92897484355397,3754.976835059394,201.98386134474927,-0.05079218561494228,0.48290624413600847,2.8052039699700595,0.682639186023773,0.9577396922684707,4.522907590498168,13.538237455479376,0.6430535740069767,-0.027313788923551872,0.7422170220297107,61.151245105951844
136,22.016300805771397,5.886105159137438,2.1801537567245415,0.9830422378236879,2.0043685099048067,97.03038828654009,14.362297123828359,6.5534731242868896,-0.012304087853129456,-0.0644310971780056,10.480226760434237,0.2455697926324575,2.0735210425104627,0.6744314389326785,0.9815482700353342,3.91818239566216,3.891386571822282,0.3660082743054428,-0.0007972991838865058,0.3358074369168272,66.93034880904008
137,17.980121287231626,5.38765720178652,2.722602583905073,1.9456403198731385,6.94323899282543,26.994614104980723,3.7915501378273824,7.074719647110078,4500.024599974077,196.04124950908636,-0.028679457483337365,0.6820763478756632,2.5813629690520337,0.6979250339340145,1.0212989179602012,3.8505607347240933,7.689016035625145,0.4893863188290087,0.00893994039743369,0.7792395825839199,64.91338677396817
138,18.017117960057796,5.834617022027672,2.781563836489267,4.971479279197542,3.9981359180059206,76.07032161336498,19.65664447880008,5.275843220168841,-0.03362547803434865,0.007516338849700906,12.390663780300564,0.4231352741600239,2.22389891438007,0.7743799567405605,1.0388299375961618,7.354188120135136,36.60012296811167,0.43495801165758696,0.023366045570401072,0.17360755012427725,57.94223460674593
139,23.977102225303724,7.543907749009137,1.574309544451564,4.905844560012979,1.0068544653315457,78.00401281722162,2.558290875526649,5.747199451574279,11009.046612556573,273.98609701258056,-0.008432347305603646,0.10755836855088098,0.44324667227533737,0.9962824636320726,1.0182690370682084,2.5425655672254868,12.861818988636252,0.2472375027043829,-0.037374833544234855,0.8617971148270196,77.2430570753839
140,17.945853536980064,5.48834437674451,2.081650987899163,1.9958903126691818,3.997415136877015,86.03185354300875,8.772922680622681,8.838408738758977,8313.959885433675,346.96033185564227,0.009257706568496208,0.395851820004571,2.4365616891251194,0.6452573225832082,0.9817991525434808,8.678555635950884,17.494948402098053,0.2797914663482554,-0.018852116076907222,0.5435163939974571,63.01254347452791
141,24.951173726863505,6.805712716697752,2.033558970024626,1.9657417454251607,5.983107567688429,43.02415719573713,20.85690615812946,8.56877452563827,5974.069944582777,159.9630857182547,11.239000118138462,0.5762841429283807,1.2054070915637796,0.8804907049480901,1.0160960590397918,9.63078097287637,19.35688044343612,0.34442275641202225,0.05769792587734895,-0.020214538950190125,67.4301185452679
142,18.00144254839984,6.413476561638551,1.1003913012313087,1.001797157703893,6.9716030644441656,88.99890658039226,8.454429228432456,7.599127926989358,14549.051765556702,185.01242800699373,5.15940048211826,0.7096928626395368,1.5966007328915255,0.8538671120833745,1.0124287830020975,3.3081342868814065,3.2828926179957736,0.1565245917582466,-0.04446268526312343,0.5403664511465159,72.44595164652098
143,21.007791675051646,7.284705799204273,1.0946224692392927,1.9512463622335243,7.033915798586119,2.982390870419386,1.5132704367413972,6.833043660748163,9557.004234987482,352.96677724863196,-0.021738521656490616,0.6867839421254526,0.7032218906687187,0.9133839715593806,1.0105246530106875,1.5311370058450697,3.1115261434743786,0.20130636372582567,0.0031857011539594146,0.9601800223234982,78.57895920459262
144,24.972870501246867,8.701033230351175,3.4966998350389686,1.0024873555951612,7.000924214049938,89.00995891785699,20.549704174855286,7.671199684334366,3408.950569193957,147.00312016269444,16.82752172038605,0.6793070132557558,-0.009502994268486055,1.0439189633163084,0.9970877896911298,3.71612865853644,3.7039883894316694,0.5682638503032832,0.00084293520964292,0.060313425950519126,75.96078522047519
145,25.01915777376332,7.625350179397611,1.8387618100297958,4.98755251165639,3.046222571295503,103.01530296193621,10.390750714992917,7.495381350266682,6348.998337278141,186.06128834583404,6.795811295077489,0.3441816822412716,0.26128539091331,0.987359577781748,1.0015898292455687,3.5553459489001025,17.840947520889134,0.36065439015405076,-0.07760515482915112,0.5272298238309143,74.4603666439256
146,23.950154398131932,5.080252547629984,2.577524848201903,2.045058588955658,5.984205529356152,7.9828224185562044,6.331903071656024,7.217755250301576,12021.98839477126,262.9895723713117,5.001122398847374,0.6164259068247968,2.946268909341339,0.6691157390595525,0.9727750041838372,1.3488324860555856,2.6339209370236794,0.4871293827274726,-0.014830371492409105,0.7183282793704094,64.01078479941549
147,19.99801760604058,4.213605261376634,1.9394652487282031,4.042340705852369,7.986956159198834,118.00499016597853,4.998184490992754,5.269132650151466,2944.9617713833086,144.97115666668077,0.02601459387121794,0.8193091685572161,3.834779887949921,0.5208237550702229,1.0744061267499248,4.9821213799801916,19.918194424443723,0.2475655446960942,0.00992345791827496,0.8473930749219838,57.91413071180723
148,19.963669514007126,5.27053117897236,3.806314888967645,4.023560368090308,4.024467827337885,4.037086149347788,13.265731617608512,7.487889048457643,6088.008730288818,286.0114602161636,7.78879679971217,0.38825204444163214,2.696880324333094,0.6267782963240852,1.0047099832203157,5.522053448782786,22.041500268111857,0.6510696578720424,-0.006355536243060197,0.3861538519414109,57.60454964774784
149,17.980444916765936,7.001769526647688,1.7951874185407397,4.990201586580164,7.951310751139893,55.06209843217209,17.699449772714686,8.1088782182223,8711.975290706105,285.96322624777656,16.255793378868013,0.7944206495875009,0.9853506036257997,0.9044561625210848,1.0164553684315243,1.4817221113014187,7.317491345932697,0.2777010554339699,-0.014228485623144917,0.17429874428993078,71.43308466634005
150,25.001421960139492,4.313406175024081,2.3750270149380284,1.0595614118578087,1.9635960991954122,95.02563107961048,21.168419126866688,8.969385474213635,22358.97855282459,362.0515995359099,17.61211409860021,0.19254269997946666,3.6817167811298237,0.5144357340313472,0.9934626635071497,3.4938478399709396,3.5445617726507352,0.40273993000775216,0.004685190995103928,0.016128190465422965,56.962077438692006
151,19.974187599041482,6.489723523974267,3.5683308153060422,3.9534089416648053,10.032924549140596,83.05588279059141,9.863658514757457,5.003043939356008,4789.993889640963,105.04210859005585,0.6115156553599048,1.0101171673750293,1.4224304032555657,0.8244204017961662,1.0253593098813836,9.185555307180794,36.69967821430201,0.5596876013428822,0.4540418595298992,0.623676790083334,68.60088571736642
152,19.988463333673106,7.005113913129897,3.48938942721299,0.9578932411130902,8.964841982123303,48.98111877366381,12.443874903452958,7.937378959352389,7006.982752735139,147.99507485143138,9.3292517196766,0.9192541035552751,1.0106146022380724,0.9217449906503884,0.961047011753136,3.1508153661704172,3.1777117657679486,0.6265703499266532,0.22073183740151764,0.4204299410492496,73.58028147339249
153,18.030188784276433,5.671118023041462,1.5630270628250802,3.997486507003328,8.945428469540923,74.02105646756178,2.0783322843040217,7.317863026052273,2759.0623446985132,119.97308120455727,0.0074541965399127705,0.8990924588906529,2.323409707709085,0.6627360570914395,0.9476318339345751,2.0767772124036132,8.32819555642274,0.2975874356395872,0.14976190357525473,0.8518145657492631,71.04049892711049
154,19.982693243914305,7.893801661609119,3.428573859116085,4.067621143267633,8.056055815642193,14.040155585257438,20.74089295297983,6.7268576405568945,6434.98392856101,248.98722690381675,15.338681683265486,0.7762206501745808,0.1041370634832927,1.0147329199390775,0.9990858547772752,5.380516917518369,21.603186595613085,0.5242540979700574,-0.04376969640906185,0.10105058360004476,70.01911343922598
155,22.025070763361953,4.518306485087677,2.4506756680095503,0.9939298327938973,9.958185470563773,30.97311000001084,7.587135246109214,5.531618316460368,7937.013226430342,309.99113003163745,-0.027730903201924777,1.0228171137107964,3.4974099069620075,0.556302539090406,1.061621658253532,7.603521330518412,7.604400565689463,0.39456068137397293,0.015584011754262592,0.7597861370296377,60.4267509516325
156,18.96610879436027,4.404709188829053,2.450097683442139,2.9945026427037216,10.005523581949845,26.98543229663865,21.410723879357736,6.5714474651599195,9893.004365674766,276.0115070139512,18.26343861902063,1.0010021160462501,3.604001505254597,0.5445804014804628,1.0362496250361939,3.162260167096089,9.570882865620039,0.4048718817776435,-0.03533215558762176,0.06392162585375415,56.49431623706981
157,24.015894125337457,7.582404061913081,1.43671846259438,3.9567426893166457,1.002072555781728,21.052137142855056,18.402964721350493,6.380382111307602,15128.010582506759,433.03118896987905,11.34374409557155,0.05677490863687058,0.37440322057727304,0.9654294930359848,0.9757466071080868,7.08311753201574,28.218379928285863,0.25491288182133887,-0.015841027498595294,0.2164105750161756,71.02820093087757
158,19.043247058619738,6.506726492128724,1.194071385966121,2.0283778875581113,1.9156811505014575,103.9707470343264,12.446367252271388,6.248772267914062,10204.012872652109,202.96890462107723,4.674444445374287,0.13594115749760938,1.48501334317889,0.7893584790575753,1.0154826222991928,7.804054388042696,15.690625201903314,0.19964155632786612,0.006028346331934342,0.48458354847063134,69.63423497950194
159,17.925850664996183,7.421438293719099,3.1890427706753046,5.028595287629881,5.991980489304965,15.959766099020328,12.426484747827459,7.913289921774062,4597.026440844598,229.03032728696027,9.286684678686541,0.6089369152638142,0.5950100091530349,0.8897494258921408,0.9809203156650832,3.165415692674932,15.652065333281035,0.5569244989367355,0.0343957891434489,0.4160938037094169,70.48611515201688
160,20.976093142335884,6.138501761642676,2.449864906825178,3.0236722560419973,10.013452397484373,58.04583944720918,7.589359589202077,7.744133600206534,5563.007993382269,217.01853056838434,0.08127070991390818,0.9751157860336689,1.8209002972429467,0.7214741568390797,1.0127925006233292,7.501619407086066,22.668046810027143,0.4145436868283891,0.03857440752221132,0.6171192058447675,65.32350202194235
161,24.017312163815415,5.234772221948677,2.3610762060554538,0.9811233798145791,5.010629281445566,89.03590289674942,2.885989722560356,7.3390340145867405,3588.0067468738466,-0.015233684724198192,0.0475421892913536,0.5129318638818936,2.841365751198853,0.6869528812825765,1.015131816287381,2.906116469128299,2.8725436052869076,0.4016865018855943,0.22607056517037175,0.7854049618164969,69.0451547838701
162,17.99390863841871,8.089912357839568,3.2140693423444544,2.97879879694881,9.027105620514105,107.01296360731952,8.57972751617713,8.722297985824248,15090.001754312054,461.9673986431297,1.8906115204447806,0.876731450734082,-0.0068744352891886885,1.001349834446731,1.027794373626944,6.665620568315842,20.066934375733748,0.49229737930270623,-0.015284754383208123,0.5327779677151777,73.56205509274355
163,25.011134376201138,8.012764697997207,3.2852412928539154,-0.03879366751214911,4.988375260552837,69.99862867736063,1.95348030303234,6.395021148055813,11681.99584746443,311.0034869815188,-0.02039543803960353,0.5039955731748502,-0.03134356612696247,1.017098212370721,0.9530300890852718,1.9969896679250503,-0.04363267749283435,0.5492202535834491,-0.03601925071946913,0.9081182013523832,78.9557710872082
164,20.981880444398524,7.5359174077093565,1.539841706669609,0.002516175052828009,2.0213751332627647,104.98684426483184,3.483393714110978,5.968877470485771,5812.97264606355,211.96821234548895,0.015384586909746763,0.18864795416113728,0.5010694037229029,0.9229490377535503,0.9620323603343545,3.486359229759515,0.031222585725338835,0.28450367891153666,0.05875890358923118,0.8896154747932165,79.22231334533198
165,19.002597693624185,5.358849789083086,2.7708170644971997,3.967587780121645,9.979320127957598,56.00845846621427,9.677277298887917,7.625367951868145,9410.998173948678,458.03071042547487,7.923241778273311,1.052557624308199,2.6603447333776673,0.6401471848987513,0.9977328832628513,1.7696373298130108,7.247522387740682,0.5089992860118765,-0.008696577209241756,0.549260579147014,63.467858667696426
166,17.995329682938237,6.978716769927174,1.4121986610266801,3.964677504842521,3.9576859775076167,25.047394208722046,4.4993311719610425,5.797916018451622,6222.007238021258,289.96628351683603,-0.02577311940570925,0.42850946973455933,0.971265806945988,0.8945693782981742,0.9690272999300634,4.530758556195314,17.961639799134044,0.2385245223817034,0.020334859657383623,0.8574258107875259,73.16546769152426
167,25.035033461849793,5.791343539123728,3.294821125971275,1.9872892784926797,8.961068148729563,24.007156983784263,8.424311737599766,6.30079217765111,0.012064936697183849,0.016431185794894318,4.603215330463224,0.9404189070056349,2.2265752224139845,0.7348388772117447,0.9667083379004523,3.9103199740412915,7.749053263029389,0.5470259461339705,0.005903405503345897,0.6044871715892343,65.09674444514454
168,24.007632625299035,4.476487394366267,3.019160314196409,4.985325314744474,0.9561366863441375,9.06500877801741,20.34131529758699,5.91273645799159,18060.00540854319,246.99758150905555,17.684940801965674,0.10072143307357198,3.5400788166836183,0.5553930253803773,1.008155721376688,2.6937618573086537,13.385011426817652,0.5410410290785471,-0.014868065471467259,0.12636938834757852,55.601395032441374
169,24.010128079862255,8.652048097275104,3.898092793824416,2.9838606441353415,1.0302875790367358,43.97306174043079,6.4775755846103085,5.293730148335808,12668.993011349596,266.98318125346873,5.111026938252182,0.12467082817344644,-0.010800445794764583,1.0840568819032441,0.972518933066609,1.3477651816612388,4.104602615268442,0.6469721487278896,-0.0161386804637225,0.7710929901249776,78.3853422358854
170,22.987643691016327,4.674296837185197,1.1564721632666632,0.013993337905207839,6.954562794728243,81.99940957737016,19.978219779381757,8.344954713716836,7274.998287602904,334.9969150548104,13.682279805266363,0.7027495023280342,3.2789782626684287,0.5586854633126799,1.0677297067116538,6.34236902709775,-0.01839771679431037,0.23433581466317907,-0.04149374993139563,0.1039855595751886,61.82725545365753
171,24.985371813277826,8.783333596615394,1.2022672911801011,4.002371434064508,3.0082211652194792,9.988808239970082,9.541492906109722,6.008336937487112,6434.983390605464,249.03239949508904,2.4198467364728162,0.34408774102301176,0.01724870048499758,1.1318179932366594,0.9840050203811829,7.059581707932595,28.385841173820168,0.19680070030595384,0.03367275940276998,0.5964869823240186,77.808590546
172,21.98702325436541,6.206131670948089,1.831465924256261,4.991355319084667,9.992022274177828,75.96744575370514,7.274671981363627,6.852143676699245,9572.00939671973,224.9642322777302,6.110768696764627,0.9978231380423118,1.8105965031841247,0.8137718391560342,0.9918930374737692,1.0824610766754859,5.788041044490129,0.3011999571975866,-0.0036159193291301944,0.6390413138942224,70.12596343112702
173,20.01183356427135,4.863935514217718,1.7991235078243806,3.0054903878493446,1.9969205427964811,51.99540748800971,20.50076300142508,5.2062091097389676,10816.993366153163,379.98763530334423,14.985987868781255,0.15807531978917622,3.1208432251396263,0.6352791371401076,1.0089262162155141,5.5619677486177626,16.77401131499153,0.2668584488050917,0.042887200841260145,0.1282059839578154,59.00301775172605
174,20.987370465575392,6.688129578647312,1.7232534536476725,3.970254188766861,9.040908218855991,71.01251987904982,17.145459112892727,7.804075252443243,12015.005416828146,-0.022552306940615642,14.10255821401968,0.8400413542423819,1.362211282944694,0.8263404272271899,0.9547613385656276,3.010802335691649,12.159384758157605,0.24585485661742323,0.2355994749992708,0.2213075446366226,73.02168652058062
175,25.008693245706894,8.409523597837506,3.6686341154297786,4.0031583587172905,2.986847178983542,103.01572690539857,2.683726797171152,6.324180536236968,22026.030024091302,366.9988414859935,-0.022660224591816772,0.35004933358693546,0.005011396601296912,1.0517804038405023,1.0152551353649604,2.7473548934772842,11.056436017991455,0.6460105504006614,-0.008940615109785052,0.8678625855833516,77.1972586434621
176,23.062262023959363,7.690014187868525,1.6992121762019043,0.004518074785339013,2.0183480468464907,67.06511356536834,9.056453746632872,7.9610001023540935,4934.97871923271,232.97945957322463,6.467521600253857,0.2143551342245258,0.26423325453131674,1.009565093444043,1.0102440294950166,2.55625255397954,0.04009469969503148,0.33501790559658906,-0.03399792087107062,0.5269816103750827,78.36866654795875
177,20.02613374110295,7.997198394233002,1.7812646863473427,-0.04509140578072442,8.001126900541433,110.01393402409171,16.829784863670557,6.631494340006893,5992.017900861428,303.9469575627284,9.691626839824503,0.8163277055012523,0.0019992000650527267,1.0384349865283353,0.989520834538669,7.206726645883605,-0.005421819025118306,0.3031713755860018,-0.009343216480094563,0.29882236774946236,78.36794715415239
178,19.990219294034965,7.284120036626549,3.322409425203141,4.029870812631111,9.995439432831018,94.03450410411038,7.425523680422675,5.805401670163126,13755.000996305396,332.96834587359206,3.013495833492791,1.0446894352687475,0.7072467038261616,0.9723160727152618,1.0082178192278886,4.461122968236106,17.891057829587602,0.5450142547971673,-0.037203570521989665,0.6940628279803432,70.8565645142626
179,18.036036417664917,7.454565890724577,2.30094474686786,0.9735569888431901,6.068999073731594,27.001982827388968,9.527745150862396,7.0795396739441285,5273.060635807988,194.04913265055615,0.08038185101475723,0.5504479516882214,0.5380150591126475,0.9140844344006048,1.0128484753847191,9.367080455465626,9.42410159750004,0.41401258065935076,0.012079843675385888,0.5616932732534216,74.55311546499723
180,19.987757738809353,8.209647796340176,3.320702210290098,4.002709293976193,5.9567597476285385,74.05034166801357,11.47858047422904,5.543514702172399,12763.993510990145,331.0074018463386,9.282831302811633,0.5892419635430457,-0.005902931862831094,0.9988936314803859,1.043055721369009,2.243452198342259,8.961243016987819,0.560120949974434,0.003234276353736925,0.5690795450110727,76.00814686437646
181,21.938856263944665,5.252647992149417,1.232631312784736,5.0349323522160585,10.038673955063123,106.07195347856764,1.474529297037539,6.783788848163364,5245.020854937495,285.00637086161424,-0.005507468684794777,0.992917905111549,2.787727964989138,0.6540311086274633,1.0750078440394026,1.49205975739646,7.583268673727309,0.12805032243118447,0.04424627887894842,0.9715554067141741,66.99856273665704
182,23.96975741067248,6.400552048923504,2.5207485572536417,4.027770302731416,7.019692196964699,64.01593255392928,7.693961382824956,6.287070886117792,4676.000460603553,225.99152162829975,5.639791203087742,0.7222682569962104,1.5588641801150018,0.812206872718889,0.9681549703709599,2.0003713836288806,8.021752463721318,0.44647683700052554,-0.04373267445243738,0.6566661258609731,69.58223775056902
183,22.943876242369225,5.106757923517426,1.1081935530288094,2.0010300016570652,6.9856142501610465,47.97022022953645,14.066131603380729,8.653945681902345,10724.95835086475,302.9984512372767,4.800831789953926,0.6792207932469735,2.9164223837619243,0.6332313250482131,0.9610795777017537,9.364183203248245,18.608511644964597,0.14322620543708398,0.03648005690180918,0.27496280676542184,61.34878944484574
184,19.98945459547876,8.920781682653507,1.1700536322446577,1.989125029913538,6.048879555523248,45.98353584931669,5.1631248689944504,5.234738609470371,12573.984379327134,241.98710564231507,-0.0483654705197603,0.5639587876945563,0.10044621556616926,1.1008094671649378,1.0030824883392404,5.192735039063339,10.439156566414042,0.19964838999161613,-0.029353315594764923,0.7853282309126217,82.76605435534512
185,18.000552551375687,8.6619200851036,3.699916416679993,2.028425357257267,3.944556696628344,51.008458029096154,3.351016334289903,7.816309715498247,10499.026414133163,306.01580785593126,0.05196616019615459,0.36368954047008684,-0.006677729520118161,1.1255218554848738,0.9376324455796188,3.323230601410086,6.597680509593819,0.6034220742222061,0.010326948142118994,0.7976380584868441,78.58217937019138
186,22.05029311936826,4.251075439743889,1.3840072879395249,1.0202408493342585,8.984347000281028,101.01369494105752,19.42403135589618,5.718788373885287,-0.012980833818248192,0.0030242656277811894,12.431609039699518,0.9344825422881606,3.813558648635658,0.5222780372835858,1.0194824569547651,6.9637319188611055,6.940145371993085,0.21411357604921322,-0.034363156416894004,0.17145109704553918,58.274975528742765
187,19.009807821212924,7.506069863892684,2.589678081298873,0.981449049398676,5.963745533871927,87.02095275403153,17.79997039114416,6.2910993764164225,4877.933392310555,203.96486195369525,9.422252792030799,0.5777240371859065,0.4835650144005511,0.9010436574624503,1.0033924228921858,8.310303976544118,8.340498855439796,0.43474145987097756,0.006083209408631106,0.23588666281183418,72.71866499180955
188,23.993426984135734,8.648955706972673,2.188763975477493,3.976153190589949,4.012362503946144,53.0138059304369,17.479782053695455,6.635879610061373,11610.999057909492,332.0076117350931,11.519940105756646,0.3834394754703457,-0.038438547599875215,1.0420093273919342,1.0110185979778412,5.996129002785125,23.968016496177402,0.3934754927915346,-0.07531788765296948,0.23644160059133346,74.53422553812176
189,24.024882167435504,4.878009010134281,1.9706022327565327,1.9378293445491201,2.9666080769643846,59.00020954748768,7.489030037017555,8.610221028894488,3843.9672299110616,175.92623774230185,1.7060476066351031,0.3190349445218371,3.1130270781760156,0.6199119297540051,0.9908928419464016,5.790631640824557,11.528544631939862,0.3342729667236654,-0.02011744645981996,0.6254419727201513,61.755000489973526
190,22.933665940729764,6.854541857676734,3.6412798423259805,1.0046209552505077,4.01299191840224,55.980914046763935,9.357213032834338,5.962915362964283,1619.0039545319778,79.01241577599033,6.221857251807978,0.379031637752953,1.200845648503116,0.9400795745473506,1.007650472979052,3.173930751023098,3.1666901364692888,0.6589635094682755,0.44603713932040084,0.6478691398862403,76.91973025183262
191,24.007068436743257,8.623254664821044,1.079955708550167,-0.00248093235055196,2.994406907525353,46.01203414783793,9.00234233141688,5.345881848698185,0.04653441244194055,-0.042280705705095636,7.14778334786284,0.24885154731733072,-0.0715666242919747,1.0457216876876445,1.014167187329316,1.7988246326525257,0.0317118484265975,0.22935335967875609,0.0526633985538546,0.6051485441184032,83.31814668499496
192,20.02312595581661,4.216591202575571,3.0058013835577246,4.034085741239276,1.9856193817203174,30.05564962072442,2.2481276402812234,6.2939355547643485,9601.023083719325,317.9971183474149,0.057366012618268014,0.15254896478825303,3.8483008614722034,0.5155537779398083,1.0060007021699977,2.225525736651642,8.999848841223292,0.5457461291377836,-0.06384044138786558,0.9429613944012247,58.65599100717475
193,17.955642412626606,7.507020733630594,3.859554688637175,5.010771652804411,5.011659417380999,104.03059785816284,5.7132281030866885,5.3795589724536494,7937.0460996748625,309.9641611719041,0.015192734908420383,0.49829577809853626,0.5124789312901135,1.0096441432579812,0.9596470415361237,5.715669599372309,28.562789118909823,0.6483245776156227,-6.833522606298902e-05,0.7497654634192024,69.12624095987147
194,24.03431262129621,5.492544141457767,2.700470467094149,3.0400268758251805,1.991941351281858,45.016041118489085,19.29174224583292,5.512976888701432,3408.9831546393566,147.000084695986,12.628985641413724,0.21491985291095667,2.502216866503108,0.672971578104846,1.0051601748160457,6.6347067787549365,20.086657170243083,0.4356534639318269,-0.015562335804945534,0.2206420635562351,59.99938431508663
195,24.010154892224833,8.636015949754215,3.857008052729329,3.9790790731625147,5.967340954708229,113.03088700771468,14.69860125704356,7.303975242905265,2816.995705009991,90.01734835557829,10.633378961859686,0.5939326426844874,-0.012659305922769256,1.0886638252381422,1.055618940581495,4.010688289585268,16.21282657387747,0.6323224076071923,0.3685809207959131,0.30829702573024603,80.31872758182101
196,18.987541362582977,8.904210796095441,1.2306916966575672,3.0341445099290287,3.0840411896890494,24.988868079132974,12.86820783719785,5.18567601265041,-0.031333085904233386,0.045084812557487405,8.734421343898163,0.3129132811142721,0.01215882331479276,1.168777321677737,1.007226761754396,4.2020922783920005,12.452809281544173,0.2337596651733698,-0.03374485172927434,0.4841841950750426,80.79420308778765
197,19.01898345598319,8.640987908892384,2.3493062452736155,1.9841325086268604,5.985384984509126,111.9847520456175,13.683316473586563,5.106769285384292,10139.979478696649,316.9537592703497,6.197180293160283,0.551614874219771,0.01354187857248105,1.0589556395728852,1.0041116683830449,7.548138816662702,15.097253168856433,0.4152942365885011,-0.014133318786115878,0.4372543983063001,77.63316931092537
198,21.06812078573413,6.36648440614879,1.8117338363079818,3.0233278818537683,9.933471727595439,112.97756644686902,7.8956668367674006,7.8676709861414444,5770.972193455032,288.02926418867014,-0.004344824821804126,0.9536408937709567,1.612039641211801,0.7907221933393532,1.0468011297367248,7.984504116821489,23.83110140540955,0.2221437696487407,0.014012303608298238,0.6419323422834795,67.14435920618959
199,22.005455987651754,8.294424627434218,3.2350252946895934,1.9562372482240793,8.974737039308359,3.996241401316917,3.2296503999417476,6.462861839798822,5369.960798310924,176.00393458116133,-0.010181904460998537,0.9676180774888272,0.03203979133510468,1.022969021990964,0.9776315332670539,3.2959895310452363,6.585829846561281,0.5425088115520844,0.002636950850726172,0.8407971337146039,78.49145958040228
200,20.00744661758901,8.209299969494966,3.878281058085966,0.007054058980985655,0.961981699348818,82.98733982309872,15.602485243017492,5.493870783741995,0.04097569875994021,-0.013520014584738721,7.543717211115582,0.13698352816410042,0.03885813701500036,0.9794631391109841,1.026690329202603,8.03069942201384,-0.01849536161774536,0.5789596265141893,-0.03937451841398632,0.37885102790094727,75.99400644235102
201,23.986219173013794,5.5983023453330025,1.7806697919893406,2.9404593617566226,6.024784368481216,51.036248242219564,10.400790178623499,6.030306646134421,15111.93724119115,388.0227956951518,3.6803185327616035,0.6230691567569555,2.4601677919085523,0.7470809783706588,0.9840952794084348,6.769012438220285,20.369053135039312,0.2994279522369801,-0.055021054361289096,0.5336650467935051,63.70282602854701
202,24.974504668916055,8.136569123693809,2.917825793815876,3.991985875421747,9.009649579787748,103.98574029746953,5.4375417604110785,7.566720512282919,6064.041104167144,208.99292225446743,3.688400851254593,0.8802082598779668,-0.025105265473461653,0.9949378698459039,1.032597500300354,1.768696101186984,7.050169535704577,0.4841298895841412,0.012529464426995433,0.6662980538019804,77.44054296735558
203,24.024910074496326,4.141466944078841,1.635584364221269,2.0132106198163373,4.01196138405371,73.97591834851325,13.227236402708328,6.100409587362251,10081.037381767748,285.021525915492,10.848771972862608,0.3928598142780865,3.7827973545869833,0.49871262972534325,1.023941444634027,2.4981573525773957,4.8910168424009886,0.24155907181149808,-0.005858020509352448,0.43000899913450435,59.50260000418073
204,17.974317485222734,7.004307638095155,2.7462097193945967,3.984370943463067,1.9888993260248826,119.05827731536492,18.425805623700604,6.987549616069597,5161.014993780264,246.97023190860617,9.392420984570814,0.19994968048599202,1.0108354650112492,0.8616669833578874,0.9876316341001834,9.111753864438738,36.354931363455194,0.4754776691745093,0.04834273657271254,0.2052271353886442,64.10018109598754
205,21.002146987116582,5.145460623238385,2.383404682639582,0.968486871137321,3.9916194925882924,52.98645874306756,12.004692101624048,5.517809988862025,4362.9665647819575,98.98101008903112,5.573318043767025,0.43943038341149576,2.776627274237866,0.6778649421546232,0.9920211662100117,6.462865846081712,6.466904424285229,0.38058141719788247,0.437110819215191,0.5163564354575153,70.02346007669948
206,21.985670276597048,4.622791368864525,3.892381448808083,2.025383554078878,0.98887206689177,32.00460585371751,20.833323047876856,7.329728459927534,12464.952534746657,226.02830800158384,19.769944856622452,0.11208348299335276,3.381459547828834,0.5783868061102364,1.0293343462425468,1.0776030524736784,2.161285955888635,0.6497148605546481,0.034296926900889216,0.10465285155871416,56.45431643081268
207,25.01436939477239,4.39716623856674,2.777384136589271,2.996896116304592,2.997564204475936,49.013539684742305,2.1900457910214675,6.245395343824451,9171.983547889562,292.04456201570713,0.3288608702380871,0.315777414038634,3.6142568874451984,0.5262500108370891,0.9443364729633005,1.928193593418415,5.735143592384731,0.4386956311058832,0.016315142607651434,0.9008084600544205,60.62653282317738
208,21.010009863158608,7.512588299160724,2.0114796065443246,1.9853128805890798,10.025060003060945,36.965899206432375,20.468818005693173,7.489933105248124,5652.01875361369,173.99894904302542,13.451070530749861,0.994970351946475,0.5270252706493955,0.9497744953474516,0.9867421267031591,6.955554643753785,13.897287014994436,0.33554499005388105,0.02464821256585755,0.0860272898167218,71.75034097280941
209,23.031126198327737,5.674083511182308,1.3337479763590974,4.001256877634629,9.01008226237516,26.03706451308509,12.795385699046124,8.220034068515742,9769.000091909124,258.9163813322393,11.785506055184735,0.9237799520052026,2.3382778385833656,0.7368778409324572,1.0186125245087354,1.060508486928402,4.161539002073839,0.24545857905421467,0.01297237425618809,0.3902200472344419,67.33099275089747
210,21.984699508034357,7.638383947949732,1.4477168407835688,0.07910007425836765,10.015003384888626,97.01911357121233,10.925468158556855,7.492787027742393,9892.968695015146,275.9940285215217,8.433702453954488,1.0090696824229382,0.39422156758727234,0.9492870623629173,0.9907567968581504,2.426333798027606,-0.007151163965685776,0.22366369937557676,0.013629957621731734,0.4896756526109852,77.94323275254334
211,23.991903751941198,4.331251739921766,1.7122831559192675,2.034605085493446,5.014986767247476,14.046751520356423,1.3221322446221426,6.197181759579895,6781.03444614354,268.0009727835347,-0.07218834414090534,0.5013206819823705,3.713894588906139,0.5304571721340302,1.0040459014062078,1.2993823733754373,2.602822948310098,0.30253142874830097,-0.06875572035672682,0.966237542808718,62.84531061026504
212,23.97063708852653,5.617506329090356,1.7916998468484258,3.0348772100456354,6.026533273121452,94.97962334188345,18.437623475462406,5.986067307644935,12465.050531499846,225.99301679869922,11.309448023578918,0.5777074748344119,2.4072827320768133,0.7304762781514665,0.9387654716301879,7.196225615247744,21.655500415650035,0.3016945873262668,-0.00710737804332257,0.2445729902996645,61.727122883517445
213,21.986671202197716,6.696114482594097,3.6034018317590006,1.013066389569771,3.0086445012462075,60.002973773774286,19.631681248193757,6.291986591032339,12021.99320202508,263.01009015684997,12.694179514078737,0.296592847736951,1.3005297233553994,0.8321244426045967,0.9743656571299136,6.854458444200575,6.899484076116975,0.6014195921413201,-0.0199085483828993,0.19774561432136994,67.00049547142497
214,24.011319014791347,8.017395718558854,2.7137698200502287,5.004994558177314,5.010765442180367,20.001180672649827,21.7747134513259,5.671183016728293,2997.003280107108,155.9856927021721,18.82735139767518,0.4676140188866013,-0.024480274956240517,1.0482457451887006,1.0203835801645542,2.997911955390452,15.089001173125855,0.4394877644858408,0.03811961509628637,0.12649370247420905,73.00713332240615
215,20.02270965849936,5.578793222960379,2.5943539268368156,-0.07188246864991249,8.035664187235795,45.0079166548305,18.73691601001634,5.692804766572016,5163.954734539491,237.02516612582033,11.347432547819324,0.7987958298203914,2.3717036673239247,0.6772709538372906,0.9774697786880676,7.4603704538610955,0.06500225161609298,0.45653554971459176,-0.030050238665360048,0.2720581183426065,64.82705543130481
216,21.97233504027467,7.125666669770621,1.2968923943978266,0.979630589606106,5.980048622459907,67.95636155754269,17.626759478270085,8.138239798775558,12311.987568398517,279.9649986018181,14.524654990450234,0.602667340738947,0.920000243398679,0.8640725960271762,0.9609262086753396,3.1084069147543683,3.1419242124431896,0.23679420094980438,-0.008408412458310997,0.19945135799334077,73.58232720662869
217,21.02608817760317,8.449484426829718,3.593583744973361,1.9855827676039257,3.974327722601455,5.003325091360766,8.824281331033925,6.580348789985225,12209.01531319934,251.03710546122062,4.847713143532891,0.3278644484618106,-0.02498458139652606,1.0228860965974698,1.031848255988638,3.940142342301647,7.888399222647361,0.5959969549134317,0.02402597167910228,0.6649278661922617,76.67062331984272
218,22.040669135764148,7.132118316799375,3.2291094860536487,3.943753238078574,1.9644223520243944,36.95720608265729,17.433187937822904,6.7215987311458045,11388.010645696208,272.04650236471883,9.704543477573102,0.1930898138269849,0.8466924352551896,0.8803346062993005,1.0154705216220912,7.69001617648161,30.86744692289982,0.53941368202676,0.009028961769220868,0.22834776881610203,65.12018557487146
219,25.01240304709671,5.178111925905778,1.2125627988038248,3.965277526293537,9.005487436908608,61.01075002213591,21.547745380748946,7.408640004480882,-0.015230035476291202,-0.02739179214180922,14.708435078360747,0.8647235938618623,2.7990471603012943,0.6500751218409896,0.9673439994154873,6.848102972525215,27.366934122722068,0.22228928483663268,0.00501922467769824,0.06879352454699325,58.63393234228763
220,24.05630387437674,4.110842519518193,3.106617506132121,2.940574905872321,0.9443880327634263,84.93614052626444,4.636179269956366,7.397659695685928,7212.991772694746,262.9725920052319,0.023802889791074353,0.11495917976550084,3.943657209064493,0.4727309227128155,1.0041551153329629,4.648697462058632,13.927885476154072,0.5329122431732958,0.0332759016351776,0.7085784966118428,56.236510448186934
221,19.976786324026893,8.36120575368724,2.561871448367232,3.998850284929079,1.0138646228817902,60.94445239497128,14.327337942089477,5.247996137264931,-0.013416322096336555,0.012320859413325844,7.436374668385621,0.11911479230652985,-0.08384551315206726,1.0529027180374255,0.9683215661582414,6.862982920485379,27.712929604935194,0.42413423311172094,0.00780249440923406,0.46216219134383724,73.49541628143483
222,19.962660358900656,4.1171717093352695,1.1886426077036054,0.02456297912546448,3.9967242071649833,81.0245564614932,14.595902422146848,8.303301123303285,9104.991646058588,287.9643833877077,8.508025047906909,0.38720980547004047,3.891350091805395,0.5294606256185787,0.9954262282937315,6.072846385369579,-0.0026721730636317695,0.23497123523307337,-0.01634802860712231,0.29752667074613676,60.00184838877671
223,22.946638392532872,8.413518102385877,2.426960074810175,4.03320323555873,7.034039190994632,76.98359484634416,15.65087455736975,5.701716037405565,3409.0126970440756,146.98522191386692,13.773753680965378,0.7164706626136574,0.02025644595978698,1.0060352533562091,1.0052796456857638,1.8144327147156931,7.385694987324766,0.4259241345593754,-0.03888808068952572,0.38810401772016767,77.58066360852014
224,21.044881329344676,6.543905509814035,2.501130897193718,3.012443533862377,0.9798424806860503,72.97036425779103,1.489253153018574,7.857341168379791,2546.9409738874388,150.03307580869367,0.012255481949633044,0.11773200809005184,1.3452951070035564,0.8093648572085734,0.9757451080239882,1.480902893778544,4.567726812943572,0.4800038372306832,0.01460105233628948,0.9083019980741076,72.20653046957248
225,19.01963096969062,8.665146484682628,1.5197859440876742,4.971098109764043,8.993900451437474,45.038125368632265,18.408473240823998,8.093631016355083,7191.997769514555,294.0221282029343,15.014334014892627,0.893108524817647,-0.006399987486032459,1.1045245718570693,1.022269988005757,3.3893438651938945,16.93116651800985,0.20291291736738398,-0.023103127852728507,0.16903290149339298,76.99816475111942
226,18.998332459872685,7.991505833097687,3.852995354009829,1.9420380452444013,4.033666099998801,12.009828786519853,3.1398655461086964,7.853830442644399,5664.010499266069,228.0594058902507,-0.030117660531044935,0.44602860925910975,-0.03418371733657626,0.9673174220237224,1.0269205510696497,3.147277406262646,6.278595266037663,0.654392902512818,-0.007234161422115682,0.7792842986006052,76.30529968233755
227,22.008399058789596,8.990974207585776,3.5311581820762643,1.947293939017955,3.0414940694033445,94.02616270586601,5.727033709362941,7.330817400476589,589.9828854594308,21.005123524428008,0.010770833172179403,0.27824775188980494,-0.030215343420206573,1.115520644342596,1.0079069657469957,5.658107841338975,11.350045761138393,0.6178960198408363,0.2442257157584965,0.6752775045349879,81.66564772417095
228,22.96623532858105,5.763715691937436,3.002794750130992,3.961930522682365,0.9795954290274455,92.99501273783038,20.402835135816083,5.101908303686984,7364.9856200086815,248.98167485993164,15.854444152443042,0.144140971097595,2.1879274537689395,0.7576455070680139,1.0124194645462121,4.5416054751088195,18.151185431998275,0.5301550133477857,-0.00663820919445839,0.2056636589932986,61.26501456662479
229,18.073372559388506,7.811669361880566,2.384670324894128,0.9733342090589298,10.005453436977614,2.080388860817,1.2567975522015495,6.46452454942311,7141.986488166775,321.0015373053496,0.03435004435565955,0.9932440171245038,0.16630556329603507,1.0288554828937806,0.9564151348489377,1.2672776415868585,1.29959881890183,0.39241860829356245,-0.01332701884694477,0.9197552221167311,79.40032474424117
230,22.003876635459257,6.007544208268215,2.1233935121183234,1.9952075450602524,4.008832569330521,92.9818645841832,16.319451183331296,7.43467719326237,7670.985628500794,362.99548234981773,9.60936707253681,0.374700209403221,1.9638109789054456,0.7631974563374738,1.0408656168053059,6.6772633529683,13.369366631495042,0.32577196873220543,-0.008388443502233759,0.28157463950639045,64.92205423912492
231,23.003281843838145,6.394171926040645,2.9949484523258145,4.969575073456191,9.011209602168634,5.0523348664807965,19.918390454833656,6.491018547610962,10688.000176513335,259.9959032867239,11.772676725039254,0.8894535457258685,1.5982230474537396,0.7949224014251717,0.9972602503583059,8.134449033186657,40.772034075203266,0.5461896383250249,-0.007578764077313986,0.1314644497812076,59.43517356642274
232,21.021772998716962,7.077326254995249,2.5902196251254948,4.010169276810048,9.992122730220531,91.998159018797,4.6067122401556055,8.46330127946307,16901.00387008274,426.99928588875713,0.006345127870145542,0.9670183231681203,0.966814171816071,0.8724580593809281,0.9719423090462376,4.594629701973864,18.341750343386625,0.4188810100218856,-0.0297359593355228,0.6791989976183899,70.97057853132385
233,21.0144302769521,8.431461213792497,1.2117109858318613,2.993031794916016,6.038441501943709,6.950364688152618,7.235810312549859,6.291678829821136,-0.06301542948701398,-0.027953001265387092,0.9420101728196741,0.623536736021676,0.022732299523435678,1.0773226229631465,1.0043750743736777,6.241182839345362,18.582252932222254,0.19113665342053798,0.05032074395530039,0.6844144722485949,78.91764154648378
234,21.006716520728375,8.94966221339265,2.495382843190759,5.0003163713522305,5.943308895491354,43.01448546237244,9.029235208871693,6.079684324510595,6722.019586411144,230.00846653264912,3.585648660279746,0.5519169306577417,0.030315983011150644,1.1465021919734701,1.0223640997716665,5.455889270838332,27.16371370001443,0.4786631305012005,-0.016479569163927156,0.6312785652925654,76.17336976256698
235,20.97628576633664,7.785493155484604,3.3903884482168962,4.034207516580136,0.9873660929559674,108.00944287684365,18.74404815479179,6.080681476289269,5001.99130003347,243.95774010196723,15.996296069790775,0.14168825661306478,0.22391787315256553,0.9403069260864706,1.0153704870116191,2.7989886156427732,11.05080237293843,0.5284732406599099,0.023531623781316797,0.2211659611378049,72.25367066900256
236,21.01414405071408,6.081634992485355,2.346618032084783,4.964593047973989,10.013437921983188,105.96846034557282,11.927638200038867,6.325219242757306,9129.057988895263,331.97849520176277,4.431462311408017,0.9719239839476062,1.8790745916196239,0.7898128044783179,0.967459289056347,7.4599842938603595,37.51444317531821,0.4245666388085562,-0.030553774626889782,0.46394076159211767,61.380858846197306
237,23.05646073489425,6.114736229962359,1.171800965125498,2.012561137348771,2.0137167443584802,106.97233342168596,5.606632086984261,7.204506149909312,6338.964250543833,238.9964336371058,2.1185230350257886,0.22509960115537864,1.909324966873485,0.7442886109482133,1.022729136685525,3.5066799888995077,7.046804665111131,0.17738637035086863,0.016485794660415925,0.769015423398808,70.586948438503
238,23.04036260138465,7.68925911860759,3.4142995312240165,2.999580803145718,6.0405827709184425,31.99925907070745,15.620886868606162,7.854033857517359,10034.973980564737,229.93221340062033,14.419375679536964,0.600726775831814,0.3329308278282698,0.9367133267814327,0.9981802275460243,1.2358007728670248,3.670579201303661,0.5433946819660478,0.005080671125767861,0.2687543796506739,73.39961758192752
239,20.047795598799183,5.195818083980103,1.651477228933981,3.9899954115709093,2.0359467617960387,80.01049243445743,15.444189490198667,7.70129117701822,-0.006087269357497834,0.023069746090347523,8.59432340607082,0.2081244584914879,2.8248501240334534,0.6453906738934871,1.0150361254715237,6.8544994884110135,27.235946100491024,0.27169624852839774,0.0007509621782506645,0.21964527499860165,59.22974536774633
240,24.984663529707063,4.62218959455174,1.7970742384876313,0.0265576896259788,2.991433751240783,110.92588010151361,22.00389041066325,8.253256921865132,7192.012396763491,293.9384053647046,19.351915246091693,0.2822986988616791,3.405836530221052,0.6047483972768709,0.975953454982561,2.6135093274706374,-0.008445403715616081,0.3202912439678477,0.005248100066242002,0.02796892162694393,59.955319991461494
241,18.970311855392243,5.742719317374781,1.5098343322072236,3.0263704246367102,4.038996137305918,74.03159364357572,18.33080220775965,8.528864241462154,7625.941476980179,236.02008763072695,8.891547135516594,0.410584240009994,2.215601394825817,0.7342821597451902,1.0313773476815995,9.433340536615013,28.397044444284706,0.27850602115675277,0.012478781263931402,0.12966688289179676,61.47054596173556
242,23.99622639239701,5.43954906974558,2.028574344708584,-0.028394723879652844,4.978578747686677,75.98516506078555,3.637605546163546,8.231695905267754,923.9751269984365,44.96121572130215,0.012687858255338557,0.5040492286565259,2.673886218955074,0.6834699499437246,1.0054814657879447,3.606960279955434,0.005012725377621942,0.3657775284492412,0.425942929882189,0.7498843407777357,73.90884707014658
243,21.00167174736866,5.50218041572988,3.275673181913992,4.994535182484262,9.027926621483756,48.96004757546805,12.662097393920298,5.084338829013686,5563.0177396048175,216.9878524392789,3.4819641862244746,0.8562626679549202,2.5251832965146903,0.6980732496199904,1.035664699424147,9.24378164508168,46.13578881820213,0.5288023720233751,-0.0053107716730179215,0.5026215041336592,55.200912149504916
244,18.032825745554128,5.187655205663135,2.6110044212985635,1.008436350477522,4.05431567435263,10.028231996543559,1.3429598969010883,7.966195078771448,-0.028443718392976273,0.01557391940848288,-0.028202023661755556,0.37112499991200226,2.7905452192840703,0.6640297405607108,0.9539539567343164,1.3250602143510777,1.3399969140190038,0.3990275251182701,0.01732309452038418,0.8582071120291684,65.7008486786314
245,23.949226061108554,4.197322975373357,1.5777852968100354,2.9918097975593225,9.036448323205649,93.99929146061744,13.724261637770567,5.8183884092129885,9388.041100791292,259.0659441855844,12.59127683422357,0.8837726366697058,3.797778889812062,0.521575463474206,0.9579574264115496,1.1151463750282558,3.4727240317519756,0.2563873497468498,-0.03425863059197553,0.48673596588038215,59.78946451628654
246,23.04588650958382,4.098872880650616,3.6259447331547303,5.017550639968634,10.003173111505724,27.036484973303466,6.964172079722629,5.521288510250477,4555.986383492034,181.00349355933122,-0.0030473876616850678,0.9773501044562065,3.868375458102257,0.5314566629617595,0.9927991646009409,6.971292366699667,34.87061166424575,0.6104243597414528,-0.038888969098099246,0.7426859640512472,51.1061069847288
247,17.99525976304263,8.848063960896653,3.604542091438552,0.008435760537308263,2.990046636846836,107.0131385678894,16.004693335768785,7.634660007495151,-0.026981196040256897,-0.05947878984598524,11.199840480334109,0.33758432836150953,0.0704110784383889,1.092709534120749,1.0440287505991834,4.853224254293041,-0.015077271709154634,0.5938308557306687,0.005368381630694729,0.2732280024378614,78.15922825058065
248,17.987193567901578,6.1448481468235965,3.6089535544194433,2.0549768372106803,7.954142261112222,68.99995456491156,14.35884044693518,6.312359558378792,8206.018307327733,402.02861085397905,4.6738306891896135,0.800210425515425,1.9481160917633067,0.7820302295283659,1.0588843269302117,9.667345732228698,19.48318752948322,0.4910538355822621,-0.060293263553850916,0.3821178292988776,62.51874810570977
249,17.969636868742196,5.901239768968119,1.6765220420774423,1.9540916259221064,1.009316189137426,39.99541810165059,17.990515515511564,5.26450386035181,3915.048228521605,230.99304244785424,8.295136807074725,0.07663985957080355,2.102496391088163,0.7632095604350198,0.973347211027756,9.702115065979378,19.320495606956907,0.22851793859874803,-0.050485188139426,0.33435421480728345,64.23222470271774
250,19.950354299844026,7.413290063913422,2.4212109707883234,0.9963269203075781,8.966543483160873,15.014481382816685,14.73172225152233,5.506191422818236,1532.0124918877623,76.00209719963377,6.0044423199452055,0.8852769052799089,0.6654246035630029,0.9459740978370095,1.0015914109483441,8.66389665452947,8.71567680152113,0.3927858068610886,0.5165740665454857,0.43112125022060804,80.21490771901996
251,23.024695117518856,5.128546493117221,4.06254138763693,2.9727449246546342,8.976205960091582,66.98759406223571,10.570327091062403,4.978784339621196,20031.037812881976,446.01673589089665,6.848695793007655,0.8848661074935881,2.9189720013486498,0.6600308649508229,1.0046545592584197,3.647862741836948,10.943258901208093,0.6923226922542534,0.046481876942564344,0.6334216205260604,59.62042097673044
252,18.002199539015653,8.66936512627319,3.2697626491371534,3.018123223663171,9.9642776259779,97.9744228223376,1.1585983904819908,8.612240449183627,0.050299060219108904,-0.06676133870717142,-0.019961932929542237,0.991358515839848,-0.012925392528474532,1.1014459692069043,1.0215447283911416,1.2010515811117195,3.5118041997692915,0.5228605987624143,-0.01712287378830553,0.850845039150553,80.24650081001515
253,20.96130117300777,7.914204156971057,1.0898072297705743,2.951484843298634,1.9861882300203004,47.018297273679636,8.024311356290193,5.069965873263445,5708.9723442396025,165.00019610543205,-0.027367267559537233,0.16774011785841203,0.12719357621559357,1.0227032874602784,1.0265488799923745,8.046250040016822,24.146064965788398,0.20532546768228532,0.029975375034412135,0.732081459005042,76.29756975549431
254,21.961147636838092,4.391970767273037,1.2069482242250427,5.010389381306746,3.9991609175653906,54.99566536475667,17.784992465958858,5.888011918966678,5232.028151740022,251.98770918330143,13.991894306461354,0.37558206668208044,3.611959304153899,0.4818515864806402,0.9665680542126499,3.881708811259747,19.274261250676915,0.15511689012573357,0.031013996821252488,0.2759621936247301,57.46821830854281
255,17.989926459021294,6.125403123256494,2.4235921863598744,0.9810985470595498,8.008208437434972,63.00100702944207,21.065942358510945,6.712309369197719,10200.954295884721,282.03665504718015,18.531150445391294,0.8229982073349263,1.9251357033482923,0.7881123787269548,1.0019378008065212,2.494558694347331,2.478042124879863,0.4076670556387822,0.014132735267838537,0.08344465619888071,66.46021225466038
256,20.05007064575868,8.336183177389456,3.683213611441316,2.9779751440163698,6.981984800937581,58.03268139508464,19.364380627764557,6.413993639878478,11611.012747075954,332.02181341290014,13.376357036240325,0.7055602931010073,-0.04107275578968651,1.1092637258147364,0.9397444622869024,6.024200039563641,18.039221900097402,0.6245522279468692,-0.0023677593167798746,0.18691580782082953,72.21931882282897
257,23.99221225945909,8.697027170992762,2.5150090912957177,4.95660505389378,1.0320785111918556,88.99658370176793,10.173630338169122,8.703517558198225,7909.997860463284,330.95118994231655,0.7389717482210736,0.095429873603794,-0.02430942471591809,1.0688431357512342,1.024323738491212,9.450572638118446,47.1148639817542,0.44739550178373316,0.018793445133076483,0.527912566536205,70.58674491565905
258,22.954905711406457,6.281915380326481,2.5407756848249208,1.9860477216139698,4.993753842260301,61.00045101776625,5.953360482371774,5.159872437098402,11140.037288506091,362.03787877557045,-0.05182683112909006,0.500078684519453,1.7446541249036955,0.7654881042491248,0.9898414039502789,5.905103960045628,11.804107783151679,0.38641822241382967,0.023939651043010872,0.7940312166839588,68.9031317279382
259,24.99262770807742,7.112967888519024,1.3228151835875244,0.03253501590872777,6.976368327002034,119.98201051465647,2.2639615223045753,7.127681691521671,4212.035167545389,164.0134857526448,0.004463110477482487,0.6986331773027377,0.950794124746922,0.926089570389214,0.9638385376209382,2.2446489122290076,0.033626670830676664,0.17023767493268172,0.019263276218031193,0.9006050918268053,77.62816144465876
260,19.99181829290757,4.814101325621046,2.9477115740854,4.9992443394941155,4.006788768017303,75.01292219801945,21.67129695068935,7.724340583915751,4744.017093500516,193.95358275207641,19.85109092371728,0.3937260668580507,3.242453381809042,0.5721978198156215,1.0099764042987043,1.8698581763979976,9.309717136684721,0.5217815577415044,-0.04648003170898024,0.061158058225082745,57.23617526207864
261,17.919093400711752,8.97877122315534,3.4817729362466134,2.0188304125362344,1.0589065850063144,10.010494837380403,10.992927558377676,8.747285782509852,29.008952836984484,3.001672593104783,4.500864564588332,0.11551314516122438,0.06655940710760572,1.1049982706227364,0.9889039227098351,6.541354216807019,13.134583467496837,0.5375485719808871,0.08780452952582522,0.44396942361930014,77.21590577995015
262,22.998371154004467,5.178634784074719,2.1470454728858197,2.0499392546589883,9.010054816996053,100.02702325395371,12.095544070535457,7.521997103235087,0.015251060301658521,0.031044783415675656,2.295976574948014,0.9132947995754378,2.8173210489464156,0.6550984555909339,1.0378438309232867,9.924728699458564,19.839477897431365,0.3268727091652821,0.07209983006934904,0.48345323108568905,60.65935834609152
263,21.99307196409374,8.69668003894328,3.343433892553736,0.00791266754467727,4.989114331178792,87.9826261348898,8.147107341069525,8.258329000494236,9411.001853126141,457.9635786838228,5.969205636499757,0.4528471108031835,0.015212500884912923,1.063531463695408,0.9732225359336135,2.2334199511700468,-0.040829873663331503,0.591750478754799,-0.057275838548941145,0.4998122629612389,79.48671797629221
264,18.020886190944402,7.173100733180544,3.9281592006803683,1.98323601283813,1.9541761593164388,16.986265490912295,10.257073611925941,5.345321961984077,4476.998164127766,197.04132732007537,4.592099695065012,0.19605313442272274,0.7726037929632854,0.9262507350598068,1.066688656001828,5.663165225524591,11.370076551987777,0.6550966684464989,0.015329003298602418,0.5457419997137113,70.20893377051176
265,20.05546868284836,7.025259510863564,1.5947166269812043,1.0140175664554838,7.993417630370838,18.023764121974363,7.570790238662424,6.535765790416685,18213.04327734517,481.95462113677615,-0.06466088013173753,0.7548254180197771,0.9825840567746108,0.8512759363322846,1.0256366662889005,7.617739545207238,7.547488615969248,0.27772928642116107,0.061371668078579605,0.7139181295360248,74.11363961405634
266,19.033796950886433,6.588923783986576,2.6024896225643754,-0.016328884389428755,2.0070478437526433,86.00756639010089,8.185654369732685,6.515423980999794,10081.04688669459,284.9762631847006,0.5259208634298157,0.2190673161036712,1.340352172330714,0.8358190004312004,1.0386308323955251,7.698533863536584,-0.021144716486404994,0.4520754055104336,0.03006845406967727,0.6189105516099488,71.84608866629529
267,20.991933339283356,5.112790353420351,1.8960722258462162,1.9848673195010849,2.9883725732623327,53.97281345621422,19.555129570466935,8.525514474843717,-0.004249775931066212,-0.02828612506169076,12.271918363843167,0.32302999670550847,2.790355419628969,0.6585344738898952,0.9691349139535465,7.296956984314726,14.492254228531744,0.3343402564130068,0.030387983824149922,0.08293649549128371,60.24332244388402
268,24.96680422273775,4.888755338301346,3.433847193498065,3.9544032160114306,9.95003846085277,101.03919662203204,5.221574644592967,5.614564011565924,10735.00712909209,257.04130801194765,-0.012222635946136111,0.9816766330707491,3.038244217335002,0.6624166421722542,1.0536537813140128,5.204216612061961,20.81408111300321,0.5660281717125784,-0.04315554457634068,0.8516840133290897,58.59731933490595
269,24.077200794097497,5.068843685374681,2.673724727805147,5.027787724732532,0.974483038314897,116.94904648294799,19.406688504580618,5.576720774025061,5731.002449656743,254.98526951590352,15.170476273010431,0.09649723133995854,2.9324289851259113,0.6724590559888718,0.963623576637752,4.29928528571961,21.15471674173203,0.42295734868508994,0.023732842559030787,0.21348950693609398,57.74525208450411
270,20.001776553020434,4.851061725536172,2.8758260103534736,1.9884199227305168,2.0436361538266326,81.02352854259792,7.331460041294883,6.25657355079759,5204.951649046742,244.96511548992018,3.685630384389295,0.13665679108633264,3.111651966056513,0.5966141737563905,0.9937056491063927,3.673221024035628,7.309197579329636,0.5638550677943618,0.007175900939998566,0.732354929707524,61.5561837628634
271,23.00041787875739,7.862877200853323,3.43030823760508,1.0054629473744758,7.043020030111914,24.962043638920054,13.217870507499114,5.221512802924183,4925.989906932672,195.01335632636741,4.970351726105417,0.7291836944227608,0.039214922608116945,0.9495652278058326,1.0391396988222028,8.285372965344505,8.319266215290499,0.557887625285803,0.023395552351387863,0.46835280951730035,74.52779943427272
272,24.9992762473867,5.803282254154989,2.1986691563346534,2.968921142141801,9.973400824923862,5.0565736554945655,11.192488380629317,5.76786833672015,3008.0479911260313,0.019835429717781572,2.9816708967811523,1.021290212207542,2.1943040892350956,0.7501390652593231,1.0152030721751342,8.297632873580348,24.835837992978554,0.37659806199578855,0.1569341974623333,0.5626434967128584,65.81457373643181
273,25.005942542823036,4.339859224847447,3.741354020663614,2.0130784288914643,2.0201827036159825,2.9536620081928313,3.0315141316105034,8.887774139247881,11458.97750672375,304.0200260828438,-0.011125860834150268,0.2345025578521258,3.759029668670455,0.5178982749574002,0.9628251424811212,3.0162345103578287,6.068116199080736,0.6298708416320417,-0.032144723953286956,0.7563273895751321,57.82297426227312
274,24.99566918764228,8.80939553421595,2.5798546337905837,2.9771417628559473,5.9646428164568945,107.03456751955618,3.2879243927226294,6.707542631128232,7192.063436303869,293.9918598250432,0.005079411715615719,0.6445963242101129,-0.00376998452507231,1.0899296978628876,1.0340623018552795,3.3218011507347494,9.874792360402274,0.4173448195862151,-0.004276760623124173,0.8772190082374173,80.32167276635816
275,17.982790139793593,8.381804898353527,1.4983566491898352,3.9957487383489454,3.0421294884598487,113.99755096919966,4.855804523876176,7.582409690945265,5664.035163789287,228.00763602903112,-0.012117032501586206,0.26327672121069673,-0.02995112830913977,1.018205169298091,1.0101986335822761,4.847792251011808,19.328230343246663,0.23722933106784494,-0.011375598148091547,0.7271515443919313,78.51880482197008
276,20.983594231762787,8.613677125855121,3.0723276104546815,2.026334780937174,4.007357075436827,27.989001922904837,11.270241037571349,7.882928158274603,9648.012044944517,320.98049300741314,5.7998562834145195,0.4266413260491533,-0.053565068079157216,1.095370357923605,0.987513992918352,5.53472489472121,11.09215570979182,0.5613136481916007,-0.004723116268503794,0.42148756612274363,76.71048700658359
277,17.99901740189352,8.98622729069343,3.4002208804427068,0.023722779366975876,8.028489244958497,58.00556189969403,6.5464891623374495,6.412465020146059,5896.0168252985795,258.05024405033805,0.005302910999166206,0.8443791333325539,-0.05266939837331666,1.1056052065068747,0.9537397223185113,6.534579483234286,-0.053394372864125926,0.5444973413783079,-0.014385941881186786,0.6938880962539603,80.95685820613421
278,22.983697256865987,4.879161988925106,1.9556435918900361,2.9993390978244916,2.9485471995845236,97.01895701017473,11.233496969704461,5.524536961173971,243.97248379910994,17.03432615475974,4.371927305804999,0.2551626638691229,3.1160673990356798,0.6114487493509164,1.0130425158961849,6.805464396871057,20.518586134734655,0.3457062287021628,0.15088615696633217,0.5364690879412937,62.116214061614606
279,17.978614626519686,5.96536911995301,3.585370997371351,3.9469560690187984,10.020329113057747,15.972867984930074,3.7623883278083126,5.794564271782129,2099.9920431374335,96.03248870487123,-0.05777903837721548,0.9948636636446286,1.9869838213302577,0.7494149080232261,0.9950971659110073,3.747253650385395,14.98181825643721,0.6268756170456217,0.3112670625810058,0.8318354988423992,70.21120505948844
280,19.00319290683076,7.747445135797448,3.6569123840521565,0.08978431710181924,5.9997697780894645,105.97552636824494,13.567023735220848,6.274498742297867,5563.04324197331,217.0238234780372,5.385165221833751,0.5890979405031173,0.18947017575201702,0.9805068185974173,1.004689280462417,8.183337830102829,0.025355834249104828,0.6102423889991749,-0.001448274342843937,0.4047549752998057,74.9633741367806
281,20.992350683477376,7.488302288803217,1.8208176969957377,0.052375769108194074,1.0255578721237253,42.01948814595339,1.6508209783290382,7.520955919495979,3760.9815641198247,200.01559199917986,-0.009287288207392526,0.12566385592574494,0.4871076000966809,0.9573491550515895,0.9524439591948822,1.600643399789344,-0.02823350235222016,0.2971834820567676,-0.042706897831086874,0.9015681849434936,78.84083018185059
282,21.04511978965748,4.804741604697604,4.021497680192789,0.021680244746648952,7.027446033942936,115.94877971139051,2.3568198139585057,6.603828759255719,0.031833952708463974,-0.037330874524493636,-0.0018222197066130362,0.6281817680096775,3.195792801516058,0.5927153888431733,0.9874402882493096,2.4172750226601387,0.04420745206074286,0.6953738210777445,0.015423159024860812,0.9168179186180189,61.72406830482865
283,22.92047090574821,8.097101289899554,1.3480921180854695,-0.022596113447729122,8.001973540684242,78.98247312720424,6.465824444440393,5.07938850150752,6721.958688794317,230.01899903708767,2.0142796878231435,0.8544787308869659,-0.03681488996109144,0.9902571725434037,1.0144091386462453,4.4204905485167085,-0.024467352974180193,0.2292128491773243,0.007816306993736541,0.7842578248896764,81.83880260664728
284,24.032745205557674,5.087520992161579,1.6400165723650173,1.9965922351489411,7.981975110827123,65.09122060862478,16.175819246725837,7.056997091122666,8757.964055247625,299.0034279569019,14.327161006613784,0.7966238880741623,2.909483149810682,0.5817136609873366,1.0562939383391419,1.8097332068257201,3.741878945363733,0.20435041857423314,-0.03785485217229083,0.26308011374872603,63.470544599075495
285,19.03738255577493,5.071627618179096,1.6749224537925957,4.983697387106704,3.023390885465385,32.97095961106232,19.225536271470354,8.704354991953876,2661.0570415399675,128.03790092254852,13.061181026309749,0.3274828320605144,2.8573188126872995,0.6405788888810301,0.993841551314481,6.196009238471912,31.036665895469056,0.3117831670229341,0.1394365952058288,0.06872908471614914,58.47347256978681
286,19.937798293027754,6.71824738575055,3.7013801916020905,2.0379156781728915,9.998195365017846,118.0344340837528,4.057099407380186,8.266168892179671,6174.999644885613,182.02422257547147,2.76944071575854,0.9981928828692522,1.2773247262587621,0.8327900287814591,1.0432989717720436,1.3680946386088293,2.6850973799024684,0.5874024022695858,-0.02480549192520362,0.6753126610515069,70.47292464890164
287,17.98971937217759,6.960486042401603,2.980766572193261,2.007875086725555,0.9738164513941707,6.982421476938586,18.503275049596077,8.274177860345807,17297.98384500339,323.01651141410457,13.374027215831289,0.11476375152939022,1.0303248309299537,0.8536858150963702,1.0236204526254955,5.195113623815553,10.391889170172245,0.5064643027825829,0.035668535252538554,0.1434739046736927,68.55566303619295
288,21.988856774020125,6.923280837415304,1.5847299177300913,3.976475084249205,8.972395433056269,12.015271354343914,4.001548644798035,8.220626327757353,7604.04088222481,351.9494732560741,0.017769519063823843,0.8303574522415156,1.1112861499917552,0.8643765738645761,1.0070135489876004,4.0442196451527925,16.259708923130628,0.210466650599975,0.00988273181508004,0.7195180934241167,72.43708414633866
289,17.957774649158466,4.469933489432198,2.2604309450509246,3.9858773470262565,5.955685067510629,105.01963067071789,11.667838542033728,6.281368788333515,13272.037374646648,306.99732998390175,8.076860255583647,0.5884535288159787,3.5205704553860415,0.5881794801784466,0.9696297464900165,3.578660321361247,14.336789052415615,0.36800695273466283,0.030016886349696435,0.5449663439536494,58.235141408231605
290,24.976665499372274,8.37742694287941,2.8006031940060727,5.033635644277097,8.984691265213108,7.033868702055488,13.443795828816093,8.04848741057261,0.027622636957717155,-0.016736767797109697,7.19780226980106,0.9254328363403104,0.06451165178453658,1.0833566425484153,0.9708856436940713,6.342276859089445,31.621840321884484,0.4535720897750146,0.005285679559266155,0.3119899162896922,71.95721483665734
291,17.966682724636026,5.2559964442815295,1.3053886681789577,4.0480029354046145,7.033080761382231,92.99399238519561,3.0193544780594452,5.633348396552539,1250.9829030624176,67.00757097772549,1.7276686960219296,0.7086619704014108,2.6982103796908654,0.6164458774472682,1.018526226121198,1.2683970833959322,5.0970241638010565,0.22189179949534163,0.5368593015302975,0.8738960936902124,75.51928988468079
292,20.05256811330271,4.5849579355934305,3.6403544286135725,1.0458499469045874,1.005334893991163,95.05966653916265,9.291232577299821,7.645683002271001,9571.991392472723,224.98753355185673,7.975814072534822,0.05089476721819728,3.4006438078007495,0.5641741609695399,0.9842051327768436,1.3540611621911018,1.3091365836903661,0.5736860319160086,0.029688119624803926,0.5408831499218877,59.42056807915273
293,18.028070351794423,8.42925937375434,3.4107921692538037,5.02271096195162,0.9841069688223087,98.98231990306245,9.867997244995484,7.597758716490565,8275.009348864713,372.9917216267172,1.5078020224818836,0.1018427468162984,-0.00792962867551022,1.0788307563719528,0.981539118437017,8.410454750697197,42.01465705587453,0.626151705714104,0.05721569284546961,0.5364568865925046,69.73241761636996
294,19.038146652849825,8.815468842653319,2.4850409831263462,3.992421253935921,6.024145678145403,110.00702661240798,10.269669810351147,5.140646787945655,8242.020831980264,316.0137710171472,6.050980450914255,0.5754377302241548,-0.013302424421764422,1.1478812310356907,0.9945816898289712,4.251228125011825,16.946838455868235,0.41740263103455316,0.03223876025045543,0.6636717032184949,77.95829780646628
295,19.021650161921297,8.329352663360842,3.871464468888361,4.902754585240126,4.975025701348298,93.00735830796653,14.186893190506696,8.130485780016224,2945.9847454927794,120.98703585659294,12.083622487941375,0.4728374224647969,-0.030317724821813594,1.0129820904052476,0.9950850750898242,2.163390859197207,10.699660906099687,0.6764312545730442,0.189238528085992,0.2772204062974891,76.49997407989535
296,20.966128446863483,8.015664276378018,2.2897453453926158,2.0089148007142468,9.002860508229983,63.96634095640152,5.516305729976501,8.64749463291161,2483.0051221133185,126.00364774618723,-0.012008654439872693,0.8543791718004985,0.0025219443358755686,1.0413496878769772,1.0270230392858106,5.491155157510801,11.049643317194013,0.38306770106966054,0.06473211690769295,0.6530251937570433,78.77707010856925
297,22.984264392011607,7.2668899051440885,3.9697921791716455,1.999945137234677,1.9946110888182345,41.99142383235063,16.710449819541925,6.05494317655007,7623.008021739024,361.95441764327376,8.741850073291838,0.21856107865721391,0.7106514581978849,0.8719971115329614,0.9848350690521936,7.90160665530133,15.878565792497687,0.6965847093563974,-0.0724750291708137,0.25882159424523143,68.12214386580507
298,24.014681236836836,6.790076323270173,3.0014347595935407,5.00419946288964,8.02337391876765,38.004845404977154,2.3514116323849343,8.23366129831985,3490.038603092691,163.9750279556972,0.07603597705818409,0.8333904333180691,1.212323110175787,0.8844485368935984,1.0240372010807295,2.294231868163413,11.417302124466985,0.4369804994162063,-0.003912317472159919,0.8349485477193153,70.68497392024635
299,21.963336165733242,4.376594026126477,2.8830741146041854,1.0016169204109961,4.952683148872415,79.98703636870611,3.263770397963704,5.321840000830756,0.022633974868053568,0.019681307016088816,-0.0011794181549950051,0.5636042940248853,3.601930914806012,0.5415473100338398,1.013191154021632,3.2260278766166968,3.2621793062726336,0.46219096830508266,-0.021434445148280766,0.8739265079141219,60.980208081712405
300,25.02138995290517,6.0399172471211715,1.4551788662013074,0.9602121351415253,1.9744940676255602,58.07322771896369,14.917293091749853,7.381338054951652,12691.954795950654,379.9630942364991,13.137019673516923,0.15577854824771215,2.0277851241445997,0.7968846979693125,0.9497801203791385,1.7546838481665108,1.7866524997268742,0.23434612232417132,-0.0203317162023559,0.3173175550749409,68.70653679416438
301,17.992790238055257,5.864096340607211,3.637654373651247,5.016722256705536,9.950852630227164,82.97484128979201,6.66139207109997,6.964664692979715,10386.993591090746,235.03737175232808,5.1934578147543675,1.0230211648367942,2.1008831007222715,0.7235790635123412,1.0088352298894991,1.4809270491967108,7.38168977743236,0.5841034350289664,-0.002472956883977499,0.6773320938525892,65.44540498031526
302,17.98875537577351,5.326810930681673,2.285069824297129,4.018966489420955,5.992212098345722,87.03538273404422,9.96881242055022,7.188016319654351,3789.9721364989005,118.02923198065903,4.185148426358797,0.6249951411126272,2.687720943352981,0.6532032781971898,0.919967246971687,5.820512096549143,23.065927406603947,0.3988936684596197,0.27342548403687644,0.5393219414838123,64.46902039813502
303,20.021328799046106,7.626788616103263,1.4619558958507406,3.02047016346179,10.036342825108973,113.02569379439447,14.91979787879749,8.685263267561487,11495.017042622618,511.9919531019398,9.050224589526382,0.9825848596834598,0.3721903545407648,0.9459982211238845,0.9731433021504404,5.861078743000396,17.567220505118975,0.26761494918593515,-0.018626873901011063,0.26156188964016147,73.23043033010197
304,23.01332789934458,6.554888606051483,0.9949522259653738,1.0283973101072017,7.984836583710394,84.99958413596487,1.2246006073298301,8.510235150994644,6088.027694600515,286.08996202316507,-0.00048678626112885894,0.7724726484377201,1.453530743652662,0.7663884953583132,1.0138923053968674,1.2402534861567434,1.2189798445548048,0.16444512220434374,0.02685576502639537,0.8154328722530013,74.81653336393862
305,18.989171015025427,4.387709402221115,2.70205114697903,0.018121549347648695,3.9846794818541307,91.97404372838443,21.493511941902586,8.13174452687841,678.0030466795683,55.03729310733545,13.94662979589968,0.36742773037099213,3.6438124553380944,0.49712581987724025,0.9996807069922188,7.499368986930163,-0.04127149432412691,0.44852110865569733,0.501713134947543,0.018796999261436267,65.15467664792719
306,22.03477989410093,5.121369664787404,2.547605998232629,1.9876991176538328,2.0261517327255243,84.97695234038825,16.648057059559545,6.08015788888906,4992.991956189081,237.97152161479883,6.9602374099104605,0.18417940269619357,2.8790283612353806,0.6528046257912213,0.9469632368211538,9.775987876910456,19.568725113465263,0.506548683195441,0.0011283706370270525,0.27700171807595286,58.70175411057023
307,20.967568100172002,7.468449555096166,3.209949430013773,4.997874894562517,5.032056486753659,42.9844609810235,11.072668004933874,8.651460516547047,6093.002075093791,242.022385221611,5.415445284100516,0.5060786478756785,0.5722299857013808,0.9546538704206008,0.9664251469907935,5.653341848116283,28.23831365441669,0.5430711366593699,0.05624989337807254,0.4523535627282812,68.11390512945451
308,19.018478068208328,4.38147074969199,3.6685852729392923,0.0027337460176013063,1.9973428679819363,7.946427761541612,11.05667575377952,5.403903810669986,6910.006267578205,231.0019758919896,7.134684255794849,0.24080336031520438,3.5874738531501906,0.5682273250852331,0.9217326066024334,3.9059949335105815,0.05926008715856637,0.5499104485979375,0.0053432887411233344,0.5671390734882689,58.59732707348953
309,25.01779303773905,8.25394879257403,1.2513308642757235,5.003230983473198,2.0205414456214967,35.96989603722602,9.621372475572239,8.421695429481323,107.9807970104485,2.9766986372742177,1.4538887935051503,0.2331601501403035,-0.00835166359601389,0.9998807315746444,0.9597231022886715,8.145811077932711,40.81049243884725,0.22310337196652189,0.030125734986186623,0.46714104994077216,73.65869420940086
310,22.99071360682058,6.4435996989827675,3.2157188153623024,2.029946529679152,5.967691363773661,72.95552570453908,6.203797367897121,6.299102524532414,20158.96343866698,316.967902725705,2.781350689466101,0.5515374916719401,1.5491553730770833,0.8269056623521612,1.0173719004795565,3.459265511462675,6.8597547297726935,0.5501172899355206,0.01571706019636205,0.8005396033218721,69.39871436747215
311,25.009783990667263,6.4213813608658405,1.5880030002967207,2.019310062590675,10.041339230017762,35.040376250095335,8.905866424164232,5.245413336223182,2496.9384958287233,48.02984680004665,3.9422031286080426,0.9763347025419846,1.5901555869072646,0.7702938807888889,0.9832770118427456,4.952483016708074,9.916316357116372,0.3014470140159952,0.6099768440551457,0.7110155561587583,78.96688507134861
312,23.96246659270844,6.943505493758242,3.5776449668904795,1.0623203031870987,9.064461188818111,100.01855387177164,9.364931962779368,7.67332817546761,10677.038015463952,205.98206163606127,7.668129278176581,0.9389892112292841,1.0790015069620493,0.8872295812467099,1.0050983662517967,1.7837715256318434,1.6512980284675347,0.6179519468459032,-0.0014023120249159302,0.6120541790450187,71.36602802928415
313,21.027720810576206,8.088830428411862,3.4968509687730913,1.0661940693965402,4.015636473735662,91.02357922296596,20.915217027947225,5.910350465341738,18193.01489098731,285.9969437093489,19.608057608039214,0.37806721502214796,0.0019109161395954753,1.0464389743560731,1.0004093314461848,1.2343882686847991,1.232424347533998,0.5561906948141879,0.013192740885538573,0.12262980739838288,74.8876800050286
314,23.99445293590671,5.713119395611169,2.618383722247499,0.0023894874784177495,5.937470051359716,27.01766495854626,14.059458869842315,5.92595935053698,9648.010875330341,320.9723692221532,4.429098111383264,0.5982925750976947,2.3617108474691375,0.7235240056000506,1.0009774921149877,9.581440646520612,0.002663619438359176,0.46003346993636496,-0.0032485871498776657,0.38911108444485876,66.18897685837695
315,19.984318309384427,7.405555266104898,3.099235176142444,4.884900333546219,6.983253092128066,41.00500902870002,17.139544779822295,6.24949535442997,746.0379559666386,12.977555261881042,8.619072004047295,0.6488413319615773,0.6268178784429213,0.969056017067258,1.0306939726933915,8.4904601363478,42.59204250112831,0.5196458453390712,0.1518671158826167,0.3012783082282596,66.9563582410697
316,25.031470276775106,6.812763345925525,1.8934852357858942,2.037104973983818,6.01838475965008,42.04382040996387,16.44240943694847,5.25037170228582,12691.96233595971,379.99619212399784,9.222046435752487,0.6345910024653885,1.210831122595343,0.8455003758594176,0.9939126807348693,7.279731433221373,14.521499788624695,0.34805159610105296,-0.014702774064824153,0.379907509996685,69.58057981398072
317,19.978869689283716,5.306668695674025,2.401751108724537,-0.01621129016961163,7.987355510085009,83.98167712032804,10.33154134296373,5.716326170755315,-0.05206892627565056,0.011645468781724547,5.693508574707266,0.7426175538244584,2.747335443997125,0.656000520360869,1.0273200511917973,4.661277205730195,-0.02077612467829551,0.44643697140511385,-0.01680251664665068,0.5863184840035333,65.37689727761598
318,17.957746161109092,8.438365974399401,3.4818842320628915,2.97595548234507,4.038165956627503,87.00320008966101,17.81219312763142,5.051374087470985,2091.011526957496,107.92234922509346,15.236860595663467,0.35071568257640146,0.03366689381820899,1.0520205389334234,0.9256796982118749,2.5422119726027255,7.650970282366168,0.5796773454532073,0.28156923260736105,0.23563779102729754,78.81918702461869
319,23.953301124794283,7.9714305085778365,2.3897038221947087,-0.011953358249681004,1.0176447179330759,41.02241176483472,15.802711034817658,6.765677813052066,10499.008798141263,306.000507593975,13.381276243329644,0.1315245118251011,0.01904037252558266,0.9597207674860377,1.0333427787053213,2.370756488721192,0.020234974215836272,0.42627390898721285,-0.01661499069895518,0.27848352947101146,77.54370633897675
320,23.01818029854037,7.279690145846244,2.03742622683285,3.986600708595562,6.978805734977026,102.96036372304431,17.061731274251677,5.298768022545776,3586.94806079571,112.97761636962245,13.731175306348677,0.7576018503869967,0.7695278202931509,0.9004114677314865,0.9612976572367067,3.2378841093618487,13.039761669739885,0.3810096043847499,0.236301604260017,0.3310084727014552,76.207371668673
321,24.96158711942511,8.276820216641877,2.529211786925571,0.01836809430316178,3.0009679443231376,65.09289766688428,2.045836511890714,7.732093421066457,12386.010785631865,299.0420708796035,-0.03886885018415917,0.29128166745825257,-0.014951781358608687,1.0280460049077982,0.9678118083076503,2.0858178326762284,0.01529986622944437,0.42142916270055586,0.0037622034882381617,0.8214448005844532,80.98108139354906
322,22.05264382545953,8.324905754355878,3.5089639334096527,3.9532169266262134,5.973185003380827,54.00085697288333,2.140383087173041,5.949238846562409,9147.987993311428,336.0882825793802,0.05634126106348143,0.5985941156441152,-0.02984741027885196,1.0289800017013937,0.9788614753152624,2.1715750714316377,8.626856859917414,0.6420760402406744,0.03053451859423239,0.8715496926941838,77.95107032049773
323,20.93754211776349,7.527011957651852,1.976796324678997,3.967668377626252,1.9945224536476267,71.00425968351726,9.153273249749333,8.762114528015188,10929.975787358208,213.98922162895138,2.2568579244482097,0.22724838679348966,0.47971307774564137,0.9455487350149023,1.0325156566249432,6.911179520914648,27.747228953940365,0.3646996340848938,0.03727548371421999,0.4939369974721425,71.06542728037101
324,19.0508936910487,8.213536759579554,1.556962049440657,4.010294756625923,8.983362202787024,47.03770634095025,2.549269038193973,8.534212127342284,10685.989997288752,265.9483331431786,-0.01748898657785678,0.9086834344409215,0.052568195702506634,0.9805901264053012,0.9733210045256603,2.6141621833994946,10.347790000519407,0.23243835965729323,-0.035833957480317445,0.6909341819000308,79.93265734523514
325,23.00633052401608,7.535504810006698,3.102610494411772,3.0186883209123994,1.0352428540069911,90.02744865999031,5.547736458726469,6.085415002968359,-0.07324585712755409,0.003506309097556994,-0.028795788154597927,0.08880345461870008,0.5435228006325828,0.903131580484185,0.9803233366229094,5.464258927305853,16.493399763174338,0.5244690472211184,0.033382689032322575,0.7460674990378151,72.7341166263943
326,22.99709860664389,7.364658773978709,3.4689156928407443,0.01924624934808036,6.06348036170493,21.001142340581893,9.626283240217376,8.163601699136994,11885.982258773298,295.9938371201152,1.9432445145262653,0.5854363913584292,0.5842421430155881,0.9589620878991542,0.9711493684592266,7.654210933531654,-0.02616270774575371,0.6091384004233951,0.06176816535894823,0.49805263453705484,73.72536596753304
327,19.983652427395732,7.150016723346534,1.3257021226441137,-0.023611088367998967,5.957064350002927,100.00390388314294,21.864208802771017,8.233734609510927,14334.978871162915,346.05914051947,15.852534545562202,0.5529960612754504,0.8293604613721843,0.8272825532780856,1.0076618440257832,5.999297875841707,0.03161471961528064,0.27426934927946045,-0.020524633088920777,0.00931190790798703,73.37731761824752
328,24.011974083430562,7.845697158651368,1.7119414464952778,2.9706520305220128,4.942303511413708,25.954875544071562,5.760302691099593,8.963703123331014,3588.016713073408,0.04999768030126627,0.03948765648765457,0.5069882531636066,0.1938246489086385,0.9934911320661853,1.02230825004663,5.751969254448966,17.333931788058287,0.3019590310223199,0.2190280301805978,0.6526786345278888,79.16184447953606
329,24.998870958927256,4.822068659917372,1.4118373995645266,1.9848009549863623,4.992644827344458,119.98330602666451,7.277228354331403,7.2899229535159265,5564.995253095904,287.02596124911787,2.4727011347381582,0.4972424953379157,3.169602070742262,0.5887932095760695,1.0511297354728188,4.74480109606759,9.575747549199571,0.2420171369375713,-0.03694666395981804,0.6513312944772393,62.900229591683726
330,25.033099056460497,8.453453967263131,1.9872273318604523,1.0071961825685418,0.9544475290351395,92.01551630648477,9.055273326818977,5.3685166634981085,10520.019166066211,179.98239917756362,5.806997101971365,0.08686461462661958,-0.014818079144683617,1.0548036744499036,1.0719945249936031,3.2410476187285635,3.1875812802382493,0.37124776342749244,0.05561098630292057,0.6765007983221363,80.52107146021804
331,18.003426829459862,8.350301303769667,2.413514871713341,0.04456432107817648,10.001386348110127,66.01331678517128,6.053809178829903,7.559206976680923,9104.923513819658,288.0203329969854,1.8955596703805568,0.9699455561331284,-0.03163227143237755,1.0967429635600183,1.019505422595639,4.186957632303274,-0.020650214739839676,0.3934163722356566,-0.044771593704507694,0.6774606251660115,80.6769897977261
332,18.004509052843858,4.08426655591212,3.1921472512933673,0.9385768844268775,5.022468083414178,107.03663497250012,11.203824661701832,7.4847692406484985,-0.02517294667713144,0.007950190772049122,3.3751801716397014,0.4729840744011971,3.85171385769063,0.5085645164240402,1.010969625606081,7.814900013820025,7.846396796093899,0.5036338701821775,-0.01199364662552518,0.4259156916964609,55.96417097235833
333,20.989091633633585,8.077940896179541,3.016678243549375,4.993378137291249,2.044824256918005,11.9963849682533,7.19066476894373,7.544882220056298,8863.016679911547,264.00723969609896,6.062733543034481,0.218551307615201,0.05649613104992703,1.031261640165173,0.9634798080367537,1.150161472205247,5.673913367631537,0.5211126907468446,0.023540657760967525,0.6363258353892003,77.39277918355343
334,19.998291631288367,4.62164437971272,2.842851666379681,4.9600196467692435,7.006041836761458,43.95838140459708,2.3827484715835374,6.24222254103956,9714.990734061083,394.95325310454297,0.3546505670667701,0.7264499094522714,3.3794899538816976,0.5767570090304575,1.0572790946119293,2.0590278793991756,10.187192924466967,0.47198828558559397,-0.02052038971683398,0.8658183157272432,60.56342273164044
335,23.009234053066763,5.668495777811936,2.0869837961106246,2.9504327196793954,2.994205343254513,9.031701912923271,14.135914820324672,8.459182841265775,0.025363815989231014,0.031853860153609394,12.708430710782496,0.2901865153112815,2.3423800340977747,0.7092187149074008,1.0064620932800183,1.3865454427429376,4.251163400867248,0.4314730681136125,-0.02967348275284675,0.2697100550410336,65.66504244114181
336,24.9486949482203,7.722724854480124,3.551664652934246,5.029008699360345,3.9406484525028076,99.04308268038547,7.147924188016903,8.866785216629578,11422.945861912718,330.00323424984936,5.749343089140543,0.38702561280260867,0.2933588727045941,0.9555047410647891,0.9913280547427709,1.3649518451618263,6.84267553271021,0.5909224313551862,-0.001567225774209298,0.6019538276923749,74.17870358971915
337,21.959554437336827,4.841116084319901,2.376987976337991,5.01633873723498,3.000785554475574,8.026947337185687,11.978509776527297,5.894475605302356,10677.02193332519,205.99697475957367,3.2739137361181196,0.2743905586015739,3.1660758738634267,0.6210317504551868,1.0116259530716065,8.67110380004228,43.47447987913423,0.42129606963393484,0.0717046842819446,0.46261351554461105,53.69854653156207
338,20.02229792282068,8.120856087002519,3.8818848510752044,2.013483005478418,3.0021386178164837,52.99509098987428,7.826598194028315,5.357587816126394,3789.9808258234666,117.98199530514974,0.4780785623120359,0.32810460130722774,0.015272051697870088,0.9905519440163597,0.9809094781781535,7.359018902918903,14.676551408631314,0.6311502471136339,0.24586164904774135,0.7208229525117843,78.17804964401206
339,21.00512596314384,8.208512530709845,2.886561159846501,2.0276307751919296,4.019168704426383,119.0313315815563,5.984706962235956,5.792477679771728,745.9779140874685,12.976191505010398,0.6852406546417795,0.40092987308967726,-0.01173170570798788,0.991039304343462,0.9298698530712594,5.313659967714378,10.487715372581118,0.5212713460182851,0.14874617240276378,0.7212352380813211,79.76712813418744
340,20.994480499909418,6.4703637997729775,1.3635558159233405,1.9856084330970158,4.978745356954128,118.10286731434024,21.0245215711427,8.247277388525331,7328.029731411408,318.00951775743835,19.169703508076473,0.511037029379818,1.4937869668301025,0.8147342492029326,1.017154087628008,1.8551545864032117,3.733208136128908,0.23252486164040756,-0.03346678115567351,0.019200295297842267,69.57329637859726
341,20.00055301799196,3.974594471016239,2.9337515767131523,4.987020874509994,0.9869484219929242,26.003454569433213,8.461128882803878,7.687469195795429,14269.0348570339,397.94752511594425,3.0011889784669474,0.1107541039028039,4.004347178030193,0.5057835201076548,1.0402742155580171,5.423607862932501,27.14068311862714,0.4962639083650868,0.011552864917459823,0.5609959847239258,52.35007933555071
342,21.01042745116085,5.4374885671589,1.9930824080442917,3.065571918501677,3.9556599323408745,32.96064789923265,17.167941591681483,7.566863806710245,2564.0310409908825,116.0236849627895,11.974294424115968,0.39076895138398193,2.575633614927539,0.6202752550380313,1.0167076790560283,5.288769767365024,15.784622818836281,0.3303176699984199,0.22009503541797953,0.25160684990740806,64.46950444624648
343,19.98380720959072,7.1233804701171595,3.10407578272245,3.9926028683722126,7.931261215793478,113.98241144851343,7.906637814538925,6.63511628460186,10735.061159257752,256.9683768368901,5.370006756392133,0.7650391970046974,0.8513659093763896,0.88718537714168,0.9997876260999504,2.5595431594399862,10.237709926588108,0.47792453766782683,-0.01818912339767503,0.6619967649287765,71.45846044376954
344,18.97665085823793,8.898829414418675,1.1984248479438404,4.022053963391623,9.966745087276097,0.018764280009121524,12.154713004913905,7.331713982493333,6157.0380041082535,309.93823957941385,7.233813461002413,0.9701160053294224,-0.0015380884420301345,1.0756936923635647,1.000398152571741,4.9215100017631705,19.613406892023463,0.19248420138454553,0.016071948279802926,0.41360598474969046,79.0460320168828
345,20.00587535765293,7.187462713627023,1.4956536431415635,1.0001914462288994,6.95289022557241,30.951855870673057,5.674681690056847,6.214567497150305,7710.976136902488,376.0546568594778,1.1822514736103558,0.7338365659794235,0.8289175310790149,0.9188052932234346,1.0051683924314887,4.588090799521689,4.602649687022333,0.26638497400874017,-0.0179558412463079,0.7456888122258064,76.3153819066522
346,23.97064881667155,5.239225763806658,3.601291226125512,3.9445522440976477,9.010101368862617,88.00508209224736,19.368113126092915,6.937314763958311,8247.004249143843,232.97425738851965,12.905764676635162,0.8782294705544829,2.6729522622326476,0.608389454323101,1.0042496266326575,6.510946771233335,26.18815643668218,0.5536384128168774,-0.056811642849969334,0.19321570914202058,55.98968553106531
347,20.012247582671435,7.167874427439467,1.7306852441465228,3.938661129885962,4.984455978299994,92.01141009950948,8.868758685376262,8.13516266642559,7705.989194062746,250.97833522515435,2.1292733917387183,0.48768913040754946,0.8046188679879689,0.9577522748958927,0.9981789604755834,6.7194106083241305,26.887116374617857,0.3139834040532459,0.013720938965552478,0.5856239214619998,70.41655736218688
348,20.948922491872864,6.757342572614192,3.4942866144221236,1.9826304734018028,9.983852886097756,70.04605365219437,16.15090850909659,8.952320794295868,3809.0608726957985,215.03403614993024,14.736795310858714,0.9659682839388637,1.3451652144564756,0.8273540475009252,1.0007602863840654,1.441554597125392,2.8192422519046563,0.5752831797094896,0.06223149040259105,0.1643523835729687,68.12269139576146
349,25.03087466911977,7.861586332869926,1.7827775226873819,2.0316830375500996,3.9704676086147437,112.03930584568162,4.137194080661287,8.722173875962623,6175.033146098641,164.0556329270155,0.0024900315615854463,0.36351800443220783,0.09730705338178423,0.9615511415453807,1.0466503822132138,4.099428762094227,8.168347644787083,0.3073418020245378,-0.01660605737814052,0.7553192355097934,78.73559657443218
350,24.014177924472392,4.505684394636632,2.8915662354533573,5.02364874969908,7.903023037024627,66.02593754375255,2.5463567933765447,8.790525112190219,15111.994333595898,387.9540099526419,0.03354614579278174,0.7769250500891384,3.502582831153876,0.5540108261889543,1.014168196430396,2.548710228513676,12.48328950771441,0.41631290143713084,0.0053813950611535395,0.8188561045167604,59.04004374060662
351,21.007680892029416,7.830223319195856,3.1173804027927035,1.027422314926721,9.045249322462427,82.93511962968456,1.0929913913581184,6.564356737238036,10544.026337293933,244.9713149581925,-0.02684168998315922,0.9506522155273338,0.20165637060801175,0.9916881257590168,1.003154409520737,1.0268548842293572,1.0482946002583113,0.5234162784863882,0.03929265448808563,0.9349417292562995,78.26424319822604
352,18.029480729518365,6.662352319959932,2.5423608063562977,-0.02961138536808946,6.969991884316697,19.027631593841438,5.289397147470021,6.9329021213775555,1531.9630340460105,75.97351963533518,0.04352542007196407,0.7197411217357729,1.279529667223208,0.8642141026770481,1.0197768068888775,5.291371423489206,-0.012083694641055635,0.3853722601989399,0.4593570919046365,0.740610531147552,80.00906425274621
353,18.049964233333878,8.805541314243433,1.8811556878249245,1.0484761747036695,6.987627397904503,116.02116540158181,6.1719779332573665,7.809156070125097,4597.0075078521295,229.02804404988086,0.012636667183057127,0.6841963338572913,-0.029800635553001283,1.091770660699255,1.0197789696034973,6.150559760444504,6.151808470308715,0.30612291571753913,-0.04280502283489516,0.6505702637874531,81.41670181880463
354,25.030431101950544,5.72813746612532,1.6029680136108666,0.9710532009944085,4.956353235041321,93.00767833131235,17.390347539463615,8.678615622319647,4731.971862325222,63.04917396383789,15.004450577138098,0.5324863038365598,2.2703221289203674,0.6693392875556343,1.0283799388830959,2.440140908899094,2.514457206360602,0.21964270039115433,0.7720987458944044,0.12239788433305585,77.6474628375587
355,24.94477377306005,7.200374979657218,1.110150723258079,3.006384731960099,4.029157910303219,33.948093336215635,14.898163214600217,5.575845164569568,2717.949342233981,46.96759242315266,13.34127843849606,0.3954310338011066,0.811045495910218,0.8636310859913346,0.9772926576450142,1.6751512848610208,4.873948052076177,0.1568768864384706,0.6062524661125361,0.4055849595448451,83.5561542767609
356,23.961612690997928,8.786052091670003,1.8702226597981353,4.999689431302768,10.00430286811112,97.97669678272439,12.223020265092968,6.199087632615979,6564.023536087126,345.04244236013903,5.402764633926867,1.0406302014097553,0.022736170857982317,1.0960916309622222,0.9855841628155663,6.774123354526159,33.9399883828087,0.3117599172234327,-0.01519603478515083,0.47656496540478244,74.50315554914701
357,18.98125544266913,4.449942022233654,3.0006125150163876,2.9947837853905623,0.9752090414420239,111.96499531691398,5.77848077126243,5.55783012996093,0.02725773285562654,-0.021271023345861062,4.537059571212745,0.1663519105118864,3.5241524671531357,0.5921198138853135,0.9755932763741725,1.2280554370345973,3.7077732463240447,0.49184742729836517,0.006967285651443807,0.7913809478916982,60.631524743688715
358,25.000782731506327,8.731761855896515,3.756029784279737,1.0401577641488682,9.98823311165968,101.93954974681479,2.798690094364144,7.427871212041874,10429.013716379086,334.01008368708835,0.012909286935198525,1.0308448521779858,-0.011356285612663875,1.1210242575475236,1.0230016877048107,2.8003072765535664,2.7838058113772846,0.659869243847963,-0.031605830106403915,0.837097654938713,79.41985273943426
359,18.015529770614073,7.394815947878106,3.5469284908878183,0.9788466843950212,10.050345397663746,89.99991254545756,18.003226050968532,6.208968094070625,-0.00548901121699503,-0.038143610982834524,8.53986417524357,1.0028365286566774,0.632799256227919,0.9300427772623235,1.0215361292322107,9.397496619233229,9.47410781554296,0.5439578662702536,-0.00298418921363654,0.31470372048234124,70.28301001186756
360,19.978227685605397,4.3231576046451,3.3110023922367677,0.9595118423286422,6.997810917043561,88.97606533635671,2.658122188474085,6.314606578509017,2192.9620092403547,117.99634208759254,0.01381914368861463,0.7209792962054907,3.709220914585313,0.5665189869854427,0.9618027138243288,2.67064597819651,2.5874438734363068,0.548458921134973,0.16532991284998466,0.9138171768968564,62.204648890174354
361,21.00560300293431,5.513239214550977,3.3884837577600764,4.000599864586192,0.9945479938715228,77.07875916740807,7.434473320862638,5.252953035140894,-0.034840406121517425,-0.0033333814221814854,2.904969819522717,0.10045213657846637,2.5021222666537306,0.7448704765277601,1.0117251343846096,4.550662245282121,17.950118091386383,0.5636941879636571,0.00377558411061362,0.7384908327934376,61.841537336833404
362,17.9773385120294,7.4780053140867,3.0060684122286365,2.9880051979714044,0.971758555415822,15.994936841816862,9.198139688008741,6.376954172949836,2502.9709216006077,95.99054525081054,2.3750438904281235,0.04492004908074873,0.3998193001218925,0.9732104313820887,1.0411670160360362,6.817047369331846,20.331547734544998,0.4862657880884546,0.34349257859260396,0.5371411494926447,76.734777854695
363,17.981654465910243,4.30686989177378,1.7994631506897496,1.1013214875724793,4.943162565485831,17.038812594675978,17.829687979887716,8.408816262507607,18257.99298980125,299.0115491294396,12.70160851223326,0.4803612375736387,3.6754777116518085,0.5651611370421311,0.9929400208382654,5.136635706640792,5.112868265338344,0.27260382338906647,0.01328978118348571,0.16801928250662507,58.17155241599633
364,18.957800167094554,6.844262956458052,3.6707079985400863,2.020295224293199,8.99519883979262,43.9529270292592,20.813223226061343,5.91488207960116,7671.032285362008,362.9697890740544,14.902296268585854,0.8714522521304036,1.0543670629328814,0.8383032845072316,1.0094191982177891,5.90405384102917,11.793826353433433,0.6497319791320606,0.020084926711650044,0.18246802646972343,66.63408625069728
365,23.972303002616673,5.718097425017142,2.99864237094107,4.987719782743441,6.009764553369738,114.98409731241985,10.092278023681024,7.819348060891718,13368.031812126332,443.9734883010544,0.5949263583865755,0.5796962687450737,2.3188122052119233,0.7413785886128401,1.0219145710847328,9.44092690942526,47.405430690262804,0.5614314069789895,0.022067969859504696,0.49385785495117124,56.41612292656479
366,23.95944946183151,7.108944753979715,2.6630069608495543,4.968316652924387,3.03298753392983,92.00290693628104,8.32437275917983,7.494621990796911,4476.950542972012,197.01313616434848,3.8411260463193724,0.35381014297918334,0.9028509999579013,0.9013369743366624,0.9603832528180384,4.510745654678951,22.35711839681482,0.3985781642711316,-0.008787859052370554,0.6557204301263383,69.44441396238601
367,22.97072380241068,4.219159805059293,1.341729170740042,1.9435913476829365,2.93254510396501,82.97275538154177,17.58534666585566,8.428051002044382,10180.979202999899,285.04026105992926,7.900844020894542,0.33366449228563977,3.7678404084084467,0.5445193688510142,1.0045596447697331,9.678205323113295,19.2300752736236,0.18894111700517738,-0.018630271601666297,0.18214926520835772,55.762336987494066
368,19.031609253898235,8.431743549752614,2.2593208896542007,4.969243427427877,6.966247110189309,51.987333979455855,10.320962955284742,5.535817658394446,10054.978395169413,290.99931558917854,1.17693076294899,0.7132265440432494,0.009130876754029847,1.0878331883683354,1.0381634856922441,9.161659265252096,45.730745904304925,0.35320251720339185,0.05889357034945354,0.5988366493732457,71.12146472519633
369,19.97151803333504,8.911028595206291,2.3941264418709425,4.003448253152774,5.982577767283306,89.9934614728127,4.006355386836788,8.898876106986014,3569.924052506145,139.01511012320387,1.2416477144758573,0.6243702885135407,-0.042704770986190424,1.1232567354510459,0.9822037354970755,2.7721290797871183,11.072704515072475,0.3915543489590767,0.0689203915026424,0.6819435719480436,81.11986695443935
370,24.078971461945123,8.80444268259395,3.5687318523585825,4.042819859547843,8.999895574542803,80.99298276043665,4.434199925746331,7.396844633000489,3135.0169836284085,134.0227424003089,2.7915580983622243,0.8432365954228244,-0.031312892948027526,1.0969236100801563,1.0249739842677648,1.6332694802924483,6.545914885049642,0.6376753701967259,0.07154621395526735,0.8038610095530588,80.23853645462367
371,21.014799537026427,7.6735679499001614,2.617112635200824,0.033650674271637565,5.995648989254147,67.05565355719106,2.5275359000933784,8.975124161059712,8246.99261520527,233.02491515565902,0.5689660044616204,0.6218455113926858,0.2786933600740516,0.9304040257701724,1.0008148482141737,1.89122391080316,-0.006884796608581182,0.4491634475015761,-0.044312461069512955,0.7454978762086109,78.03438549729928
372,25.005545083710846,4.678633377090529,2.090057058861555,0.006872844949391382,4.996349339429382,64.01134678856295,14.349602848524485,8.660056550386521,5582.996605723901,265.9713942582249,13.179675293178548,0.528188729486065,3.3162040896553457,0.5786045104706403,0.9797648607359898,1.2390314957019024,-0.015507002041096491,0.3453844228118652,-0.02797441730758009,0.27598545738092917,61.4261791398499
373,18.974249266594562,7.83560203860532,3.884439998411364,-0.00969502997107454,10.012242881757098,113.01438531688824,15.306755725840613,5.918313063543979,2573.040376131751,81.97668969309385,13.43339534997984,0.9328075843693815,0.24198325037611726,0.9813855680148805,0.9971047434755675,1.8414179405876856,-0.00043355884801580397,0.6504908768487088,0.45820962037057544,0.3098176898564777,81.5255768733015
374,25.02100929638227,4.143090062171179,1.3255960463515466,5.008064370692365,6.972901206676627,0.016189643230352112,6.286800417878244,5.247737335975885,11140.002649270398,361.9792977621817,0.008381534802018186,0.722957102613382,3.882419746549682,0.5208285802054758,0.984216162277413,6.247198874195647,31.31245168418605,0.20709628704714822,0.013182405513578415,0.7985512820202443,55.83887700583459
375,17.982730865212865,4.092856686910638,2.3008829177503265,3.9844408600754626,1.0280242432670108,57.01837879132011,12.97211212011853,6.026998627446721,9104.987078086051,288.0578590140268,11.310950720666783,0.05727779071998744,3.9396737592482487,0.5198162889601097,0.9733505787471141,1.6743160255034144,6.528924824352056,0.4054927382322311,-0.010686817742766303,0.47721328809877656,57.67563286897516
376,21.00366029443936,5.601380082417598,1.1154993333780792,4.051550919872916,7.013003573250985,24.997513390483753,20.151031878089405,7.10516617539942,4597.017162328631,229.01524578817515,16.278163374047022,0.640899839306619,2.401422106518344,0.7287852957928312,0.9923696568264068,3.8699044994711196,15.475789179730866,0.20914338719055336,0.00045591889045979816,0.11405606382660385,63.645566358447184
377,21.076802536148065,6.372861568750188,3.170560221904476,3.9943242945617476,2.9904050320761577,107.99037760885564,16.101664003108585,5.7507208560913785,0.031766155397266856,0.013899471611550505,7.514822254991369,0.33978954650578735,1.6070841448277564,0.8259609410065136,1.0020527893715836,8.603307963267506,34.414025157989805,0.5510722707927497,-0.042997496886815575,0.36595734779611466,61.43314275819692
378,17.99711820300826,7.935182705358024,3.7578554916821747,1.9974098642525981,9.048027239756667,19.005004481785548,13.19933359986428,5.667007191740572,9423.008894026982,289.0109870725955,12.005942798931382,0.8697885285716298,0.09808586326817632,0.9856373527563022,0.995018368523534,1.2518845027848262,2.420268940921646,0.5674370946744705,0.04213286517347655,0.48271303458532344,74.95505243735825
379,19.03447819978857,7.419962504710754,1.803216238861204,3.93352532724938,6.046692481067153,115.0347041184674,15.905286405878378,6.836749296867145,29326.02067568796,551.9603761978914,7.552452661180038,0.5785215978184687,0.5940805873984177,0.8995821367763216,0.9920387925661348,8.350574800666934,33.31652908366073,0.30039422271768584,-0.022124700048424883,0.2927844982104346,68.75573381795651
380,17.978904707246222,6.258236523093912,3.590434609335158,1.994136954604317,9.027986860655814,86.0337871456531,15.03302380944623,5.1106245303511795,1757.9956329705078,112.05814571412331,11.491851513499594,0.9296881362827204,1.8131790011021676,0.7865007381033272,1.006779876488968,3.5585755293638286,7.045312485756323,0.5944039289892704,0.18359534260287905,0.3868715514078714,68.30770268621222
381,24.998950345285092,5.373650307684608,1.9187930401736182,0.025094524138948228,4.909443296882967,8.992788045729348,15.829524022446394,5.438195903918798,8239.99754426761,214.0143756259236,13.759570368711568,0.490842851832428,2.622209635585461,0.7423901264284637,1.0159421792494314,2.020952133769125,0.010162279753110121,0.34640577504389874,-0.015916801129070124,0.3102084987162853,65.70163674428791
382,23.053124019069067,8.988659763029453,3.6976027464201238,-0.03203167731115635,7.04736835278154,58.023035310840044,21.10336595858987,6.684648472567115,14335.003390621308,346.02169480337966,13.858792849215565,0.6945950387881275,-0.0265383391090756,1.1346372832583713,0.9656771430148078,7.2826506936356274,-0.0013371829814461695,0.6238398630553523,-0.009543963397602403,0.08675304308826232,77.4206077840348
383,20.981190988266366,6.1069433776757664,3.3061522601770386,4.977478389965215,4.023842755674158,73.99416246010881,8.617352193095948,5.179557948086975,6814.977406371487,327.9470343613325,2.003270661950858,0.39393739280686213,1.894320985912915,0.7536222814288034,0.9924281239185818,6.63031738295111,33.30101796859191,0.5667021562879717,-0.02382137044830297,0.6328388542952237,61.60670057310682
384,22.054373456739906,6.319394686131773,3.3512985241017628,0.02378133053200994,7.060192259131388,40.00101611648306,9.453887214595168,6.589828314772852,14460.98295815157,273.02338931557085,0.5953950370345369,0.7104279631292435,1.750078252916698,0.8035750845740148,0.9407937727001845,8.883598301541129,-0.03247584437667978,0.5518077552815536,0.008889097426731973,0.5861300429788413,68.70417951008424
385,22.021232558063666,4.793529970873571,1.1566531081884277,4.955700283294458,1.037123937752006,103.98579429855337,8.242251108442472,6.893854180971859,15112.041336389255,386.9893136264962,0.7229201987156858,0.09320996750827973,3.205315659629556,0.6178720877628382,0.9951344992289739,7.620908632321856,38.097402605849574,0.21151528470147618,-0.02941026648457167,0.6126874788867426,57.50634172741869
386,24.98312599672317,7.973811167286389,3.895072740449039,1.0317340302262576,7.047350280324919,3.994550645832813,17.95347153731847,6.877198955766943,15566.060238682876,439.9603165107582,9.735320889325552,0.703423782230773,0.008600815632874457,1.0175395180121733,1.0045158713821487,8.23024207940137,8.202890314778104,0.6870144418951643,0.009427641420689036,0.20585574287661934,72.92929509567969
387,20.018972232171667,7.526442225867707,3.220927609110176,0.984035683294807,8.026359645505412,64.04023990208648,15.765885904597086,8.425050463138591,10199.047765937421,252.97138709002385,12.225380734887217,0.7848932562376189,0.5350180561690228,0.978686405851371,1.0170934003649632,3.557937702322622,3.586804290162681,0.48452359200832784,-0.0035647648541714044,0.2701454847804554,72.66474724935095
388,24.029176633488802,5.121634060876367,1.874917249893411,2.988342953385264,5.0404607959593655,16.00277263442018,9.007579753069363,7.0929669013904695,14130.960302279296,361.9620531737464,6.379828597651701,0.5105545876963808,2.8849626650214604,0.649082788708604,1.0046231441948892,2.6200768835727533,7.755490044957336,0.27778099606402507,0.018900594585879185,0.5491590739396192,63.60440715869858
389,18.018654298866515,4.372511776983089,3.5092402970665204,4.966283647846232,2.059823712222033,21.00405847525657,9.449188414271847,6.865917106239551,15763.957404273962,415.9615464741466,1.6188338894783172,0.20941529095713704,3.598981181342962,0.5897623670623104,1.0164452693216275,7.780901779946204,38.800530302144224,0.6062069442469091,0.021860443762418236,0.5162271925246106,51.195388266578966
390,17.952893258403286,7.440663284033165,1.7609146570942578,3.0113413878128363,5.006496642151347,96.95658346662226,11.333192529711143,6.634074119875924,8052.964278717041,142.00181643461093,3.1314986704608816,0.5569365751305255,0.624505346897957,0.9319070234121254,1.0019567494500783,8.221186625111171,24.727292461979786,0.2948282311581527,0.30382675734101094,0.49282154192161803,76.2192407260335
391,19.978185884725253,7.3351059612758975,3.6135620351477904,3.0737961595508816,5.952833083677656,118.99072268277102,14.691369231851008,8.253513662275699,10817.004031623257,379.98839711633804,4.707876232511623,0.5885624715097889,0.7371670669383504,0.9578749480252662,0.9797344486545257,9.985426025867167,29.67588963235632,0.6308614105989309,0.010980942067261598,0.2732183696619616,65.97136867329893
392,19.992574440933456,5.404028894917434,1.289320777468425,1.023444917183819,1.9907761729995457,107.99276055288766,2.8261434689684464,8.577570362717935,9316.915738262229,363.0100220808648,-0.09165953838958531,0.19447503446585063,2.5290457011948373,0.7112020558721882,0.966521944948309,2.829262633936724,2.8133569871697572,0.22392129049229612,-0.01344846565606655,0.7782304081699346,68.1826138060192
393,24.997766997127,8.802387935871282,3.1008757151180673,4.974071442141784,6.011698367981503,39.975125695436695,14.830749358451843,8.372213118133908,2717.9823359530014,47.05027927613204,10.58575049881485,0.6071647297781112,-0.0221000637268612,1.1276539823465872,0.9921099187813441,4.384550772745064,21.67302284349102,0.5374526980823476,0.6010239993800488,0.2530087851516985,82.76556128519165
394,25.01862016292652,4.816621733133477,2.620939220903903,1.0340686175647442,6.002246627531147,92.0006499623511,12.452732643406245,7.700715786369849,11423.042212978675,224.9961148885912,4.4251653191673785,0.6289330693294416,3.170049040809522,0.623675572072887,0.9770117138977913,7.912287261244494,8.009608341195394,0.4109162119412653,-0.010769405813895587,0.42428250732278416,60.11803333422548
395,20.005331030027996,6.174148907892312,1.2630237906633917,2.9904996136219726,0.9626031410152172,66.98712453129318,7.746606365652348,5.480355439737672,9108.029473164921,358.93265332118125,3.675470409958265,0.06725244540468397,1.7962852468982384,0.8440455303121126,0.9964084265610709,4.059271998284249,12.20104148305814,0.226860481927473,-0.006053312174317094,0.6662302469742865,69.84932718597612
396,20.959939669238697,8.700900944374922,1.6794652480816161,5.041234549442827,0.9510679712441507,68.0023998756573,10.597547899719055,6.109226919323683,1757.9847271604829,111.99274125365356,1.2733324203477285,0.10310729565325205,-0.02768018329780404,1.1197985276599929,0.9852436898953771,9.332995467501954,46.92611057100194,0.29361229022957697,0.16247738472737958,0.5242389302872112,75.31536209623988
397,25.011405935530178,6.035428493661724,1.013719728432603,3.024200292064931,9.977765119940955,10.003645090294569,14.707871652673639,5.161989299172093,4499.986999336765,196.03580183309194,5.958037689888968,0.924765218918348,1.9199231649852977,0.7370204898612646,1.0125724303769215,8.699873805488336,26.172128497820562,0.14599984667688892,-0.021992288685240804,0.43932637816944126,65.65139727819674
398,23.018317572358516,7.226293669365088,2.4629466442364025,3.911705753035848,3.0242321866795243,54.97132736926532,12.825497862044053,8.7504886382827,2945.0170172512044,144.9974218158251,8.02315193022083,0.29185404249832814,0.8051723102314668,0.9073770165440497,1.001468650733717,4.862462918922679,19.451079492930656,0.43005080430325604,0.06101093678181795,0.34985644000476074,69.80198061433165
399,25.01679371343793,5.9531552033267445,1.8958575299601554,4.969877611011349,10.047410193124689,49.988038946525506,5.341719910972057,7.692659332118999,2467.0280580626572,153.04587991961074,-0.017623273302720642,1.0321818109029808,2.026675705080625,0.7420584969531822,1.0134248300877176,5.309957516844374,26.591954163597528,0.2598070174721622,0.014592348068451572,0.6743879807736516,65.00815412778415
400,18.032423421766637,5.44510259485287,2.817734083537718,5.028331556685061,10.02749702841333,20.002321228482824,16.151410957913175,7.98006843493749,1250.9840058819677,67.01358824779413,8.329400269899953,0.9782157269095805,2.628590238721207,0.7369342895039386,1.0132715416982367,7.830306376976075,38.92821141749142,0.4728978777645244,0.5218967817067669,0.21519553000798766,63.472603214375525
401,25.02501766463647,8.890096397181006,1.8967908559042455,3.0045497181643506,3.031722818613424,98.03552898293471,18.966900446234625,6.291721777874243,-0.007030980651583126,-0.05514809203192167,17.133056713317952,0.30530512845855934,0.02037258055247546,1.1500431267878637,0.9946098086885071,1.9811845794325944,5.77214122804397,0.2778443464815709,-0.014286628035230042,0.18631556523540396,79.45533300245509
402,21.013775402376854,5.993649990542065,1.958267367842689,3.9692873215687645,3.9975755328050933,75.00770157518387,15.436531803726478,8.370516511581089,7006.983019708145,148.00328746751316,6.324716748295776,0.38413283276849197,1.9899262834666993,0.8109585307386326,0.9964499096523604,9.093971133734138,36.45578606470715,0.2859976174140148,0.2379975194747545,0.22404447954429912,63.83323316054112
403,19.99789502865624,8.481167982817464,3.1475833499910424,1.9809923145351855,1.947737526268821,24.980141944602476,4.123832529469287,6.011016204306127,10741.96005951676,271.00891003882793,0.027600029535451282,0.17421793406798952,0.0031283261626986907,1.0397001641529566,1.015048134649641,4.145367045038964,8.331622557709187,0.5629129399822206,-0.0163692192003679,0.8163619513139648,78.67167892994712
404,17.95017117199452,5.091358833782337,1.1028386313400809,0.9428129013973185,8.98634338257352,114.01197014277732,20.09540219481974,5.062377108965569,4492.99340768756,236.0324106740382,11.702912471433988,0.9291445799480431,2.886173782840406,0.6705502403564988,1.0733781679202237,8.407184547822713,8.428881772471595,0.15033558823681056,0.0036233757234008157,0.1949176922851691,62.99116809418735
405,25.01288854657398,5.14255594035444,3.6512336789931386,2.997348801374208,9.99223706764383,18.05122646667965,1.2057781861493193,6.52562329334202,1218.9911221737937,84.05458909714835,0.01797304899233041,0.9686422393046303,2.8590579405809065,0.596564130508919,0.9703260655919326,1.2046770053825235,3.506992572303041,0.5824024965278531,0.4422760465512346,0.9024880531221464,68.93048125936042
406,21.006230630614894,4.125365740303947,3.5248028528838984,5.066320691780473,6.985088425394929,108.02750119417767,10.604109803023695,7.280133155678294,7302.96218067652,316.02723176559124,1.543326202791755,0.7087889588158928,3.828613635412631,0.47723602997586057,1.0012525446396838,9.064480364607517,45.38325719055739,0.6174096662013209,-0.02871758803042794,0.5228344833788157,48.31958428954465
407,23.00814736511586,7.338308961582645,3.0089238615935345,1.0241480017219697,7.001640845961239,59.016425795913065,1.2505066542921754,6.93061532425296,5546.01938242813,206.01321439392163,0.003348325717339815,0.7092505486229848,0.6974780611819212,0.9005913160257771,0.9641287495832788,1.3209699350988704,1.3079085063343665,0.4666764774793463,0.016187233633475108,0.8764718598562409,75.73866157550049
408,24.96169754272539,5.810140704433051,2.804184933884424,1.0657125100356526,6.0132425927967885,70.02176770526447,2.2986858445488445,8.458226451053905,15103.014499620358,328.02028564814736,1.1545982466637892,0.5744460144888413,2.1549216410762617,0.7703712541248712,0.9993726295132627,1.1069128556445054,1.106951627080879,0.4972129524733826,0.00865635536714888,0.8402867145705138,68.10415011306627
409,20.96756830378775,8.263789350564284,3.691454891867734,1.0264719126936994,3.025590455647305,46.04319862124286,12.480884097115567,5.417923417761754,3520.0208715910253,124.99495979580651,3.2998939966547356,0.30467055770872886,0.016108487132628024,1.0077215487713826,0.9797781728903687,9.139102661041894,9.146813726476847,0.6360048221275261,0.1941781111962498,0.49719547495967636,78.10911457869356
410,23.031594585599986,6.367740628208523,1.5968141772988076,2.0308243803005808,5.99165640406901,118.03226880382053,17.823470346365855,7.1802069551807595,-0.023042110663931043,-0.043886335104222865,16.020748508846037,0.5719515648759607,1.5932815324713172,0.7994956445953028,0.9964028076684351,1.7958859903001057,3.677888009849494,0.2433373507956477,-0.008547107924543381,0.18646024628250618,69.67439990614555
411,19.9988133453843,8.850291790816247,1.2929489830221377,0.059222360632350715,7.942887217830662,70.01700281143353,18.530564988199494,7.041883897885162,10535.940492729656,226.0012448825867,14.700921748356052,0.8156537562472748,-0.061794119178626365,1.1356652860461767,1.0046593100184358,3.875354380927458,0.007153749998336923,0.22941127046579168,-0.017767672514590972,0.19993096329981813,81.41732764724075
412,25.02044502092118,4.871634793601719,1.6922547458590569,3.0113178977802666,7.985513668421266,25.0320592665877,16.966950098170564,6.148697662703754,3588.0140199338894,160.01095870982377,7.397941231815915,0.7605516285607132,3.0587881218260593,0.6378923948347791,0.9853182666272812,9.54254745250612,28.64353042903594,0.22517625880268022,0.006794788758825077,0.28895005441077926,57.31401007176546
413,23.000849551283913,8.265399484682122,3.4153037308375023,-0.005616819645206407,9.00131131190976,38.967550467112076,7.067418422742908,8.286316857229394,-0.019923381438891403,-0.036109728777357686,-0.006360386770036254,0.8898118349042448,-0.021018334759832887,1.103985597361386,0.9464872397143785,7.10041072231824,0.0687754972139009,0.580841408110634,-0.0136808787070428,0.6319634475684636,78.34285713992307
414,18.000892684184873,7.934119436270942,1.0805190554115836,0.030979725498660366,1.0366842376640022,3.9549320424297916,16.314283446236974,8.037069772833911,6082.973279956002,221.039798649185,10.074914487537933,0.09241685021026301,0.10631536175331623,0.9876011597662959,1.0427660703145842,6.111981636053969,-0.025790539357357478,0.14594638760596262,-0.06994913932113683,0.1783016263480046,78.84756774133682
415,20.02814851417928,7.910156586288577,2.708856977251218,0.043615207113656546,0.9829657647344768,20.004712959519313,14.785713085590718,7.941509650716004,22769.96228840776,436.03016233046446,8.143681604854445,0.13338866014632011,0.12364059955151648,0.97425111366108,1.0251783093939792,6.692125667009592,-0.0058151751973328685,0.4343010176140348,-0.02473397963372332,0.31717220951684894,76.49589316637592
416,17.98451865815348,8.171862232703907,3.9928529897483314,0.9856010607186337,3.015376308851982,77.00206042128951,12.593346247500314,8.473655910457438,15928.991740324158,287.95884715754136,7.566792585566775,0.3042012921513568,0.022613067920926697,0.9921655675676306,0.9960832231326741,5.015332317630777,5.063504170807673,0.6529053686676358,-0.009500009973835464,0.3560883553924994,74.8281604015043
417,22.00288362330823,7.806498749262138,3.587684445518108,3.9783529275297993,3.008702636989063,2.983682698394602,2.8392636301162972,7.850424841265036,7365.047319818911,249.0409749686637,0.02374583210183319,0.32865040470336176,0.21808588864790926,0.963960001796478,0.9731580100536832,2.8245391481224065,11.255455980412593,0.6384419195405435,-0.032335474614154015,0.8048775284347378,74.75100899051516
418,18.98613174133885,7.069227419490791,2.65456695596601,1.0041656809729265,10.0013170159937,22.024775580094833,17.997210447174997,5.925284645002095,10059.984836514359,254.99075056892372,14.078374376939683,1.0166407314546964,0.898969128849241,0.8543920312244229,1.0025507377084908,3.9851335966103663,3.980949271087306,0.4182949555777965,0.004529604494760573,0.2494382328666654,71.60846687411646
419,24.986965113177032,4.733024641952678,1.23531554889553,1.02494496600795,8.027915999579738,104.94411409240647,21.859287966641666,7.804273146556863,3403.967305908675,137.97664525304646,14.818780960290818,0.8164490900268728,3.351666969317946,0.5336066416027115,1.0108296647512423,7.03597867215989,7.038281960228268,0.19764141806793528,0.040022114694151914,0.052481815992463474,61.06076495036198
420,22.99072483629594,4.231841128946194,3.504102399421977,5.023942731459847,9.980174764097423,82.98395683231827,20.770515226425104,6.240089654288651,9317.019558002032,363.0323783307824,12.949125363758062,0.990042004293098,3.8209961373199963,0.5839017774402626,1.0231003544727884,7.807272380412226,38.886950912529954,0.5701881291309493,-0.00130316692253649,0.0704351089969378,47.92994423626941
421,19.00666401314901,8.615960185964658,2.730873641921681,4.957274971994372,0.9827444065106945,13.985451333653671,2.9702741773794985,5.948455870237118,12209.005184368392,250.9984683676172,0.023862134197228,0.1306271765057466,0.006663161077268695,1.0764672039782617,1.0258666649320236,2.947777122449712,15.029310345685358,0.4371874622624914,0.0650361805933032,0.9246728356542263,78.56119254744891
422,18.985637541350094,7.1108498318374105,1.2891697233024229,0.057348182011899645,1.9996429753071732,112.95091094644701,8.381800081777483,5.271538230227354,11494.93642095897,512.0569755596251,0.3177966828155173,0.18931488772093993,0.9169976431719111,0.9652440061368738,1.0315202891593553,8.152878150066627,-0.0027025058397456094,0.18575762930648357,0.03681007720884443,0.7007766562716418,76.76856933139092
423,23.037672683767205,8.052835643746022,1.3810908269321525,0.9807650521180945,1.980795604847189,115.04484193021808,16.29661926887379,8.011592091527849,8452.019870389593,272.9744133586834,14.44398522299883,0.1481052356020968,-0.01197105009466809,0.9748213468998255,0.9477742093151507,1.8580097490086513,1.7908407299621272,0.22592851649259385,0.017744758215093286,0.24414742705059914,78.67839211450658
424,19.973161780933413,6.399990589821647,3.693080150000809,-0.007951949906657381,3.015240368731638,107.9592239619401,18.281042237006172,7.844446089058837,8701.063854033055,252.94805027428083,12.817432100449798,0.2935563849459932,1.598282691968951,0.7871357417388798,0.9908607035793657,5.423185053245919,-0.01174426955292873,0.6158749980549457,0.05427686703920597,0.11866091861432018,66.61216147117149
425,24.99439385067516,4.564543776237375,3.03309652716161,4.972920369200366,5.978604230869016,91.98234979828077,15.766085689971128,5.918918188037182,8939.921983922177,359.991586851565,14.336988572653574,0.613604292139322,3.3375413788134534,0.5517389296472868,1.0297930246183489,1.4916820777863462,7.589699711975174,0.5228754974161858,-0.002177577647784376,0.29317129912963724,58.15567971984588
426,21.986808068251776,4.613484217384969,3.543258272058578,4.080949865078113,1.006789126232354,7.027239392734154,19.642411774336605,8.00052925426205,3808.962928819279,215.02367667497182,13.633441599141984,0.05180122843861561,3.3883975701256723,0.555777318050217,0.972291048920861,5.900911262320943,23.80968790000533,0.5760714300524918,-0.0018722345436306632,0.08358826551716453,52.86074033840091
427,18.043409336530612,7.462581411486114,3.606568917475679,3.007262120108639,1.9969948169363974,40.01938136030286,2.214099677236601,8.711367337290051,12199.91454418734,283.97218571043396,0.022377966735713444,0.17344692923838842,0.6527966404730029,0.9512081123262833,1.0365780273154501,2.2576413637636192,6.699617402328342,0.5937102337020749,-0.031667887990861794,0.8148864240565886,73.62837747846152
428,21.005896643295348,6.169557215204424,2.6747453510439554,-0.025529252420446947,1.006447778943301,110.96675475910546,5.5179172813028075,5.438813600648241,2717.9977408673776,46.96009698851601,-0.004105295245742957,0.06308234679467932,1.8044512583186127,0.7919897189879312,1.0543113284541483,5.520087675619535,0.016137226259935945,0.4729725882023335,0.5998863217767387,0.7931532548573877,78.86447250777681
429,18.03095533618406,4.9891561169991805,2.5269406300465134,4.025917706498873,4.986207758148109,18.020474676277818,12.29767352756979,5.947788524282753,4732.029711587098,63.006867822081084,8.100338903600182,0.5236015131412689,3.003202193320848,0.6512622827625328,1.0357376295837748,4.146122015966943,16.643420319159187,0.42217010560318047,0.8294597779721169,0.5081805373419505,71.34463554316034
430,20.95543318880889,6.512493381143043,2.3205248962582683,3.023074073379301,6.9898273511641955,111.00869353435975,3.858752303910122,7.977432963904176,1664.003165022494,71.95608938369497,1.834766216352258,0.7501858791103748,1.5299581228544785,0.8527681477645582,1.0198477122130964,2.019918698966295,6.186196013996494,0.3401456213807017,0.5312222895584451,0.712765975039964,78.69467802135931
431,18.00801150797608,4.2983828545298275,1.9755573199152936,1.9943681892926035,8.002880278039912,102.06999106686334,16.818833128738746,6.130792581314037,11682.041759870943,311.0092007809884,14.476676778396422,0.7937090253736035,3.7107347624686713,0.5707206513250245,0.9865748131791146,2.3412843553085856,4.56783794747541,0.35875974300003893,0.04270158277945893,0.2988319901932312,58.73779304898231
432,23.026688923868704,6.870530892588681,2.3052845135566304,0.0252182013835015,10.006062235184839,45.01211821248205,6.89019795551783,7.569543067813914,3325.02491650871,181.98978130846317,-0.0213223193966425,1.0159459108920479,1.0764054858723018,0.8322453076667404,1.008449044112436,6.910817172110504,0.0049466988172195935,0.3630191026974075,-0.08212011168639244,0.6811947745893273,73.86192451948365
433,22.002468519678263,5.333655735686914,3.262505389812319,-0.024758758824925932,0.9998739425382653,26.995762745367944,4.0447785662677775,5.296255970724615,2390.051064419705,150.01483399465056,-0.04172417003325612,0.1151655809769917,2.70070972536571,0.6467854430899291,0.9596171605383813,4.020724984161757,0.000851251861989501,0.5520065968008034,0.07019089045742781,0.9043899364428024,65.3305876203703
434,25.03196441125196,8.069601221660518,2.7920428737858938,1.9852124517515224,7.0511608706953925,108.97430494128642,14.532290290821502,6.77454318076884,9105.034806323043,242.95848513588226,12.561195890947783,0.7466139083931989,-0.034056573740355436,1.003644484302149,0.9765666800622473,1.9165831763968837,3.807069501143808,0.44787125398672933,-0.0031302958882808095,0.3240476498042402,76.35992631039944
435,20.984481346496988,5.605883943770717,3.7010115716470318,1.939693500363018,4.970277892437761,119.97767269899133,6.085885052673777,7.965266267315054,13153.987911707942,265.0389448945433,4.321851402842185,0.4804234128814218,2.405508365118609,0.8118350003428956,0.9786758955246558,1.7450011195497075,3.5442737293063544,0.5874916151161999,0.0706790442281588,0.6540256621360871,64.46692990333858
436,25.04228042320557,6.27287795130792,2.3080578074313287,-0.03971853252658688,9.998073886151419,89.97522692713595,15.823618210844486,7.776265151495332,10245.002001793688,341.99450896545017,8.54903168337393,0.9934036310572503,1.674867501427882,0.8106720042639413,1.0018591772189784,7.2906954616633275,0.02971925922058513,0.32637168154308843,0.05194951302128643,0.2585260883368668,68.99868684075007
437,25.068966943708578,4.053531184248396,2.7665553343794276,2.0542289241701206,0.9527911293364905,67.04113296441736,15.748028220529097,8.257258309838491,5204.973939692535,245.02290568003716,14.047593086362033,0.08977694051727826,3.9278488383610126,0.5157006642522036,0.9882346820371513,1.6437892139465373,3.345907778674972,0.47684163632061205,0.02317276233261685,0.23204239065147048,56.456879172713386
438,24.98911484318681,4.407739279436636,2.9359073284628403,1.0492428588316693,3.011162444360022,14.000539097450494,19.70854111645039,8.47840380811872,11033.993080314935,318.02879626383856,11.396683111357179,0.30226101720120785,3.5846927813468596,0.5701982416523725,1.007847998698602,8.413700533595796,8.373829549935113,0.3815158979383342,-0.010291059150428878,0.0997330999660484,55.772416406249896
439,23.986634924357976,6.033116320299488,2.782093156458041,3.001973659459469,6.966542603908696,98.01695741371924,12.812492995176425,8.086742475146588,6799.00185495016,278.965276651429,5.399897045533442,0.7751295040635042,1.9752588827259636,0.7319065783676744,1.0263348047463177,7.345768329758109,22.079064407757723,0.5056170099515347,0.004747173806371599,0.4673942613208001,62.7959419475521
440,20.04360153431353,6.414255032394862,3.0497659161864026,3.049887943415695,9.991650692323702,36.04542742799943,6.633237132405855,7.707942768183324,2825.9974527802938,140.02646772528826,4.912426462489852,1.0009243334559195,1.5966150403506554,0.8078727653300692,0.9787081737138622,1.7809053963960837,5.229188088663807,0.547627149472893,-0.04734240352048078,0.6178385623200768,69.16817841736395
441,18.047387164371923,6.999927884772434,1.6967292974010961,2.995197765401751,0.9888380702400602,-0.07075392426622394,2.2259405115628366,5.117789045191618,5862.040267605789,262.95724799674565,0.48226423757976067,0.0743586804217882,1.0109617545738914,0.9036398655443022,1.0044580327881116,1.7402282661926194,5.335705172997809,0.2560482672727184,0.02792398232370917,0.954826375549185,75.81671122492844
442,24.984314199185402,5.482321850446321,2.501031259270794,0.9926976909229628,7.008426733798035,66.03836621294101,9.312146369791277,7.158217650532647,15049.990094958124,390.9588958677172,-0.038429637712123293,0.6653650831932064,2.4637800400948047,0.6866301294637598,0.987520930305462,9.34262320258011,9.274741052543794,0.4643142539687003,-0.07665015195857323,0.5730326409216582,64.27889509007214
443,17.987394395487126,7.467235091018457,1.3048176829951528,2.0016953194539666,4.983416272473645,110.0016619073535,3.927748215395612,5.184941323557197,4596.972037407593,229.05891997707965,-0.025679053558915626,0.5375793502193914,0.4843620020802924,0.9148034023785844,1.0057048748097155,3.8173080386449634,7.739913414595813,0.27849064245469307,-0.008960666216479887,0.8836761740776992,78.09464185425168
444,24.991546461734185,8.325042539789747,2.2408639721105525,3.996252352140293,0.9821408290691805,23.013051451149213,4.720752301107399,8.237206918773113,5244.9739116689525,285.0333556010639,0.36764823454170437,0.07422236488065764,0.0031548691708020897,1.0351637784196093,1.0205851779463546,4.312471572556939,17.337440807693046,0.3584671725304813,0.04629712211441868,0.7499899170848784,77.3378733694056
445,20.959666484668972,7.927413148641568,2.4929065348979242,1.9935441102931946,1.043075693922577,25.97514790334755,18.359041983298475,6.279161566861651,10688.019653008148,260.062209925263,9.987689778658037,0.11990760877597287,0.14015105648609547,0.9779127017421145,1.0276370737252665,8.290707340335148,16.678117427717353,0.42899577988223875,0.02162174635354888,0.23453212255971612,73.09329252358759
446,19.972440441605475,4.153628106399278,2.996411411268937,0.03430194321448658,1.0085370037142358,38.977346268046546,11.842962358117138,7.2748803177567885,6174.9579058477575,163.98889357908178,2.3201466856097137,0.07960926012224116,3.7241385270711866,0.4842861774098731,1.0201091235787911,9.49211979045982,-0.06628049454217969,0.5040880890358965,-0.0266266095009109,0.39216105921893785,58.573820731714605
447,19.969875776997437,6.447695169345421,3.866904468563007,5.004504069618686,8.983168474439331,62.01466537669439,19.530990455723035,6.094316975176883,8241.993964414896,316.0030728599223,9.67232093650083,0.8619992179025049,1.6184548961104968,0.7828534351942218,1.0124195688678699,9.882513749623506,49.338628373208294,0.6954084794403983,-0.0402091649197512,0.13772859567527956,56.415722011505835
448,22.976966073046878,4.51722213662682,2.8246166050866366,3.021374452933014,2.9924749898456633,60.071537934009946,7.63464689861208,8.101358704989213,108.03982500736366,3.015820642402571,-0.020588352168543055,0.31815598800905465,3.488493033067817,0.5207156164100867,0.9573936018094141,7.666694384192236,23.05299097860289,0.42488769633008777,0.013826930736346742,0.5596584411442492,56.610952995384004
449,23.998959453378397,5.241987839354374,3.205529271922343,2.03094141575832,5.049360648568122,35.03009939938445,2.0374829549428504,8.54200283145213,5232.008777953372,251.9996341330022,0.006652732393001674,0.48107765399709407,2.7851616895931297,0.6128961532851193,0.9675620221136233,1.9816351684644127,4.0859084028437165,0.5265122461523226,0.0023512735081094365,0.7858763512411246,63.90291066251284
450,23.007026441976095,8.859736167545448,2.487399168181175,4.011645573869642,9.992945053652466,97.03796568764255,19.161123755014174,6.575243616355566,8198.997761838327,334.9776159193791,17.34342913790272,1.0127627691771668,-0.02043380880407275,1.0782716653640059,0.9752746516059853,1.8113725134655947,6.966982004761286,0.44424860240848724,0.02629652473533451,0.17456254529109225,78.10635640449209
451,23.046515014784422,4.659025275337537,2.842859759196036,-0.029108139777247154,8.979321701305429,91.99423996189216,6.592125949911654,8.425899740741285,3291.9989226878906,134.9731174590636,-0.08013185896109266,0.9149784882253813,3.289083132490972,0.6161035389467758,1.0107586062042258,6.595280485830313,0.045361114245964645,0.5077393495891953,0.0988741432248252,0.6168920938343766,63.0196688452853
452,22.970049378777837,6.495530920706981,1.2433323658516526,0.9594140233310788,5.979450115496208,22.981993873262432,8.777919747771689,6.124914054249963,19541.969113062234,324.00641586698487,2.783062501374552,0.616387957350374,1.51862451602736,0.857174951900785,0.9612698526282838,6.025673568257718,5.982683806705482,0.19871575465335523,-0.031762626291103574,0.5790480682042257,72.4654140916182
453,23.029529671954297,7.115083532806856,1.7631696010663183,1.0044634190442192,8.983526205570312,22.97657585145263,9.762138047787865,7.205159796284828,4596.974285958687,228.96799420475014,4.927689913077526,0.8919555394817045,0.8838964058653421,0.8414176096888532,1.0101256698450358,4.8573016486806955,4.8486591648924735,0.34176933218908223,0.018561988123056223,0.49840559877672186,74.25227784474771
454,22.993580334673236,7.553890824687809,2.0822616597189088,3.994862310855252,7.982165068327198,104.9853517882591,13.790655731908195,8.429388848732332,5453.9941445498125,214.967154095229,4.635140142967932,0.8205855066951413,0.5497577604744087,0.9849055099882347,1.0079340777139794,9.18685529253437,36.581950179525236,0.3570043498493241,0.021760110434312998,0.2593472131752066,68.25074394324054
455,21.998516088710428,6.821182367414454,2.41075033533228,0.002621742867603651,7.961610564549523,2.9384165270048843,14.54153228913395,6.302751568492451,2237.008138190903,120.01180716033464,12.481205214894313,0.7723236101465576,1.2187160035287723,0.8162021748111836,0.9419293268344094,1.991832141938408,-0.043275939302111315,0.4034110055014758,0.154468105099261,0.3350462611625069,74.01906888240742
456,20.020244584765,3.992719561695639,1.0641032621414994,2.9995183788225424,0.9662739970915907,65.97825241971326,21.024403456455744,8.814364715398087,838.0284445003541,59.99714521945543,15.571549567527992,0.026377292468075977,4.0059391637545865,0.5224064028191707,0.9673719153469734,5.375050546826697,16.306882055542584,0.2042446240490037,0.6267205394296759,0.035151594282438,63.18345023842896
457,22.96631833935313,5.569208923770023,1.3551947066524057,2.077507209804997,8.97512038876916,32.98318940531821,17.399947009080538,5.523224977203545,5472.0027768185155,257.02811618811745,16.367451954979877,0.9212067651936032,2.3950183164655017,0.7077567571229891,1.0313162672457026,1.1191143722653352,2.1789163343066296,0.23150647367555746,0.021789568777897148,0.28730307057438725,66.7144702488168
458,25.011472292385523,6.636900017181574,1.7362815725189802,-0.03990678766924014,6.017747130553593,55.994739254768156,21.81437252753077,5.109169366855202,27745.040583225273,350.9872526576975,16.50711237851682,0.604967715145124,1.4356956261148435,0.8440755463413856,1.0209222744518474,5.189060392704676,0.008170052002853742,0.30150784699547667,0.029034688978236484,0.10683554845591808,70.67394031466605
459,20.00499356624639,4.371058837227479,3.921629908587169,0.9403016119053662,8.988562881381814,48.00395250329242,9.820558735301013,8.56668208603931,14131.048155940456,361.9825623215007,8.30586696994343,0.8816976526795809,3.640080590602749,0.5150277084156711,0.974488180084152,1.5439074148942196,1.5607908283850864,0.6263812401260324,0.05627575071821292,0.42538939391854486,57.645425337322784
460,20.014773537920245,5.8488540566431695,1.9836444126582105,4.009971305005588,2.993785149327179,86.01087352605877,19.8058329396702,5.284280324001968,10999.023858016375,323.01270660188106,17.677186442435058,0.2558654171407486,2.165158535582373,0.6706292815198368,0.9689541704375665,2.0460763365347168,8.272794568927681,0.4213354231296648,0.02550351309148447,0.17586527889836662,65.02066322696486
461,19.008675059317234,4.191468460511805,2.4878181027741997,3.988707323362354,3.038102640757647,51.99955223882671,3.651304590540758,8.930795359765167,11663.036749442243,312.9756392537634,1.6575629986453664,0.23890265103493968,3.778943056838027,0.5009127476960229,0.9264895994476426,2.044180214138245,8.279778503587595,0.3857976137150623,-0.016531670364678747,0.7415488131606074,58.974055489858806
462,22.073659004197328,4.447717462178536,1.5701693480310739,2.0094820360918986,6.038850214498153,118.98255670740971,11.057087521988432,8.862748164736258,-0.02972140564164283,-0.019743831766700557,4.180600759493758,0.6015523004462692,3.6190389061917605,0.5628060594988198,1.0441389306316395,6.802597286205392,13.695514190718768,0.28854400018071674,0.03728108613783411,0.43843658723336765,58.65003559129523
463,22.98086780047246,6.020367938701779,2.772356469297132,4.01751649066852,8.991536251705869,114.94109924070203,7.342982468053788,5.563207440906312,11180.965524031959,270.98144636828863,0.01964773345054603,0.9494635789718986,2.0281004283333206,0.8087071252645758,1.0012316310529314,7.272131139169915,29.268676172732718,0.5239283821494407,-0.012041826294612815,0.7065927795180778,62.927672721773995
464,17.984070091349945,4.695890135316726,1.783038210891438,4.038523140855367,6.981074094679498,21.982740741747946,13.426448638680732,7.1252995138491215,13953.01553920129,194.99370893681115,7.13306624245886,0.6958432775070705,3.290989783550722,0.5566082920694176,1.0565117216603561,6.2470466244534695,24.930678558679144,0.25971540408463356,-0.029478250324055086,0.38698883882887275,57.42302162277281
465,20.981305784207258,6.784418108845216,1.6072940396541548,-0.04521677461151815,2.9740670905897937,107.97082648086939,10.284993424451955,5.7327603583618645,15009.959763705643,393.05317309629885,0.5252374481903399,0.28915993839925364,1.177726654208625,0.8470348754005507,0.9942498673908323,9.65348515041609,0.019089140890465435,0.28500190353394883,-0.02690932762601746,0.5314457720182967,74.2447358051749
466,23.983335686425193,7.389772763679618,2.485893899836441,2.983298463064285,3.020783273091247,68.01398200244836,2.1556273213570747,6.701330682252015,4925.99128884468,194.9586963352513,-0.03594482852240663,0.2992689647251247,0.602358378778996,0.9025276240447114,1.0084776789666876,2.1857235215943747,6.6144829075639775,0.4173615477107549,0.036940468387792455,0.8554683108731787,75.88446050230256
467,24.980878386180805,8.012849500771257,1.0183699664200754,2.012862837766423,1.9938587829943313,94.0272786219008,20.226704815321906,5.265753388286575,8596.02313575716,324.03886522746353,16.673284678471006,0.2653761533572631,0.04430080292237953,0.9994832145167096,1.026738954142858,3.632999125257012,7.132015475513919,0.22050861493311383,0.018607373181818574,0.20375072836237235,77.75171619772085
468,18.035670495933225,5.002314694886532,0.9706423483003404,0.023113907870616797,8.988405153290316,52.0281571320118,16.639886365536093,5.931257378125324,11663.04240118774,313.0221336026887,7.871917037520852,0.922557126799594,3.0012310278015644,0.5670764391691101,1.0491652805854272,8.83550154468874,0.056865927186457665,0.13939033324887257,0.031825081757046556,0.28933889294887216,64.93226876616245
469,22.042615127439696,4.782185657757939,1.6585522484460926,3.0658034865086514,2.9755900627458733,61.02270858208384,5.591681780700027,6.415553781240849,3587.9923735304915,0.047009365421099784,2.566224490857632,0.2719927424489883,3.162081776905246,0.644941300061697,1.0150306497545327,3.0126698463628614,9.022291388495626,0.2607656911015062,0.2430027250090221,0.7957876254790265,66.43849022165257
470,20.982877611187515,4.495031057690471,1.0460535578177268,0.028671119133416013,4.976910007729658,39.99599422793643,19.93970357092781,6.805162635027363,10144.980501671142,313.09410058144965,10.255736752586172,0.5008431171170631,3.5032874968273227,0.5632210823485891,1.0000722165381488,9.58628308245741,-0.04826622665565989,0.18183608830712983,0.005665418785696038,0.17450029906426606,61.39837056917004
471,21.975029332806873,7.202357310891575,1.233292774961884,4.998296342123412,9.009601745744797,55.98434133303572,20.392995896437125,8.958170703234625,14990.009613848646,232.04294359062362,19.29531144248676,0.9099731073346482,0.8234824421368955,0.9275149699195826,1.000838729833461,1.1341633190691773,5.570410072354141,0.20186123496937905,0.009540344780025403,0.014720100719347226,72.80967675476855
472,25.01414246669159,7.436137977167555,1.9844579294157483,-0.026713072588279835,7.960536852023382,119.97758691738998,14.472177956222875,8.203740292972268,4561.967793696695,199.02777000843724,4.704872750311076,0.7683098340026346,0.49695868065950727,0.9305339392989268,0.968624931933792,9.818745529312174,-0.04271028937304959,0.3195550047360979,0.017732354295190232,0.29870568602818176,75.7029594680354
473,19.98343330867157,4.213745043443661,3.390970590628203,3.9830713044184294,2.029846060813638,58.95477503250195,20.11714039646245,7.9521840538308695,8277.99480164055,419.96062510945126,18.691800938513044,0.2227740986702768,3.837745004374517,0.5307188422838083,0.9885435139940305,1.3828006998895224,5.55605443444015,0.6275195463514412,-0.018074698138403858,0.14960892395982606,54.635217912739144
474,21.018987954532665,8.670608363258495,2.6810568891755047,2.982218915311287,2.9839846606855525,53.02975561101523,9.709806152177629,7.20132425632343,5318.999759998552,-0.035586667845331287,0.6594051988457963,0.2754657360856694,0.025975471065524572,1.1213661747794024,1.0015365845384527,8.995972647588674,27.101059997735437,0.45381128105468543,0.29372849469659223,0.5729158474839064,79.9343504361185
475,20.006087690625538,4.265400027903827,2.5373021739156147,2.019657008855413,1.9955109216724463,68.9947586688621,17.308659786484494,8.396987557600324,10770.99916048022,361.01080570553097,11.544090603307922,0.1546716269797979,3.6981472322891094,0.5414515046928268,1.0414568162530529,5.75420972141893,11.513574312991395,0.39312610366173284,-0.014553451904509246,0.18502492285782882,55.92585357820229
476,24.954527676550082,6.649379669586679,1.936840906288244,2.007709923367575,7.959890661255783,99.96260979119137,3.234644038817206,6.349897709098563,7802.002655104215,259.9490577155624,-0.03489719486250871,0.8022840066151934,1.3012943205892136,0.8425311897234636,0.9870987041955597,3.1470577380204334,6.372578354538795,0.30496616414574795,0.016323700511987695,0.8576544105815039,73.25977103927832
477,18.046425156039902,7.4461832250639635,3.7899559103766647,2.9602905128747348,5.999629021852729,55.97520525872869,5.536478803224682,7.864430194437036,11874.974964554332,283.01846317753876,3.918598100638433,0.5975353242152893,0.4447472088445033,0.9136817687212351,1.0318796393642136,1.6780308989465882,4.981973460506222,0.6454800801138387,-0.019435118456229222,0.696550102601847,73.62535154464807
478,25.053876330192864,8.359336574906632,2.146182366604241,3.986922955927287,5.990150371719283,8.973990796307023,7.249723539679232,9.069915948751575,9556.978190210222,352.93595234327717,1.3088070934376608,0.5999693429339191,0.036306801747364885,1.033967293149627,0.9975448596620842,6.029695128530004,23.976714517307467,0.37678769420860053,0.06388849940602233,0.5707407921810919,75.56546131307486
479,17.98161633928547,7.578729371271085,1.2829988467583484,1.0263264266035426,8.998497582034306,39.00129073455045,9.033460948451177,6.2631547994555365,4743.977586512169,194.03456700156693,0.0049177786030011545,0.8770606614701164,0.39011447953989103,0.9196155308647719,1.0373067567874732,9.019872066983968,9.003402550693268,0.19934875415418524,0.013237896500798648,0.5803706735775876,77.04623217366073
480,20.98836895320192,8.058597774125797,2.882005358182488,0.01054987064922177,8.044151266950857,6.03202403553212,3.850661336067646,7.6810205524568,15446.951397169823,251.990348990642,0.006779623803129141,0.7812466214638688,-0.011998702178290464,0.97785947234561,1.0203016748191884,3.850840776517022,0.023251652182439856,0.43449238259252376,0.0035846246973117554,0.755847177951396,79.00674523284678
481,21.008575961721746,5.684223609723144,1.2802859511316582,4.017059338480383,4.005330941373707,101.98956031351213,17.326195168754374,8.385172595562743,3570.0102549096555,139.0037979083641,10.661343480003902,0.43385339981107335,2.2835043918041773,0.750036873313925,1.0182758608855407,6.662196868355452,26.72415923604738,0.21515045888316048,0.04660154719190809,0.1360854811004263,62.790783052505205
482,23.010033703699612,8.105332503188041,1.9790684328830526,5.011487651301718,3.976160224475626,36.932423994556494,3.6626768486062424,8.66739656286492,10930.02683972355,213.97754883110738,0.02023497595303711,0.4132325684500225,0.01370092687470288,1.0667582793002142,1.0293647997998658,3.644963423043068,18.316303102647623,0.3310054855721442,0.027472110360273364,0.7584109846151488,76.94696657535856
483,22.019756328180186,4.41201444159519,2.480396113128256,3.048792922038266,8.978660402683603,83.99432458994524,5.421890529766976,7.8542638978299975,4935.023889302485,232.94304420769333,0.34087420202804686,0.8712976177026814,3.56613920997712,0.5125817534611183,1.0249947973385787,5.045500066673685,15.265468197354322,0.397282760033679,-0.036358266788305525,0.692275366387568,58.25480575907788
484,23.06030613616299,8.503931955586475,3.5884037515230673,0.007081291914731101,1.017853935577413,59.995314182997085,6.305710542241375,6.1432487520344266,9281.992125094186,247.03704085837583,0.023509473896116146,0.041479093167396786,-0.02952518345137632,1.0743551535511033,1.0319144018711148,6.278442869222464,-0.004801962106355451,0.6383933929819746,0.00947314313496341,0.7557645429955622,79.22031850370071
485,21.99469158317518,6.69767669617822,2.480933767035533,1.988419316063879,2.0389607987298026,82.99325239307194,10.173624341587491,6.272367968208175,6423.975669842816,300.04007104184865,3.9651097915024534,0.17256750793663372,1.2984242469490193,0.8279692582939867,1.063952918777217,6.241218530728661,12.503246203257369,0.433904003692173,-0.0130658903978149,0.5234338249436007,69.59428372089602
486,22.976051082663847,8.064141187092023,3.106249675258768,0.9725273487659932,2.0084575406225316,1.981176165005729,16.84234080832709,5.06003398398974,12183.02232943927,335.9894553670439,7.681644247813322,0.20471897216480572,-0.018795399947546042,1.0544090570014728,1.048506841340468,9.15141874031893,9.090890742441509,0.520711217613718,0.0036278892824906594,0.3797457112414741,74.98222551837645
487,19.958620423159566,6.343527826448376,4.0108110614771455,5.007488283746292,6.020661382336643,50.00652317242177,13.09681151540949,8.062747343284643,2916.019167690671,141.01985788694202,11.709076549163619,0.5810420484493667,1.7100570072011927,0.7915458065453376,1.013992727024949,1.4436786646367203,7.048620386289382,0.6558453278907644,0.02183819577227189,0.40768130166566074,65.325492496842
488,20.978072098801743,7.254215899309137,1.3726806473845252,1.9267788795567475,4.018292131700101,85.00198423345446,5.34599946599591,5.117353874453732,6799.006522619273,278.9882732573937,1.794415196594767,0.3787104938446954,0.7823033216190144,0.899775728857774,0.9867475942388904,3.570588095587481,7.077721948679946,0.2853241920376946,-0.03436986968947693,0.7648504812235382,76.30248267188064
489,17.999006190813787,6.549520239176319,1.838131959780211,2.9944713299450187,10.042571932400726,45.9992550905762,21.358722295356966,8.487095027759844,5652.052329337573,174.00865469532798,11.743018768973752,0.9823251868320801,1.447851087931268,0.8026569206352079,1.0109925336907248,9.57775510673993,28.70943327483505,0.2653658147743746,-0.050127960379586264,-0.006426405843300774,64.26004117329788
490,22.053836735905534,7.669279142273409,2.1705981309447817,-0.006175195797640319,2.941512294818219,67.01237924084329,5.543268006803369,5.409640559028829,10287.99920723436,245.0227741759676,-0.008695196780318996,0.29781877311791133,0.32080372520353195,0.9165465988272276,0.9422141282302443,5.586173487344432,-0.05869619923764682,0.3517687847485147,-0.0279495835526199,0.7776634641271023,78.79066951022455
491,24.984471661028916,4.39160568972869,2.2514659815855396,2.9590658743914817,3.0200165681791358,90.98710501530556,16.951561190419913,5.638060262633711,4831.992293300482,226.0166525477372,11.864586292899638,0.32353883738875044,3.620426586371368,0.5728281544824847,1.0248695983750307,5.0746785342480845,15.2295609275217,0.3697622907941793,0.026377252261717568,0.2631131510965856,56.59941793346237
492,22.00671363854917,4.271063866152694,2.211423342140952,-0.027847975159679874,3.029512081317107,74.98540242990899,18.966443972979132,6.895030637708324,15167.988005480067,371.04022908840227,12.396296870625802,0.2999874238816292,3.681851147385361,0.5480893572425433,0.9681990041627917,6.6209768490433945,0.04890238296280547,0.3756354850682755,0.01119400174424347,0.16387062537247402,58.709710990066796
493,17.999507313117817,5.215178966603676,3.67547775596757,4.024289725904447,5.9598382888159325,37.04140369868756,19.55457193085288,7.958605915284581,-0.04682633119442422,0.01556642027116006,16.105250095524013,0.6018581106455295,2.872170390233183,0.6613233242156129,1.033674438279235,3.506864329932522,13.987436690138283,0.6364932115779007,-0.01208703979656351,0.12007608923297912,57.50054109790131
494,23.035651798203443,4.778151833927802,3.1096387441227216,1.006921352472249,7.9734299544798075,114.01678066229147,21.45699488488399,5.599757908093821,11200.019840198924,408.00084253851117,18.776128836055296,0.7932541890835154,3.1868296695717704,0.582020186920242,1.0594086710107216,2.655649527081801,2.696375700399498,0.47656942809756914,0.05904441300955253,0.11133380083887252,58.91610335221041
495,22.075807972776207,8.464951682034199,2.7278899419669838,4.0030536500112195,6.974476517541156,35.02480838182829,10.978388349235987,6.761728682894788,3671.9968354389853,152.97715743096367,5.8368027804628815,0.6850192950353577,-0.021414308318703487,1.045626946634699,0.9564719697194527,5.145869598694202,20.70818145149851,0.44612836592703786,0.038552950915934955,0.45861354275673716,74.98384597136165
496,23.98407393681239,5.135716457830307,1.9417736782444919,4.009190426017961,3.9781362941086784,110.03678313756002,17.40333798801673,6.92260339177272,0.015297937240703857,-0.014355161409717624,13.255343139075809,0.4268272261395979,2.9212022779086606,0.6612321295834075,0.9984908681137724,4.142257696772568,16.715074418483386,0.3300959984589681,0.03130385954834289,0.2585913097883702,60.11478783258296
497,19.985316816724453,8.906377220918968,3.520168802241212,3.0027788276384677,3.985548488471934,40.015778325418744,1.198702426011438,5.867387437439544,15148.055256340063,298.02430154190176,0.0028592709952696554,0.4222720620353259,0.005856843988209932,1.1419633788919334,0.9680676144199771,1.1584391311815023,3.7192546976693857,0.5633789351444488,-0.021726161722963495,0.9316657907884768,81.03314640533195
498,21.031324826312073,5.730809587899592,3.85498570352511,1.0372858768857494,10.007278084391649,68.02785166037408,9.972761662343164,5.433873035385962,7212.988277446902,262.9549452044326,8.263405031224623,1.0613583975299814,2.2754484707227647,0.6771458515224441,0.9481507010819052,1.7112673982333368,1.7143665942135613,0.6379467174001103,0.030970428605017943,0.5877452111501753,64.71639393368079
499,18.02045674468879,4.933177012730719,3.4556366862846115,0.0037028754511094623,2.025970239535021,11.952619645137892,19.085226676627634,8.354182454780393,2282.9298597384964,129.0331742191024,9.345056375169616,0.2183169289516776,3.165875414862657,0.5934995578849581,0.9968103504638837,9.732417007840521,-0.013428006522023259,0.5885126743984316,0.07790874462287732,0.15668877215131485,60.1904988329757
500,21.05540121977208,7.883081575358253,1.0501679771229258,-0.04374639341456251,1.032439508733056,86.00612461615988,7.5538013617265065,6.974016612261339,13630.014432111086,300.99156568821957,-0.0016346428157341176,0.08504757034577612,0.1292679849457848,0.9458034973378358,1.0190550111129564,7.517321641575077,-0.010745478151142294,0.13726890224596855,-0.02166794685194885,0.6556496276287428,81.07272158302236
1,24.01751784555978,7.6755134826637414,3.3778786028950614,2.0489038989462323,9.974865308164967,36.99451844614557,14.219271153036903,7.412477715506262,5372.005005781697,219.97544182286777,9.853698407383867,0.9728604607266943,0.300120159038038,0.968537932377801,1.0226320128795714,4.372026258485695,8.737416208217917,0.5749950063480477,-0.0031230204644160323,0.3269782149410467,72.80072492564783
2,20.98922123727639,6.3023442918890895,1.8749744545380211,5.011110208019866,1.9746589100389105,74.050330522727,8.727755447389482,8.20610491022452,9602.97802638372,249.96703827469656,-0.016385500903254566,0.2285883578213485,1.772033303932498,0.8140301493630968,1.0046177743769604,8.724363212283382,43.62668682564758,0.3350434617687415,-0.031153040139180705,0.5084937291741262,62.22564546575789
3,22.01771964492077,5.125849083734938,3.8320184371755213,4.982322388076148,5.039474655200487,53.0278293659541,20.033361820400994,6.855871962356518,9423.011917990068,289.0202310335695,12.455688232398604,0.4755503934706967,2.924323404328648,0.6291385344885174,0.9500730383015931,7.566542221062801,37.99041200262738,0.6511516033614749,-0.021404538113201223,0.15897671682676404,51.946545013196605
4,24.033261107417488,6.304171811959602,2.789476653831953,3.9623979484511493,9.019402318062559,54.9810866442762,19.870140622522793,6.694951219096133,2524.023582889603,167.9995607593859,13.391444854436862,0.9242921005956621,1.6996429709062133,0.7676143010700085,1.0037013628735991,6.433494228165182,25.555424183277957,0.509428181119678,-0.03432527223633142,0.1723280154909136,62.393300439488655
5,20.02461446543592,4.65269010553427,2.6931684115549275,0.011877426628741361,3.00248594525607,85.01118382475588,21.010815746801214,8.98475648959479,-0.02839829730634642,0.0476629566968946,18.600240732111615,0.2772025801832216,3.3684431293553074,0.5774409443858413,0.9552235595126339,2.358368129229357,-0.035115018006859275,0.4717626753618921,0.0286966238955523,-0.013535264435520182,59.01221004821623
6,25.015218220933217,4.875915266681475,3.2214647929030846,2.9964848398507686,9.014200100266649,96.00503044000348,9.799495960520668,5.075263620370174,1222.9909600441579,37.96210773048422,7.439146367525981,0.9104747515136185,3.1197695420042257,0.6816893994492946,0.9571903522582641,2.3594496985753124,7.224008111004395,0.5321056813674825,0.3909763920400418,0.5938963671046499,66.7641458713701
7,22.032000240687676,6.4977808140921685,3.3580276471544654,1.0472244035809724,5.999105886544457,99.01362994299457,13.06926323276996,8.531830997908116,12912.044302611896,369.9826550913081,11.470030918355969,0.5682074635540091,1.518457357869611,0.8482578429977065,0.9700954033523033,1.5364878267414515,1.565923799051172,0.5570239231967226,-0.028247965150456036,0.3603179783941837,68.27680566240059
8,22.03507886771337,6.097730031870225,2.954391396232782,0.9896227815799952,4.015737540491428,107.96943472591876,10.45137864220594,5.597718532769088,14726.978351334263,332.9972333652562,1.698583205217236,0.42339656062996245,1.8884095711851854,0.7844299151818898,1.0314943357413526,8.776801323043898,8.827409803186086,0.552641577188171,0.01552122987851339,0.5974009899389111,66.60043395601811
9,24.041464769731125,8.659176265303694,1.4135288790432943,0.974878576309526,6.9899179991048275,86.01080049395715,11.036598705255502,8.117192128008897,9592.002000092662,460.9774442976809,4.671427315548442,0.6629898503347225,0.0014824045709894123,1.08460203686748,1.0163576603704463,6.390077672394824,6.387240791123636,0.21348962022060455,4.50994921375532e-05,0.4388177972597454,80.45831101626831
10,19.01946129662769,5.75842036172803,2.030201902136812,3.0268738865470777,8.008064148033178,43.993155459521354,14.631859744551043,7.496092861745288,-0.07873233498131654,0.0001835599242540892,7.2849057079594335,0.8081887198852011,2.187679210124074,0.7246177560614285,1.009677720936478,7.3402821192300305,22.08468746160907,0.325168156661856,0.031515164438001654,0.29523843141038997,62.83074544197716
11,19.994986457590496,6.915167677255076,3.752865429466463,5.027758456781505,5.954683618488915,108.00847349292167,7.837218363605228,6.3926173619557645,3799.9555446349677,193.00958502299247,6.596084229405987,0.5940648019731897,1.1431920723812432,0.8353010350771387,0.974121574574895,1.1954064842565306,5.969121911866449,0.6210388324720494,0.00400010126789986,0.661576091337449,70.30353299251651
12,24.004401410593,7.244673393249849,1.7324454225889923,0.0050595410283058645,4.979366471155237,32.97826844504633,6.045622464572342,8.515236395352058,8580.00472552492,330.0145345271739,0.0040866948712998995,0.5030541931167878,0.7517175756974759,0.868149287270759,0.9883667384934582,6.076768956238394,-0.048729310734247334,0.2952674350263086,-0.04311563073595667,0.6567691462872098,76.39874731809051
13,20.03619526899525,4.168143492362684,2.101126255244605,3.0202907114302473,5.97968966469629,7.982448104858102,21.665175697462146,5.028885002257916,11388.036839634287,272.0451850139265,13.165188798005358,0.588125884975151,3.9409761129919456,0.4954626797046036,0.9588963248152882,8.495557460464,25.487078828388967,0.4176546888353928,-0.014902309879979897,0.12122036825278827,52.5323802085496
14,19.975491929870383,7.287868077304481,2.332754160172239,0.9988693863777328,4.988768299003793,87.035215260611,17.61868237059253,5.936564117488203,7242.95913910954,226.96089582713654,14.809989371660174,0.4874222015788703,0.6736797241390619,0.883886603605939,1.040929039806763,2.8935632884648563,2.8939962372006978,0.3907335146305989,-0.03471584657863845,0.27619012962511647,73.40336743525816
15,25.011060199266186,4.9147428835816065,2.2978933891544715,4.007015953030278,7.972204602356608,6.968453573249795,7.036794352857922,7.2240960721377,13372.002236921862,301.0101328095981,4.36846915923662,0.8046434361202932,3.098262363905094,0.5942656111394047,1.0659177402271087,2.613893816761567,10.585108110831722,0.3736711115535955,0.01689023713790354,0.6654125442045103,61.80912609612958
16,21.98819983563018,8.81709281071596,2.7243316624753615,2.034949726476918,0.9839936912253076,5.970667367968739,13.884278641780067,6.357940678892217,5861.988728462728,262.98059171541234,11.242384248482464,0.06993584865730446,-0.0088564916347269,1.0969431312164128,1.0166979524221937,2.6457477735237487,5.269639150527875,0.47232681384687003,0.03253382510404728,0.4389472516004274,78.7575502310061
17,21.000862344688045,4.705864451946599,3.7954409785305185,3.018759550020645,6.9545675781280565,34.99845256228353,8.122602769310797,7.401723870002943,197.02859264164977,10.012900401400708,4.332414623051598,0.6697593381499997,3.2843954254051435,0.5867409523431113,1.021952626330311,3.7671763809129346,11.190646491714382,0.5939475750797719,0.04932639413896935,0.5902961692620728,59.33170268411333
18,25.03835355587822,6.097034643962821,1.731804314560138,2.9949217668500214,10.016461014291847,16.976843288744423,14.730137789982322,5.098995755690193,3587.96346590084,0.012939965590591409,8.918916219609239,0.9892435150108476,1.920693524444065,0.7438885617384657,0.9952311958236589,5.769852666634238,17.18693450897651,0.27769980110476117,0.22051511838875706,0.3904056521026475,69.68654841699035
19,25.005732972040597,4.413079261685001,1.3731876194274886,0.040570876377784525,9.997524594432658,1.973449141032116,13.748588304598277,5.490254932029648,0.012902329451024557,-0.02960758149696994,8.874759446008486,0.9880758958084298,3.599844323600135,0.5648562866392062,0.951416429090249,4.920845827169938,0.023865475928304132,0.2844558620070847,0.03458252673264793,0.44548040988392174,61.84966676669914
20,20.001393096444684,8.924032617443409,1.5883610509327766,-0.07094566118374537,1.9488437717667195,27.00315227913625,18.64578166689969,5.420719025779714,-0.0196107206098877,-0.02703457027902263,15.00550953744937,0.16983810608586877,-0.020030962804466586,1.1193298088355486,0.9746810562811842,3.636234382039256,0.04078790401513896,0.286526366605585,-0.04677308323012992,0.2931250619995454,81.72271952656378
21,22.959204315770602,6.520462084701879,3.6947159948934707,3.061562199342658,8.9749551026836,68.95484802429289,16.620959862448274,5.799682284956393,0.006691140744794253,0.015349291904087245,10.106070973675317,0.9277264407874399,1.5046198659053338,0.8189409589353454,0.9860384635319949,6.536141337686571,19.534215971607335,0.6535956862887964,-0.013050474722095732,0.2662729443133683,63.93532158035432
22,22.022387606980818,7.003785337109859,2.8130145836039455,0.948821227153278,1.010098042826865,106.96976113295258,9.283901052662696,6.843933365885353,6731.002067931569,313.00070213532234,7.0163492136502885,0.08996579744705185,0.9791173982000047,0.8526622884519928,0.9884423196846174,2.2199866697717594,2.2659292840967566,0.5137337254860931,-6.890961282996149e-06,0.5085248675440205,72.6560667035742
23,19.01936452543423,4.293325753096652,1.9501404272631242,1.981187215256831,9.983709341608426,43.061622867487706,12.93562775454054,7.962966829572307,16432.992446627777,262.99341134477805,9.255275423007639,0.9932001339101166,3.6838667350299574,0.5582861766353002,0.9815381911428915,3.6078887285793892,7.290077157812741,0.2954026778905571,0.03202330754135298,0.3755088427530194,58.73167184479993
24,25.064897641699165,7.761405865871587,3.3729587296030847,-0.0012275260558520713,5.979091756195857,20.01378425176907,5.735509571562541,8.623028409108686,14687.014334355388,281.01973960489323,1.4108134889786623,0.5601741502209135,0.2550821073288357,0.9464546169924525,1.0014325992571471,4.312988544814251,-0.041118278341673684,0.6240263138125911,0.016340676968741603,0.6402884075664372,76.06620322660542
25,20.99076665295141,4.9797519794362834,3.615172062974184,0.9956055798781551,8.997762219689758,26.977603099431903,4.070970307151344,8.372775762440352,7833.0013095820295,241.02195155427586,0.0028210619614530757,0.9621490756383636,2.9864907301954573,0.6732566271021597,0.9744949273440395,4.096455173988547,4.073610458049171,0.5467185436461988,0.02247104393631812,0.7254157165062248,61.81594229110746
26,23.006574509829917,8.48790772032805,3.4973989659155538,4.030192331200797,1.0103079260553465,103.01254645234799,10.62090217667,5.807983230459188,10992.996015810937,164.98411109661896,2.54192259197204,0.1728120218666474,0.014826135791836028,1.055750259377265,1.0650317236185889,8.076708843921713,32.22773071366696,0.5933082549901841,0.018073799425874823,0.5584661162396222,72.00954129708236
27,23.007481510511322,5.059746599066142,3.8377285716907807,-0.03173509855830703,3.956909426288825,53.0170199143096,6.050958506133509,6.792972191876618,5150.989307503979,161.97443840587073,3.3127066025121663,0.3765880426478696,3.0011137475387413,0.6221594781551643,0.9590387795501124,2.826447995155955,-0.08057064624136148,0.5715438315102851,-0.011193944810471427,0.745167309336242,62.22351632707403
28,19.047323598392904,4.9750381608545045,1.8121816836728424,1.0078230045244918,4.016503854436537,53.02983243260271,15.543033417127928,5.759012601118086,4744.002327951693,193.96214243069488,9.94095123397017,0.4367825914350729,3.0544519100691945,0.6428076545902668,1.0266192863206764,5.65283079425543,5.653374677849042,0.24860077162350175,0.04930221413243928,0.35872614739348296,62.6488982062061
29,24.997141134028393,4.183496541511904,3.2929522718543707,0.9826536370534074,8.975991201551778,63.9961853191163,13.296027771196956,6.047579842945847,3325.0066613064446,182.00100362360604,6.941114106669883,0.8972455984878723,3.878384524211639,0.5493555058036496,0.9921443586951434,6.299002214456396,6.374621673220307,0.5780669545252362,-0.020127276249630215,0.4683376820128599,56.43899690087003
30,21.00837064577311,6.395589237297075,2.3731945472244216,2.0088542293801224,4.999462160952506,99.02929493108319,7.045348152711071,6.982259233084294,9316.970325737597,362.9573051916855,5.6374532770751316,0.5481130877843932,1.586073448110378,0.8275878104057399,1.0138839428578554,1.418409043662936,2.8527872778912657,0.3792600168239175,-0.08335232087878143,0.5906748911186286,70.72361827198255
31,22.018236895291498,6.825222034463886,3.523935521041464,1.9980568322060637,4.9989373957792544,19.938846604253534,13.842294260302372,5.321527406151329,14130.989515862862,362.00298285374686,7.422334548577752,0.5100869925920116,1.1750004672688714,0.9032676409904191,1.0152434460153288,6.440278989657103,12.94720955844088,0.6206799006653988,-0.054016231664034194,0.43579552001090793,67.83004827726896
32,18.00559827369469,4.306234075220599,3.1437967608813615,4.00278806958049,5.984188016452807,105.96831075608573,9.639478959774728,5.889180885304599,4492.968344421661,236.03650510374274,7.105927793985076,0.602992865063022,3.7338944963907683,0.557356565702121,1.0047112969036196,2.5113975720264206,10.141417325894773,0.46810230996992,-0.0035067274266454168,0.5792911144156816,57.174135534617086
33,20.986606991563484,7.861221239585433,3.3193767126082765,0.9835022550260696,0.9692902076160785,98.0049161420521,18.092401527933205,8.82541028766873,9134.998804637316,401.9893962068914,16.480656616020525,0.02502191381144256,0.11005624726097601,0.9854904053346586,0.9659988775720113,1.5341382667149184,1.5871186522466414,0.5473447539843898,-0.009946342457160043,0.06271045584537169,74.27676989283485
34,19.00582269978695,6.284034943106184,2.967028657453354,4.984698081497117,0.9914294035572321,12.009889005984233,9.380547555731235,6.845971713997484,15102.982230033855,327.9839138715838,-0.002132583983559415,0.07364182079719951,1.7340762283104494,0.7716106225379454,0.9900388074888973,9.404008013270637,47.05085670295332,0.4635217262492644,-0.01609093574256733,0.5756018974157793,59.89821947580916
35,23.032208952495793,6.581779367003633,1.537568509858699,1.0086181754208228,9.048759909272256,55.97264653136994,3.9139805385739925,6.758259773649531,5472.0231234944395,257.0599353432088,0.009646339179539953,0.9006156200872483,1.4119649219361357,0.8209851515040096,1.0050728581659802,3.8564567629260393,3.9564755489763876,0.2401443604749936,0.004506131365090202,0.801574033842194,73.75411469433732
36,21.969204541017668,6.197683368643308,2.604838986279881,2.0283114651726812,2.959149749086091,48.007782599737894,3.7434864438193234,5.055715200842145,9753.020181809332,270.0452910545756,0.040007004665950356,0.3059599875811193,1.7941692645997265,0.8195204947128665,1.0031930150585235,3.771823997165565,7.502449082709411,0.4797837917928596,0.036012838115419506,0.8684885717319398,69.56370274182083
37,21.003989090224405,6.0127753097588945,4.0193237130355035,4.982051619974064,4.050769390573146,116.98128479253938,6.831464139845401,6.0313507166426765,5696.972317543093,182.97706206388332,3.025919268542564,0.3635549885818785,1.9943394485534367,0.708391010909329,0.9693060407565393,3.782277350889819,18.740883683081186,0.7204207330725338,0.013620845088639498,0.7137207129190426,63.11434135360406
38,17.978996375551827,6.812546172676639,3.8024596644147413,-0.02606302633718729,0.992208364867704,52.991691227173185,6.375641856287531,8.45901640931874,9631.999930779639,259.00417039543174,4.52929423264411,0.07813685413971164,1.2129833033509816,0.8254297565062272,1.038736373771247,1.8949591096268705,0.03688282408596883,0.6487212007908258,0.019456506107245895,0.6360183841624446,70.8362484871586
39,18.035851398867745,4.746719647378548,1.04742868714577,0.018403804970155112,9.00106114251266,9.03074321401995,10.315454848818261,5.663733127937208,5135.019155497377,318.00986034727043,3.138608810895457,0.9166034105175246,3.1936665831285542,0.5934303976939931,0.9251927972224696,7.159653889344485,0.01951179989236911,0.13549474492989738,-0.03239362731720349,0.6162262935966598,65.12275692378071
40,19.954304392856486,4.9319182296268265,1.4741781250981398,2.999024883208269,7.967398675658458,52.027268124906655,9.705152694135291,6.662900721086605,1731.994740750395,91.00610981268179,4.713045200062575,0.7585036781079993,3.136585037295936,0.5875305359135978,0.9924962533670608,5.007405887418505,14.895744752352723,0.21379945342677223,0.334333190989134,0.5867758925595611,67.14974025850881
41,19.983232344581854,8.307577065379899,1.4201716801283413,2.0249149440195784,1.9768619174996755,42.970088190179105,19.161125034952423,5.061184902836065,12691.978153474256,380.0544402034314,17.066299942974425,0.2040118917117062,-0.03907011718503588,1.0252368404547356,0.9723604373444314,2.1081674845240954,4.207286415810665,0.23813498219733165,0.021010671853712058,0.24943997515385238,79.01779391185049
42,24.011316356251935,8.741535961427816,3.2049996745207956,2.9728260835988656,7.984912710498859,45.9682824561394,12.682460897881644,6.890428046186126,5651.967227894159,174.0026168967726,7.266037783925072,0.8371386059446717,0.0364243090818329,1.1416870361503952,1.0054649624907757,5.4307098914228265,16.32531614215722,0.5091560661974395,0.003240361798535445,0.5029671620168796,75.66132773817175
43,19.04696572087703,5.913325949818721,3.53542969715917,4.946616832237297,6.968629150873663,51.9876647981334,12.52548954901141,5.075881267962689,4978.025628026848,153.00711704626892,11.257800184251906,0.7115640888733545,2.0437979775625186,0.7285572088111013,1.0305017756801327,1.3132498835889002,6.500362949815608,0.603072509481198,0.05043686394665877,0.49500781180674813,65.45735142538571
44,24.99802749216781,5.433039688732073,1.6120982368911152,1.98400987754521,5.993732461278874,72.99919761096481,1.8517353051272991,8.274596921959459,5454.027081394449,215.02065986885438,0.0005428044468150788,0.6100646022949793,2.6043530685908363,0.6873494569548884,0.9577909296646876,1.9287907450178245,3.763498741634311,0.31694442046716725,0.018411716380399484,0.786286292589451,67.71353139506269
45,20.983344014199204,7.213996359343504,2.47099894327892,3.9770094217220495,0.9877895232457968,44.98026304534276,12.91472796659999,8.29977306020976,12684.993761572034,258.03569759148144,9.625477696691581,0.0393954565246671,0.7900687180812933,0.850254094500128,1.0706081569686534,3.2962406693608837,13.283067959097764,0.38718656984594757,0.004985702130935776,0.399807896263462,70.99935868857354
46,21.056434712083217,6.040386772686082,3.476118075868381,0.997636347997591,7.055523434273072,12.03121927328399,10.45875446092196,8.178305504544582,2547.022984127536,150.02810697582913,3.4623611326023838,0.6753426167074631,1.9545093288904645,0.7169268819204461,1.0060554591087358,6.921296842793796,6.921021998195077,0.5564814865405763,0.04745718529966996,0.530588476720249,65.12675902873377
47,24.956559582987513,4.115667519080533,3.2030875217156973,3.9808946435718884,9.965020774429586,36.01042169525126,10.787877916492427,6.182818841038735,11403.911043684104,293.01614254358935,7.034243597402362,1.0616260550077312,3.8381994174996383,0.54048050828866,1.011451719702864,3.823846944224945,15.159334624108114,0.497920277943675,-0.015946081646233352,0.5255275695336131,54.78376118793938
48,23.934035821301396,4.797062542606713,2.530578678019997,5.022230508540093,7.003080715502458,101.01218255329623,8.650650411111142,8.324786957119908,6083.039826639521,220.95323900583818,2.9197547967964694,0.682025142473622,3.1670745598968453,0.6500408531563466,0.9568073699395776,5.673890595561405,28.388789741149523,0.4257055655598058,-0.024572748153409346,0.583834055341052,56.62768464593714
49,23.0132004335016,7.668173041613406,2.8502032565686894,1.9913554921273244,9.007435388457054,22.96200383513165,6.309953181545644,7.158240191256368,9216.995291655841,256.98535586827825,0.39494971924418526,0.9379342862864121,0.40137052979681054,0.9566423179186557,0.9986029843499957,5.904432457824521,11.85201511348041,0.4682334910626132,-0.05294906410393425,0.6731629921449953,74.36923239604886
50,22.984938373269422,7.326671113668397,2.5132524020913265,5.004514234963217,0.9678903835404449,1.0350187215215134,17.303023994162682,6.475249643047815,3121.004253296824,62.02458263621616,14.64687117133021,0.08167477331931153,0.6819344761366086,0.90331951221831,1.0291502446455367,2.6259147171236883,13.332098123048134,0.41731411115612344,0.7008539320633512,0.27712592379853834,81.13910464454189
51,23.969363015486078,4.117212332630132,1.936811037911466,1.0047290367532282,2.020604824863585,84.91539493533278,10.8622211334436,7.505613046116668,3089.99038446829,145.00751196091838,1.1751830167455593,0.1916653849547161,3.868771532964865,0.5273848489266643,1.0062976471665603,9.667758282741424,9.7517795031078,0.3435972252855839,-0.017101627845934275,0.5025415210897157,57.851554382801815
52,23.02125069341898,5.06171086750385,2.652581881775725,0.00584865277236562,8.988050189613551,80.02502166355548,4.672031749230809,5.03384951627467,12405.041871224455,274.0247838590147,0.029028340983665954,0.9154676053606056,2.9405684324876717,0.5595769645134374,1.0042058672118075,4.616307098835057,-0.011744960195798794,0.4617891483929046,0.03798017758488747,0.8264850798910458,65.25440010410937
53,20.007314021413137,5.161350771476094,3.1373369548106576,-0.0007238733136492021,8.925228310452509,99.02802935213012,12.24817602881299,5.57719390501226,6306.968178051281,247.05661498185015,2.869938717163068,0.9030207904798203,2.763034459662143,0.6568736403055413,0.9984442129396484,9.503938239837524,0.0032183733875537908,0.5149052421159033,0.0074385733852553645,0.5620684170717364,63.3951922451343
54,20.983077641077898,7.408781464464256,3.6669449673308327,5.01531802071231,6.019795488363137,12.987027964381662,16.113387573675666,8.003108807313343,0.04423380979820507,-0.03530889615177973,7.104592910127482,0.6114453735300324,0.620373519946483,0.893616681996775,0.9586599972500973,9.053179926554504,45.292605310900896,0.6012274622545379,-0.01016498591913733,0.3038474787130651,63.09310129700943
55,23.961590868039874,4.104365635933047,2.86037364933868,2.9761303459852257,5.966491773476929,9.038187306517422,8.23714193289154,5.904225049425862,9601.011888127628,318.03413730524414,1.863641136207275,0.5754482923581904,3.873330089748534,0.5363227894667212,0.9584887398680964,6.322228874838164,19.15721876879409,0.48589869682764675,-0.031639134477853575,0.6264471380748574,55.08820671956684
56,21.026173719848405,4.481576323049751,3.323142053847113,2.0419825377996164,3.968566751615827,33.99810707341137,4.732061149404038,7.404753396688021,7626.0186799264775,235.9900890961252,-0.0020055857265455,0.36591189431593735,3.4663158220052432,0.49673103275457164,1.0350798137992212,4.735522578149563,9.382453926819752,0.5482658793162686,0.02539534761423063,0.7522816273914454,58.815299269206974
57,25.01950603533876,8.004229480988363,1.5000332983406188,1.992903878498944,4.020637062486772,24.001872951099823,20.658830449392887,6.526194388533064,6046.9901238631,240.02806049457826,18.85127784445256,0.373423851568285,-0.018115158807686722,0.9811487207227216,1.0264686011782929,1.8334775374776966,3.601854386234256,0.22968656004003005,-0.0016166228263298982,0.14368506826142904,77.3445015954358
58,17.997024724086618,4.947658807841308,2.3536669845525524,-0.03934647413696045,4.989585155527447,2.0101858636221266,5.736963639798773,8.433812668039531,14726.960753424062,332.99876337769894,2.9031867244455873,0.484030455756129,3.118597481416123,0.6112707248567602,1.0309081351740186,2.800722780442792,-0.05952694224981806,0.36390788083407316,0.008034067090740449,0.6056058332001295,63.843296742135394
59,20.05539910988143,7.3208620742365085,1.014786519155556,4.005642200709754,3.027533164516545,110.09559724735433,4.76646635546561,8.783105916867495,7875.027915322966,196.06381013616678,3.3562266027199286,0.29312155853827765,0.6588560273020578,0.8896462645113213,0.9753153986858614,1.3943696609103224,5.628186092425498,0.17093498112345532,0.018133240136741276,0.6857869183944562,77.12700207895928
60,21.967897457010217,5.1657697447074185,1.7250080961451204,0.9744645855265754,1.0363049828609596,101.04033301724249,12.298177285630583,8.565887829649206,13481.009342250536,279.00390260808786,8.377108528466144,0.1311182614191946,2.808623657815201,0.6387354679943558,0.9952729671649324,3.9199086585171017,3.909420916547329,0.268354326670256,0.007972589019425762,0.33207133147356016,64.24991306598187
61,19.954234244872257,4.496654735185712,3.1819662034199347,4.0199600360352665,0.980652146190331,16.021033936021386,1.3848014528671924,6.107398418541209,9202.04084870375,404.9807845732693,0.009827075305537971,0.10262024368075144,3.4711772000698584,0.5896330305202953,1.0369540055800344,1.3541288359112427,5.445557301389522,0.5490864509165397,-0.02549455130404702,0.9604411942614953,60.814243073108585
62,23.979242757903563,5.175851005574423,4.034977495607657,4.066288167281272,7.0237978748786505,10.972615865401965,5.493361903163429,5.7970505644562795,2275.9941867103935,68.01259623868376,1.9931606295393602,0.7145379130752575,2.7765769938926184,0.6492651195644823,0.9631403402572108,3.4841726812049036,13.739248420407032,0.6688261470786023,0.5912213743737704,0.7834125291490862,69.05917667465522
63,21.998632419509335,7.588369002507743,1.2499970977963242,4.976402837253264,0.9773361759582135,53.004307694764385,5.722023218346599,6.923796771534303,14018.987423058634,519.0097182834215,-0.002778564755614202,0.10424803037740397,0.4120192476712323,0.9220825758510627,1.033896472226598,5.733352969427341,28.753500357562356,0.21711410015332894,0.024606022253270847,0.7117035938764713,73.59072633803595
64,18.007300183479682,8.287591530031111,2.1551573156065107,0.009971169996719544,1.0669934775139653,114.97560627718461,6.3557640790674155,5.007631385984835,3077.0416426470993,172.0341429128233,2.1201235952604107,0.06653697239413672,0.06520448489833432,1.0657120019802337,0.9824044122212832,4.188147542904882,-0.012864982549136674,0.3962008778786394,0.01080687108549404,0.7309096244143916,81.13410980528383
65,23.99276291826431,8.185670632521878,3.4040979218676624,-0.05266516766113882,2.9792112898640637,23.024663325418484,18.847784364692593,5.081411287359321,15355.057356824935,303.0134415839581,15.278021684504292,0.3005180857801695,-0.02733050969962797,1.0325294260721347,0.9743430009869649,3.5492808932371416,-0.01674675238463287,0.5245283165320062,0.0189704512055361,0.23454194558224117,76.23002492349912
66,19.01056166189543,5.962345938840798,1.6007615583391683,0.013617156883240415,10.0307826232288,28.004214009272047,17.440563885759566,7.232573086024525,7379.000280415291,319.0742519391751,11.556231043999801,1.003923463305746,2.02159641750971,0.75877462438755,0.9990425110058047,5.920542390439726,0.011319956265644675,0.31974414109830174,0.021766329396739996,0.23849257608271945,68.4770983918155
67,20.962453817274287,7.296170359554454,2.678502795347277,4.973428586006009,4.025313700776447,41.966264349611585,12.234334019902832,7.056968125716942,15107.977417275095,251.99665787593793,9.936043695900183,0.42279769664023925,0.6906186286830114,0.8857246692431568,0.9664899427266461,2.2667343039463668,11.329044024075172,0.38445061406434433,-0.01188188560788889,0.4429375630357863,71.93121302435321
68,18.0433129381222,4.983181770894581,3.2242878330791567,2.9812549614469654,4.009482634663268,24.002433737502557,16.49538614802823,9.023369051399744,746.0243159228837,12.997011401506585,8.201063312545449,0.36794235791069607,2.985757696356096,0.5485717998201385,0.9430931921650882,8.239886024020416,24.71487819549863,0.576857204192111,0.14195161470419437,0.2257759248501644,57.929542643461296
69,20.997535464648223,5.412116539299932,2.8159268294264783,3.9669614053048052,1.9798837051574996,98.97451747590851,13.295518262820838,5.800292267861568,16357.992379383015,365.9818834184984,11.633274033512404,0.1387876740455492,2.5321412802925045,0.6603160629993088,1.0022808905994687,1.6743291960401578,6.624585385190168,0.4726917765879551,0.06680360902573372,0.48841608930246333,63.72819073838126
70,23.033518874947642,8.56158916073505,1.6257441721280206,5.021964536781642,0.9954580752417578,59.00453648664013,3.358877145408857,6.045056831695819,8360.017977884761,400.0025700501506,-0.009278528799388489,0.10528791445511493,-0.025305684325796707,1.0322639426589355,1.0160279731114417,3.332462661816864,16.71893512376486,0.2509453594971809,0.03977279890003125,0.8921421750022052,79.83426587272614
71,19.01028176039133,4.1326630896265,2.096305906939432,2.030219130724198,2.9353923566116635,88.97422768050905,4.6747740596942275,5.512977485577653,12311.99222172077,280.0069317736325,0.05466218596615627,0.31061550004765137,3.865376603196158,0.4941010912845783,1.0364587051791267,4.665121654045425,9.377456157210318,0.30585090893724637,-0.0014461766148750408,0.811366939521836,59.234781341775374
72,19.013702596574614,4.38871097825225,3.41807740803935,1.0007015564397552,4.006732601151468,101.00082462900082,8.795023017157302,8.648813299377958,1329.0469204205463,49.00843631589868,5.9945321595051775,0.3946184558104886,3.6138052738565722,0.5247443300202309,1.0182092413951447,2.7538253367641428,2.7869316584396793,0.5486819777957239,0.5118807020071912,0.532182592113809,65.76636341185284
73,18.017093018406968,5.000564571492218,2.6866304909091006,2.9740671988399283,3.0104884599308517,64.02251409585806,4.007354407807124,8.112062852525343,474.9790153148485,42.00201563026482,2.946218815834258,0.3008406270218037,3.0478435138946023,0.628380955271409,1.0589619155449812,1.0312560722593063,3.1581608375751573,0.44508968826448325,0.35155695507481244,0.7172929727960057,69.28449857659983
74,19.01343125680052,4.064850369580473,1.061614560702598,2.047685691083116,8.004004982571841,82.99840844024224,5.5199366528365665,8.321625494939118,4363.014415889876,200.98170536349818,-0.03229446149684697,0.8263631713574842,3.922499841158735,0.5389263241313711,1.0408322492720945,5.510718224423944,11.109932582514627,0.1725142082733216,-0.017966437873057198,0.6359519675754606,59.966790839590686
75,22.019281682796027,4.9508716863343265,3.27562362689634,3.97748769616736,9.910800814861224,117.98827335198483,12.94749029580957,8.638538321666296,11192.985338940893,299.9735500461575,5.616730744066112,0.9862358327041747,3.0577894785779036,0.6447848428205865,1.0221423625505985,7.370220570620337,29.454816570036186,0.5933679216584321,-0.0374072895480881,0.3854556019397713,54.79718731944429
76,19.039874575903973,6.956918660843193,1.1631589228837496,-0.06486096899782316,0.9620309066473056,27.006098286631723,17.79744119178017,7.090165540692819,6505.991554803158,264.9887447882549,10.196956402169686,0.09164077473524262,1.0815400086809321,0.8876163557509089,1.0140585647606797,7.597590885391391,0.03003989909124058,0.18553575930978322,0.008569841447993188,0.17773761266058138,73.80609457062371
77,21.005895635091044,6.104700811847396,3.2010466384126826,4.013751670298712,1.97755727051454,15.020915478623786,11.152799591511828,6.784498086874344,15928.987638330356,288.03424612980706,3.2266036276399697,0.20237109333841496,1.9293879472473046,0.7355712507256488,1.036903065492197,7.947553400714639,31.767124541607597,0.542922954078676,0.008920955046277688,0.4611813884269731,61.244529902582606
78,21.021270112727656,8.53070591932556,1.558734673312938,4.966856759790755,7.008749767995671,45.96678450190355,6.5445604733351335,6.313005922023649,1510.0221582419829,96.04070399056475,4.893514928176071,0.6634055596249196,0.04743330653725801,1.0642670237995953,0.933609336660144,1.6387807654162132,8.300986037025273,0.2771700804361272,0.32688978316005324,0.7173225063484349,85.18300515574302
79,23.997307929171384,8.105258603368018,3.941042380514658,1.0296582638049752,4.008680167169289,80.00781968464116,12.82658264685638,7.4034357329845415,7018.027550893448,354.9976910639068,8.639743919074608,0.3954430832485674,0.006861339758232646,1.0594549754451015,0.9855982887621115,4.251852869329231,4.223517239546219,0.6401738699797245,-0.006361018029706658,0.4002130569340828,75.00341166113853
80,21.043203516463485,5.6598982368337225,2.1037770416518486,4.988565869099798,7.994893286240865,103.03952622457052,8.036559956323668,6.811626824309202,18213.01673216487,481.971752511006,5.969146580098856,0.7980877004799739,2.282624823976766,0.6649579700108127,0.9442455685911787,2.051727980609159,10.248695457265516,0.3442337922237307,0.03199763718321642,0.6269734514129871,66.06512345475329
81,23.979708230938222,5.28764529893109,2.025533722951407,3.018111397216326,3.0190573660981186,91.0172097088983,20.008214683276982,6.812343470774503,18192.996760495997,285.9975647916905,11.227227151322877,0.3491112664296082,2.7493805651810588,0.702946901332754,1.019892928971583,8.782775613501695,26.291472061794178,0.3301247598210767,0.019587399849756177,0.20125296855519326,58.47044578690736
82,21.054028212987326,5.903957839003159,1.4367156775562777,3.042045010396565,5.969212728740913,57.00173262440002,6.323218189160114,8.737196405872297,1868.00420540093,96.0627499630581,0.009921901052923877,0.5910565302711461,2.0977621924453445,0.7076168999083097,0.9777170836776731,6.274418968667529,18.83751589179271,0.2521269716093659,0.39052693615652845,0.5934993428030959,71.24991813917126
83,21.99879526148067,6.986363568437697,1.9101386666243507,0.9637342340613784,9.01830705017082,75.01919212520097,4.914573716669109,8.961166456943879,3588.026931647054,0.029969035059498616,0.8945374242821873,0.9060003371983341,0.9818257427753692,0.8838129586275225,1.0905895942701413,4.012083520843397,3.9966658583848447,0.28927880415563617,0.27426347924599603,0.6869343296759116,77.76085645433815
84,24.95707674693646,5.293440401676949,3.5822327746556155,1.9830218860732278,1.0142422631451968,26.01357489368308,7.189999730151788,8.19466575112751,2276.0278793476164,68.01652228074597,5.627665125487028,0.12755852816169228,2.6767520238547493,0.6748835535090708,0.9844622260548765,1.6058731235195816,3.1541486507725023,0.5848026866322446,0.62034803516554,0.6130174434055461,71.58257003452007
85,24.003843132447322,7.097258013274726,4.029271401330077,1.9977298678202882,1.0113266419851372,117.02260803327479,1.7518102463151048,7.999896985677252,10734.91929173106,257.02888054751156,-0.038944505269123096,0.07487545824068716,0.8641494495903347,0.8931973910970841,1.0031908949464756,1.6844779856602468,3.356873789337258,0.6773568434780102,0.02507047850016691,0.8752801678377369,72.32496022565135
86,19.979568450275753,5.997573645064036,2.100022665223638,3.04612653957103,7.99453878706743,51.93928205167051,4.607958585849013,7.69093527657895,8953.991833334847,324.04621699834024,0.6797363322861224,0.8412722116062851,2.085007412883698,0.8168541868260774,0.98793200397437,3.9482034536388113,11.772957965436996,0.3177054948228129,-0.02682676165998345,0.7114263338094902,67.75968223334581
87,23.025219306469662,6.801567754714925,2.3205757345582523,2.980248518461787,3.054922314744938,40.953396315990105,3.0487610716519273,5.600041833003335,4925.993272236256,194.9654140139536,0.0034587680871057767,0.3529161069617183,1.242628735963818,0.8409750429858612,0.9853350628556837,3.07304467456215,9.114549872168546,0.386742838952749,0.008783820522953768,0.8807660549197028,72.7658396282087
88,17.980421280620927,6.1681818480081025,3.1353880827862564,-0.017835110878470214,5.014795870654696,58.0301448744845,2.482463472477302,5.215060357726232,0.020077576923784857,-0.011761196060913682,0.006124786807261369,0.49913311137053973,1.7803112005184916,0.7258153637522908,0.9626043434850611,2.386038833217344,0.00019145806756649768,0.5169630064262601,0.06742665671314112,0.9350910667480632,70.30026921041255
89,20.986614497003558,5.478489515526162,3.7134094515102958,2.0143442172666743,0.9709499241023932,45.95484162471516,5.171997664807088,7.783818374108965,20668.997996875467,297.9841383510149,-0.0021824579535535352,0.0838172181562186,2.5519547778016576,0.6981934120258053,0.9615955177017708,5.167562840570956,10.359396971294576,0.6318252535646274,0.015208642241376094,0.6682353644130845,62.752476872941045
90,18.943313778071634,8.661462472029001,2.7808424252456487,0.9826831382286829,5.00744916427208,93.01204615907157,7.8418536481068895,7.959712816140368,14461.021575501429,273.01761343191214,2.5567618353129875,0.5488135827317117,0.01599906520209453,1.082398800458266,0.9346152099318105,5.2523280671736154,5.237778228501403,0.5078813561503704,-0.024653356906868158,0.5391668234531244,79.39174818535544
91,24.98643081042253,7.829334466490586,2.249599289115356,2.0045757764869285,6.022574501312227,103.98943851031903,21.90365496842053,5.210566750896516,6798.967640176869,279.0048033267192,19.837652226363385,0.6238689261830445,0.2142232400395746,0.9916440362465752,1.016363869084103,2.04341360869734,4.173643755720394,0.350327850904582,0.010079084037039568,0.12145937415282307,75.09297828112054
92,20.92728362020113,4.636830591744791,2.218692620436673,-0.0465461226290438,7.9823567420322705,32.97011432263212,12.221232425922842,8.726638966019221,10147.007801635464,335.0226893387207,4.750218438960968,0.8024590761399151,3.278462489096519,0.613962857256212,0.9872605970041606,7.432452960353587,-0.01600467781292749,0.3893976919056728,-0.029688145022244223,0.4180457897650174,61.7353097264498
93,18.952482915295427,8.334607710299508,3.107195732375479,5.066429898276698,3.032678167407933,36.01048949271443,9.958783220162884,5.356204218514141,9261.027006169603,354.98479337950397,2.1184364927344697,0.3428053145884711,-0.015423815344378373,1.0364893098488661,1.0580088467812794,7.877741122020059,39.28531641015179,0.5226847622266002,-0.02568582596060378,0.5990172214003796,70.92301231664406
94,23.02281243968433,6.441590481917886,1.0145892998005066,2.959568723090718,3.0114610111714804,5.006031005111497,15.653968621245168,6.16324743664742,3760.9557685139202,200.04115856152038,9.565295738715898,0.33962976565647957,1.5987272789625024,0.813089312919269,0.9626757944779826,6.047178197638931,18.20511994793933,0.15515205012819402,0.012386977862635679,0.3368807954802222,68.34119581954613
95,23.023574004759524,8.490934582390521,2.8700467744136984,2.990347418880294,9.92972564987004,6.0633102795628915,15.259911547584045,7.698588346692457,5164.075409304046,236.9979199887555,7.34336836095362,0.9899122913812534,-0.05896646983320368,1.0668271379671108,1.0442894356046484,7.948900121221617,23.79042166903392,0.4835322852286857,0.022186377736421854,0.32577117179398046,73.33138914843532
96,23.01276372685355,7.921905887365181,2.1486977007158417,-0.0009744310752628384,9.008990159320138,94.98125566386392,1.8074962504658498,5.734133469159613,11548.035726577986,288.02083636655874,0.03667875828827776,0.9074618955989745,-0.014604604301972083,1.0537566233222413,1.0471677800605457,1.8619574238775454,-0.036765061844575245,0.38893870520705137,-0.023937659103219988,0.9330355223991827,81.14397186101142
97,18.970990715706122,6.089160683140981,3.459741112552507,1.0573806440307039,3.9878191253676185,95.04320330360207,3.3062227724746993,5.217046640574697,6375.000040599074,331.0358621949677,-0.03534643906238744,0.41730377463777873,1.9001346889370032,0.7513831474139699,1.0383112949950144,3.2578454437559117,3.2993462344149695,0.5615120715838906,-0.016786694046665232,0.9195572691941448,68.66943185828104
98,20.99856865931574,4.098074475161335,1.3117874053164464,2.9602546265720178,4.016115394436252,116.01057268743153,4.159303727140716,6.360290242512084,9684.975147756782,353.03345372946484,0.046710814566309364,0.40086190089663554,3.9392855671940175,0.49188789405970407,1.0070439193139655,4.18080794992881,12.517736504093545,0.25593989229225744,-0.04279125273504545,0.8929106979825714,59.86773593427298
99,22.99989192382728,5.269682053402132,2.847712107057209,4.059511124064363,7.028326445207554,23.98016934355372,13.449189105226068,8.086223422454536,4502.994747445492,146.01082485225206,12.272281524276291,0.6582738822728715,2.681503573617943,0.6889219270933368,0.9898538282434179,1.211677774646766,4.931638609000475,0.4630676716934102,0.06089201301725315,0.3356047376632223,63.54497334883597
100,21.965249059324222,6.684543448185753,2.382925554039824,3.022715304633061,2.0058548614142544,32.02397739372552,21.736377917154996,6.672063298586125,2718.0025140707885,47.02458040719148,19.77602882912549,0.1718522148890526,1.324364143333434,0.8096246055397185,1.0382820309081184,1.9531096539676565,5.893425872903314,0.35762718596650167,0.5031608471008411,0.0630216917005158,77.04216335991889
101,24.045101949053013,7.2459058559659,2.8760865930132504,4.012512859732698,8.04995756701834,54.016972155133615,20.29446655639497,7.549655260236146,2524.013219876704,168.05224981991915,19.093750508307988,0.7592521164361933,0.7381851853978648,0.9117647341674764,0.9762561057148695,1.2931194690247931,5.12747706513775,0.4789311220022363,-0.008974350049748446,0.09813654431684446,70.55481340821643
102,19.02632086871727,5.319947814869052,1.2012277424618676,-0.02953901061053867,5.994638793463095,57.00107529884574,15.40333322841224,7.347875686846431,5002.045019825484,244.01540803701923,8.714743136348849,0.6147877290907201,2.7350109052641822,0.6574123253899253,1.0081212278633715,6.7349347883934225,-0.010345025184311614,0.1552908294456635,0.0023873106188882984,0.34641537935430794,66.0063125874455
103,18.99337107478511,4.672263076568657,2.713048231151037,0.017134237261142212,3.018744534691616,6.007988860693219,21.6782354196248,5.0861747606327254,6221.985717045916,289.97811060793816,17.810406932438465,0.2644694304862877,3.272989590986647,0.5844603794637421,0.9986875616193361,3.84585592487277,0.00912602956654424,0.44046863716484935,-0.052673681520180544,0.13154619669131515,59.643809591136204
104,21.000806575169836,8.152072024912137,2.6881803995627065,2.978295401327406,9.02414827720912,114.98209038906863,21.63451230104762,8.936682205166953,13541.016881295127,399.0174915219289,16.059773543244617,0.905772542124523,0.003908189072242803,1.098119138720305,0.9732574941191194,5.579420982971057,16.69403706099716,0.439316447969906,-0.030217737511157607,0.021878077492276472,72.74133600253394
105,19.006251484238426,8.890189480471708,2.7161330457110546,2.0379998375959523,4.997079620933218,55.97522638624236,2.7126898065743346,5.125512608764662,22243.96122712512,405.9988815634594,-0.01699996816226888,0.5549571147882547,0.012190293575376565,1.149522602347667,1.0083414091685292,2.7639542845189746,5.497019966619276,0.5045056697372359,-0.0018027503297906565,0.9304365534654313,81.75717650719079
106,18.93874795394727,6.593596296619486,2.8091916844622022,3.970868139126768,8.023363229239333,11.022783265214677,7.189108576199846,8.869832385980954,12108.98759197857,323.9295599659679,3.9050941994847137,0.8428331055473645,1.406305386720676,0.8556473859995829,1.0222551475477903,3.293595631502016,12.936846896314245,0.5149476958941879,-0.005897309611512506,0.5794994676948394,68.61512254131337
107,22.99258467852438,4.9148859756209,2.970050796741268,0.9966052451663174,6.982159810385135,14.993281817270601,15.523934628167316,7.201006547904547,7566.011301505436,268.0138599407111,10.821079295783537,0.6448775005919806,3.0967966072403805,0.6284171192143092,0.9720751537168307,4.725243619479835,4.677979394007646,0.5025619334922518,-0.004510887825256195,0.2911373521833314,60.06275593061086
108,20.979540472560068,5.38394049862297,3.4155637905235516,2.9833418073596047,7.987322947429363,78.99759751005253,19.199207349501833,8.810909942345555,18229.02073787473,454.00349951950045,11.400688626686332,0.7616389558768699,2.562754511438801,0.6542545763567947,1.0138036056134756,7.810111697849772,23.396960306294204,0.6030073596107872,0.008640386885101773,0.06255687496185772,57.009841548231954
109,22.969951399703152,4.115344987260856,1.8259058472756458,0.9703743111271902,6.96062533928991,42.008394647878326,11.251260039816252,5.415801594813189,15565.9774030257,440.03469253314495,8.178250220045888,0.6767045072746042,3.8733137724513154,0.5203444506021315,0.9331291543780056,3.0743306993747033,3.0744065013179287,0.2880677252992302,-0.05015048740306595,0.6452991102846111,59.68336142722115
110,23.99156699121342,8.658054621201806,3.5051440795277116,3.0222395945072376,3.0072422734911015,116.00795865034351,21.904111782260276,6.974598584403843,2816.9867762491194,89.97749719027536,20.189818739763247,0.26492928932341897,0.029892958296648117,1.0924997290248601,0.968525339768193,1.6838521280540102,5.09616717292767,0.5405160147756056,0.447322302018262,0.001685219917658895,81.63241566801923
111,25.053930595805486,4.624465030673328,2.5345794430978508,2.016063762422289,2.0097575502756304,98.95712020587078,2.325710842592562,5.706151153931841,14335.043816699068,345.9548287101286,0.01646935392611115,0.150385568680348,3.382078676236198,0.580969562904181,0.9862796283136613,2.2852243272658623,4.602827444514826,0.4325014632490939,-0.009561822700861521,0.8745279762510382,62.49524065715127
112,24.01922528583801,6.898557344780077,1.1634778861950914,2.03627030596703,7.035377894757377,76.03858756259365,13.28151620369672,5.205708487297673,8701.034857258588,253.00506042578232,10.86770093091174,0.6996747898082427,1.096901132199095,0.8653425098203189,1.0107201171089835,2.465765413206184,4.857499468686766,0.2108414818340446,-0.01788591906263075,0.48692554677012573,73.84558995404298
113,24.982864630306516,5.394505485868401,1.2140385126639555,1.946603746753755,3.0237342001306766,6.0036354645570205,13.569640654790245,7.504525039490531,2100.0062537165118,96.01140532162816,4.134633411521113,0.3211530164824969,2.555237412287282,0.6630765210363179,1.0260794424890216,9.369908377824634,18.77248033405002,0.1718741132600556,0.2753043358492818,0.3802646466347104,68.10401355447645
114,23.017177483440683,6.789299805974603,1.9648915788080967,5.031925121070231,2.991456133300577,98.99392040211534,13.81695600651254,5.827408450469455,14989.932900645403,232.00281498836156,5.517820551330391,0.3286210211616866,1.225757200845748,0.8582037594904385,1.002484686734915,8.2968739763667,41.34607309682405,0.30653425504392057,-0.008027315045027348,0.44487391822911726,64.3926192072242
115,24.04198066309758,7.335419227373564,3.3665775592530074,2.075163467160707,1.9646546093799717,110.0129253801551,20.566379218781268,7.3483694617679935,16674.07533397643,292.00062126051057,13.835125895241948,0.18576571487768573,0.6604155087957975,0.8967328594563941,1.0169978720347,6.738645998697191,13.384113869242446,0.5948536695834359,0.015360907697349144,0.06168031614464634,68.55597757134524
116,21.027739010487384,8.081180596621461,3.0810720749878664,-0.013549232675308406,4.012985512075599,50.00709626580844,8.601179275962304,5.422489159137776,10724.99940205315,327.96793819137383,-0.035475600666828956,0.39184288899053227,0.027478884258063215,1.0336026953870179,0.9951825429019172,8.596947021170187,0.008062426457016289,0.46616076657746847,0.004247164062977048,0.6337891584821814,78.39229195379639
117,18.001788911097606,5.00135668127,3.3717381944927727,0.05685445836326909,8.03332259517244,72.02301188068469,6.582630234578009,6.283192740673389,10676.99062298826,205.99583248589076,-0.0035911719912209796,0.8106703173537427,2.968118647180697,0.5645268639652709,1.0121424442872489,6.54972350382649,-0.010110043630806231,0.5834120989382844,0.005124385628024733,0.7022684284592797,62.86273019708639
118,22.980591896668834,4.101535937056433,2.583560125437766,4.9921051618382055,1.0226555492141183,31.01613951016453,7.786125025404001,8.185639864015789,3334.984329202224,196.98954782511487,5.125309338311879,0.09674543314482553,3.9304352409098335,0.5532623069934982,1.0105572719988611,2.7401561977480404,13.406507424463062,0.4238990594189181,-0.010171309922406863,0.6134784271669377,56.436664387432394
119,25.02094669940841,4.684946474215654,2.293575490678664,3.958827707873161,1.0325343257457187,74.02153538686989,19.10028560397345,6.783938971507492,0.01129101111597326,0.0321812622230232,10.07253404994863,0.12431820328287406,3.3003057874591897,0.5481500229439633,0.9847293812309723,9.013456153417662,36.1485457226194,0.40012024153523623,-0.001816455656177939,0.14280130048002626,53.2490420750722
120,22.011804561562652,8.458826033563478,1.4251146345899415,0.9908310267277961,4.993643314064053,7.040529817171826,9.894553931351448,7.468224622985845,10319.011597477675,329.01137976092093,3.988234563528094,0.5129109458850354,-0.016762721893412713,1.0304823492779134,0.9893386037035818,5.859935028333817,5.831184907345772,0.2629825051520544,-0.03322383984349404,0.5316170778402508,80.7083782688541
121,25.02685579660083,8.40968923510853,1.990365228838829,3.0314461190302584,4.9860014309547305,96.02650873646913,10.025479411304111,7.594672557234938,6349.028518836194,185.99166008634765,1.7466101212235106,0.48871086729457913,0.04801205266344371,1.0622656255686505,1.0180038151705366,8.28878616507837,24.795372407865237,0.30710361889306365,-0.0001429811607896655,0.5000488804926971,75.46449970940701
122,22.01905515405046,6.998169880844339,2.252431228796912,2.974854705530054,0.977892959433046,85.99518541339015,3.784143623305822,8.376998610666892,10689.97221813507,292.0517165462927,0.0603609008271554,0.04430091065039671,0.9979343502154531,0.8911982549106399,1.054362634259242,3.8022692061652923,11.275376491326645,0.3491281588793452,-0.01473304556030802,0.6984322394280099,72.6522417400957
123,19.03148658145958,7.015007214083097,1.334202035394855,4.981989840229805,5.9983231060015925,87.9663129653177,14.030158306479697,6.291780225805108,13754.990625153656,332.99193276971357,10.202842528401872,0.6449709481644598,0.9891456312023206,0.937348339292131,1.0362045574392795,3.9162123010038785,19.33890455120332,0.26065525930556893,-0.03374397604122145,0.3640577695499271,70.9422441169504
124,23.983942943653183,7.2839919908068245,1.6748872959915488,0.017806182968795724,0.9976422761209354,119.05003393799014,14.203314062676583,7.737729464565552,6829.060916371696,179.0167336017166,12.226114271590404,0.07941753131667036,0.7272735378279405,0.9213885358792737,0.966126518316478,1.9795511266160664,-0.013954886016162614,0.28161774151262875,0.02264157717856378,0.36272710006894876,75.36444529868709
125,22.03952182196903,4.936624638964392,2.798238387186861,3.000091803502157,5.006200328856173,70.99286829879959,9.055461902477907,8.861438074409039,11037.006737718997,314.9949923599923,5.988728474832853,0.5107267593719078,3.0555862866543997,0.611286357020215,0.9662325478232227,3.0871071558857626,9.138988524628498,0.4764991017482631,-0.047250002855759664,0.4877183446296373,60.587696115355406
126,25.005927988140773,8.573696786563644,3.2133960952082217,0.017538688574602224,8.996121076288935,43.98580677759919,8.732928777442615,7.944545265764144,5696.994824268801,183.04893457545083,3.8733681775180084,0.8425022499384272,-0.0758149681204978,1.0807389813562847,0.9839310595369521,4.8499094950375525,-0.030648538635184637,0.5606564544368886,0.015728567965373114,0.5943975937398635,79.35979299958474
127,19.062257826178758,6.1513612085205365,4.005988312552083,4.00713488622275,4.995991168108197,84.94789819546706,12.112761021817771,6.9720717350708465,6063.971751467033,209.0026057932744,3.8264561332632216,0.49966050249842586,1.9347393992091066,0.8102146328386333,1.0029676401363279,8.444429003408809,33.421246153433174,0.6378280258782253,0.01761444427609229,0.45263257140332985,59.325053941137554
128,17.979324365457312,5.847570904705153,3.832825386425644,1.0143887595865473,5.976699178410835,58.010154193159366,12.682825749285652,7.5163844487686235,7047.015178029174,255.00349242683671,3.9551309092014817,0.6030078588258659,2.0749109376404387,0.8102319997199314,1.0014476877092295,8.779588591034893,8.706057077006458,0.6603921895441037,-0.015817164902514308,0.3664652131835652,63.44784356615657
129,21.052078914094956,6.613043101936706,2.9143700943017827,3.987030964425714,8.028248570406545,3.004466598118613,11.65768664033324,7.955283198493266,14687.03093054651,280.9958038892368,10.55748324902751,0.8044580621764299,1.4259386727615952,0.8194559910327304,1.0372084083078505,1.0572449521283465,4.229184785047474,0.5025379295146846,0.03091226892613586,0.44848263375560016,69.51872214993294
130,21.00593732350388,4.214262920475799,2.2741607126090866,5.006951928260912,1.0022955418673114,102.95454655191251,3.9242563412788547,7.47810442950768,0.026237629374294223,0.00589535778003644,0.019056854363736116,0.1904137984815399,3.8013848711533402,0.5412831724851634,1.0388533991754032,3.896207815484153,19.64780695034076,0.42743401928780667,-0.016450203362550347,0.7522097656962857,57.09657236992041
131,20.980457459891568,4.776133287961773,2.96535686521975,1.972178809829122,1.9947666819714416,66.01359822126399,12.285534796411524,5.083903348143482,5831.992235974092,272.0359861351594,7.610591698049718,0.18106644878619702,3.165080316076176,0.5977683244651342,1.0001699675324653,4.6779013366035915,9.534125276953151,0.5269108227127565,-0.018334680645380998,0.5141113099785691,59.89028444748515
132,21.98548342497837,7.712731818135831,3.405830003900147,2.0386530086751016,8.977577122402524,27.985054242378958,2.235431426650788,5.782180683891063,3915.010837568501,231.02537531534054,0.04536145845867921,0.9246199268087008,0.31821847259022573,0.9596720097623841,0.9931691027091738,2.2802402778964037,4.558320390267356,0.5685697626711287,-0.03601065718576458,0.9489817239853238,76.53143650962419
133,17.99038958075417,4.438385560092805,1.3955797932013547,1.9809717584954807,2.9600426066882672,104.08070945021866,11.441104805681334,8.238922961071998,10694.0501497831,309.00084228543346,9.358997121944654,0.3156969735662813,3.5876948942930675,0.6063715187159431,1.015502392968628,2.1090417687428684,4.129072089894168,0.2559250186320291,-0.0002533034562738436,0.39214297670360615,61.05461221483703
134,22.012724978392058,6.9334954348193785,2.228917762691667,4.033865424626482,6.0392389257764805,27.982919164237273,2.099832308436529,6.100358115288368,0.032126468765144064,0.05103975319369961,0.01549835575730399,0.5796408302199724,0.9676797899108046,0.8472280482840953,1.0318960396015453,2.0923638133319984,8.22156807695127,0.3680032028057987,-0.0287597323025546,0.8965115429876396,74.17815895112251
135,24.015685064641065,5.215082344224725,3.507483528377902,2.992991791170514,5.016639161243954,96.98694420003406,4.510535659044465,7.915949539343217,3754.976475117734,202.02618956924027,0.020881272332894583,0.5241700820954279,2.768461108834097,0.5799715637335001,1.0165731042993265,4.439397566578924,13.539491459969376,0.5876906580013,-0.023749387286455172,0.6991607065873239,61.10553435220751
136,21.982788999881844,5.825201875390098,2.21197684578818,1.0060599703227195,1.951282464722901,96.97375671327237,14.464259414028083,6.514646164519246,-0.07638015193864409,-0.013145433575920478,10.510742239213302,0.19507037189207593,2.048014837374848,0.7470233307713966,0.9870536258982787,3.871086058496112,3.9644343250123026,0.3328008913488005,-0.001961226242704072,0.3442900122468694,66.95538048911928
137,17.99926936223217,5.3710300558943045,2.7747655199580206,1.985151063473279,7.02289426902129,27.038336295631257,3.884724570903669,7.057724243144864,4500.008903175212,195.958589549388,0.03896195818239726,0.7262572965273015,2.6120907464654817,0.7110301958628622,0.9816323841487803,3.8744247043369033,7.705439928239937,0.4432651450118191,-0.0007052214588741056,0.7795542643514757,64.89347811592603
138,18.064268110758356,5.848874990947028,2.7917463571523484,4.9695201370649595,4.027674435106993,75.98881672616606,19.682695567911015,5.257656304707005,0.023957043802452983,-0.012450414053897104,12.355731847423286,0.45882887870265143,2.1719379776666443,0.7315968987875309,0.9666818884460283,7.380736342121024,36.63890764094147,0.41282371063014095,0.037678008953506974,0.18427290770531973,57.94324797211278
139,24.051826295103023,7.582546538998238,1.5904671731794782,4.947657188371841,1.003731283669028,77.97825257538703,2.5455288185570195,5.73833318286338,11008.967323265244,274.0124004633565,0.03954183869512174,0.104523966719023,0.3989583361688547,0.9650661065362404,1.0058046054278575,2.5683333859183186,12.802913945313302,0.26254225277964166,0.02793098556031081,0.8963661226405836,77.30301893779449
140,18.01308971009022,5.46478360106773,2.103497355360374,1.9683402752422263,4.047943326872553,86.02120865029761,8.71075347086083,8.796013515599372,8313.999736314336,347.0179160111189,0.01028985342213918,0.39156624312794647,2.494548325164629,0.7100718014338068,1.0186936029495905,8.77274554769775,17.480846192712207,0.38960128284054696,0.016529767241038024,0.5370818684976206,63.01830784265773
141,25.001140104345048,6.794061868130459,2.0321454780674313,1.9902827344035223,6.006501589263687,42.9585894119376,20.87006263961441,8.512809743720515,5973.992089028024,160.04077413049907,11.217502294195997,0.6315466855143124,1.17175329956461,0.8533273322022882,1.0220453557938838,9.630993449775845,19.320301675398586,0.35667121088542464,0.03564517815543885,0.001640851619316104,67.43172907616291
142,18.003600939801547,6.4620371901449065,1.054803979094288,1.0063563753648666,6.957495294161524,89.01875331638747,8.455336688652599,7.611892330262878,14549.003128589668,184.96716362074642,5.245417817217743,0.7418995949780302,1.554313008575835,0.8166892287034498,1.034552811092647,3.2722545034078476,3.2032493317359756,0.1867007774685334,-0.012120478625387327,0.5359545180501272,72.38823415504808
143,21.018405539181913,7.245049532583819,1.041033323255705,2.0303113793984977,7.01095507003145,3.0534419914980258,1.5902123126195027,6.7891062553666055,9556.983659111387,352.9868253399816,0.022411867502720357,0.6735022738182385,0.776011324873904,0.9286883569596097,1.0444092880198579,1.531760196071305,3.0488799091910415,0.17727198762516655,-0.000797775700178319,0.9200776132136559,78.49351623772603
144,24.969316223044046,8.668460702650819,3.4823865418813957,0.9866272762060946,7.007346919051382,89.01699823498505,20.573989354087537,7.661035893378444,3409.038715329929,146.96467071990375,16.84957507854366,0.6864112873138577,-0.0014559757793474598,1.0287418620828153,0.9587510305696799,3.743532472565854,3.6744028843709327,0.5671237346830756,-0.01668847069993562,0.05102263891426201,75.94649682768906
145,24.9922787038773,7.744922950495389,1.7509823112282215,4.973541177071985,2.9819010945366555,103.0191369494878,10.368991996424917,7.492697823555193,6349.004439066419,185.95983602365263,6.774752994604318,0.32026269815523783,0.35470148858280875,0.9659160068118937,1.0121428730029398,3.5473693594691174,17.770430451472052,0.2724446965357075,-0.021027906140271044,0.5623330700409107,74.39688847312169
146,23.949942477783672,5.155731070306132,2.5872550595742307,1.9567185564199185,6.017206765106323,8.026101806507224,6.264630114811293,7.263856442271828,12021.973629493416,262.9811654376214,5.0129668201216955,0.5960390396875584,2.934948103511804,0.5903165150112151,1.0131777846814203,1.382292906706743,2.6422194118747875,0.45789340087722263,-0.002363794422945511,0.6723134491716936,64.0525733760649
147,20.011976693678157,4.196897063271292,1.9150749908838787,4.014401908537123,7.949970042014274,118.05129124086027,4.9598334338234285,5.27856460849127,2945.0275238646077,145.01099836732882,0.020870601332283748,0.7713700396103964,3.7903650409552876,0.5238548548467774,0.9977816077474599,4.9707686254914005,19.935263110999944,0.27061564914801867,-0.026351507823642463,0.8200874111153253,57.962696111341565
148,20.019415878191083,5.262828418924201,3.773277534093432,4.04149583545988,4.029717004823284,4.036296818800573,13.347670325772233,7.493855569771877,6087.962074372121,286.02314183304674,7.789670762475462,0.41622084483686184,2.7054289391201944,0.6476415715348169,0.9751496629016717,5.492015319175188,22.077449362492015,0.5865930611099658,-0.024507762973178214,0.31254389770831403,57.58164402840414
149,17.985504406131017,7.062875305054275,1.7571952026965598,5.037989908038688,7.973656348891836,55.01319009166819,17.693108014006146,8.077181429031032,8712.038534831327,285.97154937680136,16.27972347035689,0.8201446914712032,1.0045574734590144,0.9060203376310348,1.0433388950421032,1.4322195417177679,7.350998484350977,0.32713073438820034,0.02864622266894171,0.1405646557925982,71.42105608618145
150,25.0472196028987,4.347833271752476,2.3020801148514605,1.021297982444417,1.9704516162464891,95.02711674201907,21.143664252017587,8.991987536596234,22359.029731782728,361.97572172241837,17.67981673680331,0.18996842732309074,3.7553260206679733,0.5448323827762999,0.9823419846685769,3.4891453641590684,3.496935388237932,0.3895689263847591,-0.04139037275872265,-0.06837421650481207,56.97868909524491
151,19.96322703010993,6.520368409632867,3.625876304538455,4.019156299518028,9.996585256830775,82.97342195223605,9.844238117691043,5.004884552096133,4790.04169325886,104.9466053047403,0.6205392912454595,1.0018404629599371,1.5248950107493024,0.8266957853826469,0.9342229342170119,9.185509993537565,36.707358439848406,0.6013447589640966,0.39318167185386055,0.639239286297948,68.51792904728629
152,19.956068753593705,6.9756279295318775,3.4491507968445014,1.0509287133912801,9.01298918784131,49.02328880772242,12.491551536544396,7.950952857134989,7006.995252608826,148.0064305662483,9.30983100530955,0.8827028079316165,0.9757818176192119,0.8692564784611325,1.000602168553307,3.137757616751518,3.1709814064640387,0.5895451508542254,0.24280238146226665,0.3971294307857496,73.57782263255288
153,18.0067335545568,5.698529119774859,1.6246069719491796,4.009962443842504,9.004917721907804,73.96983332086448,2.058915015611937,7.305320366494981,2758.9851165806067,119.97803583294088,0.08055915926507654,0.8671428772226408,2.3105485650966417,0.7440654378781909,0.9928640899934272,2.0553856787304707,8.366016398836779,0.3269692380506688,0.16067332371089793,0.878487029646259,71.0212998205932
154,20.031412949078366,7.895189197568656,3.42451918611215,4.019383890280725,7.977720225026829,13.98898932744105,20.727172684694256,6.691721387399377,6435.002520652828,249.04989094134635,15.337726002771065,0.7850880618011544,0.12412943024260722,0.939580239784318,1.0557309181844041,5.431769084044099,21.598816071639856,0.5683478313169329,0.041280780382193294,0.12963896594520377,69.99262636963168
155,22.050517830743736,4.509925539138467,2.4286225530646988,0.99037648414444,9.984817321264243,30.907523134745702,7.615689438646247,5.508867746113742,7936.99746689641,310.0122942639895,0.005726090358947036,1.0022179705052772,3.464740428532848,0.5356349264363598,1.0146908186258126,7.513663441686846,7.62327078522465,0.40879871616394753,-0.035020953624751314,0.732177491397865,60.49234821489272
156,18.98623347211393,4.443530043143941,2.4365544064461506,2.9591386988743573,9.966008729578677,27.012042889781025,21.510976166949035,6.651578702087758,9892.980417911433,275.9948566276963,18.29804098414663,0.955747323355921,3.61482448034416,0.5885892136482641,0.990842117595063,3.165600994510435,9.507093528233804,0.4617417410578345,0.0022134651225849955,0.0715821277171942,56.4701587986494
157,24.03236042500294,7.626382511234122,1.4660604177397885,3.979484532985013,0.9932596029511039,20.98068383966675,18.373427931980984,6.402298299794158,15127.983391300577,432.9807666271737,11.387033153376235,0.08727961206243524,0.440364668686154,0.9369305450260345,0.9940943472882078,7.009192782220852,28.248542577254458,0.2314255975539371,0.023154816491960904,0.21839571675068495,71.00765027035384
158,18.99884474591498,6.4676787176904575,1.1893172385414283,1.9997252288439604,2.0322506364353274,104.03333435645614,12.462115494724218,6.165604052834736,10203.989008814582,202.95515989339418,4.693760881305852,0.20263490391778216,1.4742758204512456,0.7481250398448734,0.9937478947648675,7.828519904808143,15.677962407592686,0.25178953829873874,-0.027179146045046416,0.4890349273080316,69.65741397412702
159,17.994821181001775,7.4412948935005865,3.203287147402336,5.001823561175039,5.999872111870684,16.011705778318163,12.451344693957967,7.928353763683422,4596.964899889407,228.95896384669163,9.2913064478464,0.635839797303746,0.5784204429724643,0.9685792382984166,1.0665140012369014,3.1460503936392707,15.70519976653269,0.4701229702820856,0.050229984471373806,0.37740815940278466,70.44903181500959
160,21.0265097981246,6.209393964200395,2.4875068470025594,3.0577885756456618,10.025782427642783,58.03372287684105,7.619880350730584,7.866337288508476,5563.020338898688,216.98133577136284,0.043146560677583885,0.9906222293559841,1.8348141751604201,0.807308082140794,1.0202645160441353,7.547790158155684,22.708625223522155,0.38181026176617483,-0.011710493489137611,0.5801929599319362,65.28679114927438
161,24.0195696863524,5.2206119738757675,2.3000593053426743,1.002438315027732,5.043662040131785,88.96749210365982,2.862746069874317,7.348390477025269,3587.9984310858727,-0.02096708646072914,-0.010521813857035977,0.46262292949672335,2.789372910612805,0.671329082198322,0.9577851948317797,2.881133021065887,2.8541043491149094,0.3632941757906355,0.23952269852882216,0.8691186838589514,69.04860926662586
162,17.952708235290473,8.143996225778357,3.2459862006690896,3.0353653033207695,8.98235944442889,107.03115158111478,8.540502906213383,8.797077235438541,15089.990748645923,461.9700248447146,1.9112334739623633,0.8937101996190682,-0.029460252402572964,1.015332180208551,0.9926668015569704,6.726437741711143,20.09011034222886,0.5508530869416234,-0.0203416383775351,0.4737317404152975,73.56905493037857
163,25.044296210491776,7.966652592514594,3.25964956548208,-0.013052317247289481,4.994402802408339,70.0631756903309,2.0002189545513014,6.377431335347156,11681.966689375171,311.01131284182327,0.03667180312951724,0.4830029208772973,0.026468191291022267,1.0498224105447609,0.9992910265599847,1.9795914552076073,-0.02978339902087187,0.603219712688607,0.044748415493177617,0.9158334558930192,79.02507305832917
164,21.041402740624424,7.498925232638806,1.4741685098350328,-0.009350276572957023,2.065135785831875,105.02292474899795,3.444461526551599,5.986466369050299,5812.96518881067,212.01542796777244,0.0486279835599935,0.2165653566517209,0.5173056271017752,0.975258552871875,0.966772953896072,3.5441817062082075,0.06985093355216639,0.2322754236390817,0.009100791308579586,0.8656530181629372,79.2670701880304
165,18.981233118954716,5.384056363459224,2.8413154280951365,3.9601297708832965,10.043330302359399,56.02371047026077,9.768549391442866,7.6431456759262835,9411.058077421521,457.98624102808094,7.940393617988934,0.9898628402091332,2.602831817224882,0.7214356820637603,0.9465113362825873,1.8339736838296974,7.193690588248842,0.49601423921875676,0.06291839701881825,0.4933837160961962,63.50862379851109
166,18.011874106003123,6.952964217239036,1.4306010952070627,3.977730159613703,3.9498278642256293,25.005087930291847,4.485322217075513,5.799747590020859,6221.981182276114,290.05805456804796,0.07557998373730851,0.3186830013526219,1.033737478853461,0.8958650144134169,1.0178669014536053,4.460998708354031,17.914480719692875,0.3004500855663961,0.03537216033854259,0.8012147082461726,73.12860887756793
167,25.014820905588483,5.810401299328148,3.2891060505954877,2.0158094417409127,9.011614449481828,23.98425993658304,8.463574067531766,6.251067930533563,0.018315851826279796,-0.052401880995482764,4.6057368257581555,1.010748735035934,2.2358690572958366,0.7286838755375324,0.9758610101278629,3.945043343854168,7.740395522992764,0.5969428202057596,0.025110986810773183,0.6238781024336274,65.06486475157547
168,24.007820212974718,4.575346696547533,3.0256320600336215,5.000226805411824,1.0000167997701908,9.022835771181045,20.335587393417896,5.921783825640512,18060.004879034095,247.00174491696916,17.64629718982833,0.1042708987477279,3.4975153127353167,0.5505250538695561,1.0374631485567996,2.6870097539334186,13.360653378531179,0.4878837980188595,-0.028653511281878572,0.16275016857291397,55.54439927735362
169,23.983490845384637,8.544797667664827,3.9102364752747607,3.028288158596917,1.0247935933257628,43.95481751268794,6.4613737089920775,5.336743653458077,12668.916744346167,266.9934425938774,5.127104054806612,0.10267574530925738,0.0592297916265811,1.0369322847260238,1.000245832978235,1.423128709770071,4.116554920961024,0.676056885220732,0.002515623418510688,0.7718001380766022,78.28253173799071
170,22.979851298961858,4.699031581668516,1.2450082382700296,0.005437618450351508,6.977650636975448,81.98746734625237,19.994018967373353,8.319017607739175,7275.053773524694,334.98347897354097,13.695648480893716,0.653757700840089,3.3475016986028097,0.6025613684639903,0.9857719353921479,6.310053622403193,0.053990408185287685,0.21018220039793534,-0.009500319517397146,0.06907211367461068,61.83812763832719
171,24.999233377870258,8.819216288052244,1.202235287814803,3.989426388050868,2.9748117488387797,9.946868295929885,9.52060089246473,6.004518194704089,6435.020522519363,248.97907011461962,2.3806425337169994,0.25606292202115166,-0.05952895349671827,1.1175607200438682,0.9274979904956322,7.10624620900278,28.426970898887465,0.18021646700879054,0.0007868177531762508,0.6081517789640495,77.74377419400695
172,22.03518187057778,6.203692346049686,1.8307689634161775,5.064448905913609,9.97971787854119,75.97889030868055,7.262202350971159,6.884307453282209,9571.976969895371,224.99979120351264,6.081227650500171,0.9972415312698091,1.7690964772970044,0.7645065600427803,1.036669535488838,1.1622538853104578,5.753469370356153,0.312818793448594,0.004431623340054787,0.681033508051311,70.10944071584602
173,20.016308004637832,4.896606158424528,1.8792603573147786,2.9971828929386084,1.982842143614047,52.01926135275681,20.593934289938375,5.245591229369361,10816.999149004867,379.99323416518035,14.99883223492939,0.21008513996934922,3.0323412454107324,0.6309104308434991,1.0088058049793591,5.603794111466997,16.82680006095088,0.28578570293202643,-0.02702092409695971,0.19464789689536993,58.99758225675471
174,20.988881570037417,6.661023509096625,1.7179429746514239,4.034890029091159,9.02445972500427,71.01516180128661,17.121888269706016,7.8040472134901435,12014.965524498977,-0.011756295813376791,14.092150576081336,0.9210634241753026,1.2902585501582573,0.8275346650520257,0.9865541584354791,3.076619576649048,12.135657038465657,0.28706394280847625,0.24436562618979665,0.2564458588611144,73.00869020655001
175,25.023150961319452,8.406983602288205,3.7014798449738455,3.98796372380366,2.9645639648055337,103.00152741086606,2.761030480078845,6.302167589042661,22026.054786614353,366.9610384109503,-0.03043982061283766,0.3071231297195478,-0.0363365459490019,1.076022830740409,0.9732912583725939,2.8279774602551293,11.091732189716064,0.5753147353391325,-0.002891664929870379,0.9025440720752661,77.21192003027413
176,22.914543721381097,7.677297080689522,1.7216734095566293,0.021287984381506996,1.9813215830012205,67.00511202982186,9.102445204093778,7.945647962505524,4934.972770268752,232.9514566454657,6.484473264859301,0.16442173390495599,0.2755704480378096,0.9360367812057184,1.0479727362709377,2.500495072686428,-0.006264114697485589,0.23044540372617184,-0.03030685226661454,0.5405337397178075,78.38741539374138
177,20.034462971011163,7.934302348850643,1.7890415742538834,0.027840469774550604,7.946329628284957,109.94342406146407,16.880551930359992,6.595222967176622,5991.984307480099,303.9913445057441,9.579624354466953,0.7248660017275985,0.03271704440348617,0.968346653949739,0.9680734089798143,7.242884194171939,0.005682327180142558,0.2914038932161263,0.024012515499065794,0.2908871286943507,78.35827956685478
178,19.947808586636658,7.335837766615412,3.3716390311657416,4.006254759117267,10.030213534702371,93.98882313158288,7.439402214781731,5.790907528215386,13754.978113167655,332.9879371168651,3.0384358144645702,0.9969933295186538,0.6473551282079477,0.9052826381834406,0.9889405762509205,4.453783002409301,17.900245318876753,0.5595442468591514,0.006674556398290393,0.7093813610195784,70.85273909850255
179,17.989126771757906,7.528751574595261,2.3054021311308794,0.9293655123191019,6.038130902982934,26.979559451806942,9.502730837275745,7.069639259784735,5273.002411382006,193.9940888941917,-0.018884044037394875,0.5839807598817262,0.5038920722309244,0.9623635618650686,1.017092353061712,9.352785645014517,9.394515040562474,0.34949742288622265,0.024397596297543834,0.5665988640773421,74.5897258203189
180,19.966409903161217,8.201549829305531,3.2918120003932345,4.000547573825683,5.990187797074086,73.98022820928456,11.477504431481062,5.508099114601043,12764.041109495005,330.9967413460633,9.235024250525024,0.5621228482766314,0.003710293274412437,0.9902364360602292,1.0435229992007011,2.2531990450078654,8.951518069569664,0.5657888576315994,0.014616556208552983,0.5160253803749314,76.0424420862869
181,21.961159555728372,5.206872240646171,1.1749293298493988,5.036913801432799,9.991061519055604,106.01798735883442,1.5277194803736045,6.7595508874590715,5245.053681233473,284.98432492974354,0.015585296643249076,1.0248417467231687,2.7975283213734357,0.6814906105702758,0.9935104087888667,1.5155782049249964,7.50010109476549,0.20128248537591753,-0.05140876466635582,0.9107010095704855,67.0408494300663
182,24.034824803621355,6.432229540381467,2.532916605748193,4.015824424990832,7.013596657068487,63.974184780204844,7.633485352191972,6.2348861487213405,4675.988030115674,225.99362777728547,5.6260220716422475,0.6527326975246003,1.6039233604593928,0.7507223559684437,0.9779554907730237,2.0416655064171585,8.067168778790645,0.4361742173121652,-0.024999154677577455,0.60804253937722,69.54438301904884
183,22.985968963960644,5.106730189703342,1.1260156223848323,2.0133751662568775,7.044234460221348,47.98185957449618,14.066952094714955,8.653987853944825,10725.01134776947,302.9743941507569,4.830554122405061,0.7185090651836974,2.8330315486875275,0.6300976237321713,0.9967978237433405,9.33337340084417,18.62148982622962,0.21170248999410185,0.04959633944905682,0.3334197555297932,61.366848256299455
184,20.01039511645192,8.92712052664284,1.1850793688575771,1.9483322919812744,6.012258322426917,45.937387922628716,5.217534663659424,5.254444859617014,12574.002457162378,242.0457183742749,-0.041116837026124065,0.5576958607494755,-0.02428663547393076,1.0701077161869208,1.02713411988872,5.22625075669851,10.416752188672225,0.2403072992887776,0.023552673022597788,0.8255104315011023,82.78807270450729
185,17.998592382633625,8.691075533973784,3.7172935403536727,1.9783863478797483,3.9790737417257467,50.99117630458871,3.3917706821615186,7.763945071984971,10498.970551722066,305.9760077955555,0.07749266552231603,0.40402266056749997,0.046290025957721685,1.009203019074503,1.033881846557896,3.3033831853960733,6.656597744745432,0.6347648284927848,-0.048649177055441827,0.7785577823266312,78.57461001693042
186,22.014311224816694,4.239359512157218,1.3547433209536142,1.0123407289345432,8.951435322840407,100.96736487356858,19.328351227055457,5.780713580087576,0.07267666723787833,-0.011129421283960217,12.420242546304863,0.9280192296605587,3.7640938674347093,0.5359935541432577,0.9587452255286386,6.947756445982258,6.996152919006806,0.22447540310495834,0.0141003309758546,0.191545118357424,58.30142454347571
187,19.00230465673181,7.509623571777981,2.605549117252195,1.0123114983036068,5.966546212120095,87.00237608786068,17.750447958525797,6.2548868101975925,4878.040882786869,203.9782863363266,9.456381935271336,0.5898620005319317,0.549998324406926,0.9321656667410666,1.0034482036113104,8.3759447898638,8.396427696604588,0.43899921595610114,-0.02495744763842207,0.26671840984964595,72.7183957540217
188,23.961510233274343,8.605821558308175,2.213582690562301,4.036440003403987,4.002196583509374,52.97146675859773,17.47802741347246,6.6685042981205696,11611.00567347549,331.9777825537939,11.469747923186222,0.4506975950352047,-0.042204672353352186,1.0330870320150853,0.956972037731158,6.037395988071943,23.95141394328321,0.4365420946018177,-0.06289468464751091,0.3001254224060643,74.57621625176589
189,24.029888004583412,4.861898167338639,2.0512198942867768,1.995653997345617,2.980340174303976,59.00313626736648,7.484183573980876,8.655449516591139,3844.047456282805,176.00073924699913,1.7774457742782142,0.3575365897678051,3.05418878102763,0.5970015842604567,1.0265265151293181,5.768170569386623,11.52798563563142,0.36289727468829913,0.0497162700564595,0.590002396898973,61.712480207626456
190,22.98518730250516,6.808608675629051,3.6768754359181397,1.0121747226002145,4.005849031179722,55.99565942717773,9.36347398065624,5.967681314995518,1619.0363632013816,78.99693297370351,6.139155804986718,0.4071152500005897,1.1714466354820774,0.8632547568078794,1.0126715170174947,3.17025675114514,3.135727556619931,0.6188127486065093,0.44511394120507397,0.6691507690049153,76.92314193040818
191,23.95330254304021,8.575041352475166,1.0616494211359304,0.000491227257938811,2.9834122795129128,46.05016125319127,9.02007225763489,5.364345695433165,0.0024558402324526695,-0.013783811711256306,7.120225422789487,0.3162415611177082,0.033872489048607554,1.0639555099903248,0.9723644310714781,1.8362677434175636,-0.0551770760720858,0.17881731915211768,0.006509351429411355,0.6747806264661989,83.32563367167177
192,19.987156545171022,4.180851518204145,2.973137161172249,3.9703917179049535,1.9682556070611676,30.014916539413594,2.227371993062487,6.227134015486509,9601.00977890816,317.9914957202534,0.05367266948799183,0.2318212659894956,3.7836163751075187,0.519039566532948,1.046024367101535,2.2041922068366175,9.025864672629302,0.48205281900090424,-0.037703133525160686,0.8712545917974277,58.645403110410825
193,18.045022793719028,7.475538731150516,3.8599029449905524,4.932326260067158,4.964689051056408,103.94481086382314,5.707885792783676,5.460720244871489,7937.045363784271,309.9784055934702,-0.04292575751797149,0.5163327911745647,0.5103622096531742,0.9255463028903085,1.0100504044002216,5.733088728571639,28.594408895113354,0.6143840434222897,-0.03459412488993564,0.8008818775959259,69.11154003180101
194,24.025506652263406,5.468012952043023,2.7400997207327698,3.012930290763902,2.0468706352811967,44.96205333467692,19.29465687413652,5.504903203949972,3408.971615392566,147.01205176913177,12.63257876588256,0.21311729652795633,2.502209107660516,0.6700309360571012,1.0067557744139988,6.65419360825546,20.074845228915347,0.5012434010970024,-0.047749115861999716,0.22753537601838367,60.01452372453753
195,23.989540435967765,8.663743142090508,3.8464591788507208,4.005218416252385,6.026669632475509,113.00165624026977,14.693690166814035,7.316120962748045,2817.0502107209195,90.06165578227773,10.619371779301035,0.5842779179167173,-0.0016338654819095862,1.0571398817577076,0.9946266555296213,4.0629970425294255,16.242373761921797,0.6476883047737847,0.4685717824508079,0.30915356976978836,80.3524787044414
196,18.98952226887045,8.939940171859652,1.2096064973384648,2.981454748736995,3.0519155385548387,24.97210456154822,12.830982357860567,5.260181614635805,-0.006753376820553485,-0.02624523831699655,8.655034277960622,0.24937931474466862,0.03822354277822722,1.093759079011128,0.9997588619699603,4.14542339818173,12.470410123921194,0.16193437550446024,-0.049299859330117365,0.48360154265609256,80.7363638504229
197,18.99035094846348,8.757611025064326,2.3366388483705545,1.951424808304524,6.016198527022653,111.91094894709292,13.69171452881623,5.101151045239468,10140.045740302285,317.01181889671204,6.135155376353449,0.5582971376025156,0.023145538229611167,1.0649057137178077,0.9885555249573164,7.487071932869637,15.009588294560341,0.37957317561218445,0.04850354904962282,0.4538401578960234,77.6497195132795
198,21.062302439506826,6.363313149413333,1.804018751417407,3.018892185432262,9.987100257741554,113.04048638941501,7.972253622469453,7.854074141871264,5770.999843202076,288.0013484687106,0.0269849988743148,1.0714710207628455,1.5657129040851283,0.769481162069276,0.9777637451135124,7.895181616948046,23.845518109710518,0.3381146540308227,-0.029602912645001384,0.5946734310414692,67.10891639074563
199,22.01145806356695,8.302137612497328,3.1971466505689774,1.9920223977741334,9.039700227674698,4.021606720507163,3.2455016091053706,6.490034470522305,5370.010128186675,176.02005889274398,-0.03665313265419221,0.9096737687341501,-0.008267123507749927,1.0261086304684652,1.0368739176281618,3.2443892558106073,6.525250391965242,0.5199251286062063,-0.036836377603194775,0.8365988367454904,78.47396971628662
200,20.012901249415734,8.161194771243876,3.890008871428387,0.01670624167104437,0.9990079599591469,83.01562930620476,15.608438089362041,5.466484070027787,-0.0010292506971737703,0.020903788814882144,7.56840292912573,0.09262949555826007,0.05230319460092496,1.0058021644301594,0.9852177223100296,8.008561653393757,0.011492850851329357,0.6255653999951297,-0.0016611701091935414,0.38014333870191924,76.01335220232197
201,24.030908503620957,5.579129153684088,1.790688270258673,3.055921455912353,6.0066252531087105,50.98178030863587,10.413405644894338,6.0738375422427175,15111.984044691315,388.0061623809166,3.654601091447004,0.6378998177735372,2.409586853675038,0.6678490410845291,0.9842077588680483,6.822699193838132,20.42515031203941,0.31070306371018447,-0.020526281150479903,0.5787539209150016,63.72981227651036
202,25.007163674770794,8.072456190497503,2.9535659533107292,3.935757073590409,8.998715268627734,104.0128303031303,5.427232369292175,7.547653816441712,6063.991898353056,208.99880538271654,3.6245896107989815,0.8775162608141451,-0.0452353789227396,1.0354804396607085,0.9961211772955335,1.7539376299655753,7.076599611984401,0.5197445114955025,0.0029188661521822724,0.7467800530114004,77.42793570811997
203,23.99222873562538,4.237187520193247,1.6079276429082203,1.979011975738929,3.9115928734214798,73.97886919027337,13.209017114411774,6.064614476300784,10081.041373342096,284.9869664940106,10.798508734487104,0.4174932480223957,3.7568888329286962,0.5619790791575014,1.0427354344256443,2.4710530349216824,4.90547048983276,0.25329617967225887,-0.026314695821804415,0.45980752709807804,59.579293240650436
204,17.99410950452745,6.988113109656947,2.698789982693579,3.9937187316006426,2.0481420503688454,119.00614571900653,18.415782130713026,6.983969270620657,5160.93057508052,246.97705118940675,9.4303245479261,0.20231576100680115,1.0267043592569867,0.8749969167618981,1.0339349768109194,9.124985858062058,36.390600992094726,0.4320138424377455,-0.009404482491372988,0.1685251087754156,64.10607355509953
205,20.997851962217577,5.23205138001082,2.4223608217223362,1.0436447852243995,4.014730118378733,52.97238250322491,12.03432349088339,5.556250447930196,4362.962831021656,98.99709463017145,5.591656241662602,0.4138008250331081,2.821073119515282,0.6519941896379252,0.9881545489129754,6.490056555670887,6.400198202777159,0.41381761351342,0.4249357047863199,0.583333087432194,69.96267254503114
206,21.998883332904704,4.618123626687655,3.9028057048931584,1.9509079094238055,1.0098946918260554,32.04548865351668,20.86369196373896,7.292671021932233,12464.97823584872,225.96146233505746,19.749381761513053,0.0899077039211843,3.3723590327458806,0.554223081023912,1.0368035627667602,1.0825616731635481,2.180654114031635,0.6162546402072537,0.02583677170398939,0.054552649644663886,56.44097569924875
207,25.02182888630911,4.469109162563144,2.7951188889529273,3.0580758307704183,2.998146718131883,48.95289290037754,2.1898585866906513,6.255769528445309,9171.967649656226,291.9821843202965,0.3092149786433285,0.2710591707812886,3.62242890536923,0.5820109407037299,1.0032436051128502,1.8920781275278875,5.755555959073727,0.45052060777592945,0.015378689741714241,0.8854555619835527,60.69854025614455
208,21.00155837657422,7.4556166733058085,1.9738642090997711,2.0040756770469885,10.004902834611585,37.036968514885324,20.480102817017492,7.524287950517697,5652.045299388313,174.03320560873416,13.437926178773385,0.9753138678058108,0.5479817641015775,0.9896454334522902,0.9746972419597589,6.986481558763333,13.96420263488372,0.3297225558904466,0.007431576643171078,0.10375820794363162,71.785859315445
209,23.021979202316466,5.737776997193604,1.302164597104653,3.997119980147984,8.982081631924613,26.00116747484052,12.812048079227628,8.231009498756066,9769.037730309336,259.00295536663236,11.777856615735582,0.8764834739321911,2.343735765189818,0.7075861851292302,0.9857161195598978,1.0249871000598638,4.1669624160881575,0.2388376282538883,0.03160642268703516,0.46102565730330636,67.27857705953195
210,21.997578502596742,7.634393226112022,1.522147116924485,-0.0059417928965671924,10.018497380569219,96.98531599013974,10.84274976244876,7.46145765010009,9893.017760954282,276.02677993256805,8.456125339180575,0.9999108906303353,0.44812834110467403,0.9343566041482243,1.041197616078512,2.5017166023331616,0.011459213103648485,0.23716980743608082,0.007895385729639689,0.4987142302114182,77.90121385720585
211,24.002359055709483,4.270798634859188,1.6656998302674841,1.9869121090345991,4.960787049668026,14.005010087650872,1.3109254600116054,6.158459007534831,6780.980865877976,268.04408931659975,0.0036271774525816402,0.4533159445857817,3.7166646632518843,0.5477442579786453,1.0624853579070734,1.3360339549830573,2.645679180903833,0.30023194048301266,0.0053639826578865575,0.918669210504689,62.855437081845906
212,23.940053979464036,5.6302140000941945,1.8026242126104222,3.0314435027780746,6.005582052974116,95.02200044021535,18.584307874011703,6.002008344622058,12465.040051556003,225.99468911632255,11.289864405459493,0.5625771415493372,2.3946702054261038,0.7038679313211517,1.009594502762596,7.233317668356749,21.611481481353245,0.3349810501874776,-0.0035986117555392547,0.17873687409497335,61.73130481686371
213,22.027489830241073,6.710084348890787,3.606991288545885,0.9679443773775268,3.0168472041171333,60.04100240210083,19.56272307991601,6.305547320585224,12021.95235610222,263.0062197750258,12.702384758226426,0.3040657289258761,1.2879255975859947,0.8224953357362813,0.9830038851495094,6.883031488505262,6.8581660323594935,0.5848068586797518,-0.021487444445967254,0.11924193816499437,66.99466726365694
214,24.01039465427694,7.993175712201397,2.6784580564914524,5.0103624254493155,4.994039925985313,20.009394290694004,21.835848098167453,5.626103357362918,2997.0642594792043,155.9909446231754,18.761015122042927,0.49616974866758257,-0.0005216066583852988,1.0141358749909706,0.9962524759697816,3.0237723798304468,15.06501955770471,0.5466878532745666,-0.021421270663083948,0.10532874562875288,73.02944479392657
215,20.02994030329579,5.57528193539084,2.58236431085276,-0.011525449971209266,8.011126033774131,44.97327911744213,18.7203176634183,5.718659407956794,5163.979461106084,236.97562182718573,11.309088865553932,0.805706946027701,2.3737193008662945,0.7281447282216968,0.9771266745418323,7.398563103230414,0.019864186514809565,0.4759207005859634,0.0044136252253672865,0.24759237308853232,64.81577823223695
216,21.91311233865419,7.078426716456524,1.3069183254629866,0.9771359965445771,5.9702599682329724,68.00166890371297,17.671206888727554,8.148337641189855,12311.992138943344,279.97141095222,14.512136161238061,0.5986486939700068,0.8892210382644294,0.8639254479602566,0.9814970986323025,3.150200085318389,3.1765769370563457,0.224840265705442,0.030537203769031646,0.13198893323231686,73.55266544244942
217,21.06265124114342,8.461494362873578,3.5659973694512215,2.077579255270517,3.971025196873121,5.054503797099871,8.798018209389552,6.525898644445354,12208.987119684485,251.0252945111779,4.863281541488229,0.4755685062066464,0.03825359244892803,1.1262610193914682,0.9785485660660954,3.9213105264238943,7.838838985992338,0.5945464043367311,0.017110912319098327,0.6191591660413278,76.69082528681611
218,21.995812311155344,7.1000204845687245,3.210497711457482,4.012571522042604,2.0071015136307917,37.04043034256538,17.37841288733866,6.749615192377959,11387.967806777577,272.00625881841455,9.699250186456332,0.2038021530197262,0.8517278697468755,0.8415117352870651,0.9976196875750403,7.776523299035344,30.841029778195157,0.5166737367670712,0.016938544853116567,0.20517617238592994,65.1588040703571
219,25.033245484502125,5.223463900045944,1.173139368790224,4.018397966339834,9.020356489638631,61.02726290434373,21.603567368151214,7.325380215204021,0.057753393718107573,0.055398092162431585,14.728848895225841,0.8886276105153817,2.7537799082292573,0.624449278209773,1.0036204310937378,6.8259149894168765,27.390299284062756,0.24983810036765589,-0.03318468387709719,0.01601785491335473,58.653422725119334
220,23.968802822186234,4.076273018549973,3.1318856107909965,3.03413330342006,0.9437540303349486,85.02387061060367,4.706636101828159,7.3531272968985055,7213.023666838923,263.0291615603877,0.03571616953118361,0.1030339535608453,3.924915918132553,0.5195190409090709,0.9955551657795463,4.655263922757897,13.885403669646198,0.5229816578564739,0.015684955877000015,0.7689524496184775,56.251742943314774
221,20.01838321715188,8.376604411613352,2.670134832361649,3.9573595016404437,1.015660619053323,61.020983502718195,14.321988242120327,5.339520612968445,0.036464116262393625,-0.02193638968609104,7.373179383932478,0.1305986512753099,-0.01050518774050424,1.1174061935512964,0.9933603119643529,6.895034235912065,27.66727113350195,0.3901687544075336,-0.011976223771522515,0.41132120710693526,73.44672357976165
222,19.968397533104792,4.132459544277498,1.1741772959489454,0.05256875727366095,3.98370395498871,81.0347626450353,14.593546660624826,8.297416709410232,9104.963289921838,288.0252102654068,8.487542676599107,0.39851114831867607,3.84223070926325,0.4956222792495812,1.0228147487051709,6.090982506013244,-0.009956466711737017,0.14863634803002537,0.005272098797625106,0.335135785335541,59.9661897313597
223,22.981286931179127,8.359512713653455,2.4160262358712403,3.924731284645148,6.994215817380778,76.98630113642834,15.632286776893903,5.748565014894532,3409.0054281348102,146.99084773382694,13.783214228116684,0.7205418507590873,-0.0018400246902132132,1.0180276106221324,0.9931237322522366,1.7894902145273577,7.389694724209381,0.4033732497808174,0.016560446094861774,0.34246865812157684,77.53552638696463
224,21.057420940616005,6.587543586962841,2.4781977428535393,2.976937007698844,0.9598144622930489,72.95934741802675,1.5205777792709363,7.891639683627381,2547.0156308606797,150.03650579127387,0.037190835901927274,0.1118813789320665,1.3938763524555922,0.8414772443528623,0.9950495256809879,1.532344253143193,4.569455867542657,0.4207000277611591,-0.034686215995612835,0.8911999223171415,72.13982022763149
225,18.9942795279771,8.701020822332167,1.5312286252139338,4.986229049804633,8.974451482794398,45.00207010502211,18.424699747218753,8.071911265733558,7192.008122695706,293.9854099836827,15.042778296921371,0.8912875326947207,-0.012932534294740016,1.0800421677684577,0.9947031918692169,3.370847331804171,16.938948453084997,0.22249087695448663,0.00472211146469371,0.21295645551332315,76.95730325612118
226,19.006522986195392,8.003341178055202,3.7620422477274436,2.017451700949115,4.028983759765909,11.975472552396669,3.163908077769758,7.820380750214106,5663.965188796468,227.9684272211927,-0.05994860029613212,0.4033262739664586,0.020571180794444522,1.0199576708486329,1.0462986319885381,3.1725016855644896,6.329105515338714,0.5879002287077968,0.007087870010002839,0.7692962253275556,76.37535937508257
227,22.02610203192066,8.994627201449516,3.5144176027528315,2.0065615479842447,3.0009859012194062,93.96834937733868,5.726140278072708,7.324190458958557,590.032265000634,20.97612734768816,0.021904714920943265,0.34796766342576224,-0.03999586706374791,1.1228765835029875,0.9852635612552276,5.702398861778506,11.388091885812624,0.5244406664517487,0.24183404290580005,0.7818975268740884,81.74480355601605
228,23.014870456639176,5.8118745934328775,2.9738103309933193,3.994995557779048,0.9885166479487133,92.97839164270236,20.38671035452648,5.10360191317444,7365.003646502483,248.97766005292755,15.876406850784182,0.10729234885113893,2.200389562445788,0.6992850037361014,1.017888883208246,4.542326261741722,18.138982954720007,0.4772200978646347,-0.015506263799112234,0.18998791664917147,61.268090994388125
229,18.004512567154308,7.820785672674534,2.3937904623270487,0.9996400796611683,9.996505349421069,2.0745594177360105,1.3260086853719877,6.428323665644098,7141.971351078931,320.9747924470614,-0.013697401634657462,0.9704193692748679,0.19367082516162706,1.045466279112427,0.9775486691818762,1.2376850367804726,1.2711442876569068,0.3891175583516989,-0.0018364298351056306,0.9093563142957583,79.383411011831
230,22.010948830073986,6.02203912636378,2.169069241745581,1.970659309294323,4.014676354739929,93.00408373902228,16.34590142324685,7.417571157257897,7670.944342483814,362.9828217517318,9.608614578672814,0.39041468718601374,2.001134756837351,0.6613682820275785,1.0104983449427578,6.697794793121404,13.33756612543796,0.38741980372955626,0.005098928461083507,0.25278543343188725,64.94405162716586
231,23.072102467557148,6.370425885739966,3.0246705141268726,4.9550830281654745,9.0132148348849,5.01085723509083,19.955405612295397,6.58031112550571,10688.018199995404,260.02570075610976,11.771911909728626,0.8365725825080159,1.548034415255898,0.8546071625104932,1.0163869957536502,8.133437347317251,40.735949570714254,0.49608998123149384,-0.015503577919080525,0.134563305709684,59.53487539561637
232,20.99827143608899,7.0914753470621354,2.5748905893668126,4.021795348670082,9.997749189988095,91.96332911578988,4.564519204048349,8.460226123740387,16901.073513672025,427.05388132624796,-0.05775455437878814,1.0041219612025865,0.8843205333558001,0.9154978571270178,1.032527778604082,4.537014839115459,18.278319727385444,0.46525295018868046,-0.01605143263496045,0.749137042329894,70.96103590065368
233,21.00603297140145,8.435842885856308,1.216558927779955,3.0208111833760856,6.0327887733269,6.944687411236221,7.141645135497803,6.192831726608262,-0.030457628200388442,-0.03990568546660511,0.8969231931699135,0.6393618703134843,0.0005930757311168288,1.0276323212541836,0.9884719549212231,6.205050366023097,18.6104318583129,0.21815214488032056,-0.017209276798696733,0.7312017884407784,78.90778181911104
234,21.03151963188023,8.926839415627217,2.4896770591521302,5.047534831254712,6.0291138791072,42.975428420706436,9.015628559359298,6.172966616475655,6722.005113411512,230.037905391285,3.646389524774136,0.5597578269559844,0.016234789088936896,1.168672603145013,0.9665811230552446,5.394910465754052,27.14174701013027,0.432063568491965,-0.0038316909897612448,0.6554290445487904,76.22355657701615
235,21.03316577798874,7.758814216455568,3.396565828846034,3.976299487095544,1.0124011608739119,108.04314586755626,18.748474982107144,6.105367047319968,5002.0333149183725,243.98566888852076,15.938091079795282,0.10449198203524147,0.25539189516237515,0.9338574240226721,0.9764804403021827,2.694453149171329,11.038225024984797,0.5960441259956658,0.052412616557538295,0.1785176127548597,72.1987651725232
236,21.035610909166813,6.110544397010566,2.4044326772220037,5.020784456309028,10.001638353487301,106.01002826398229,11.913646953775318,6.3288917644059755,9128.961910432017,332.01043647593605,4.503588885933742,1.0295629541760787,1.924178451662171,0.7927433288602257,1.0289362471941002,7.540983070997644,37.50134919974912,0.35839916306511566,-0.002762262783374986,0.49401241405751306,61.34287167973062
237,23.019161906660877,6.040653242518755,1.1771452598502345,1.991488798149058,2.0197196328535862,107.01795785274334,5.630305129623331,7.14775531711568,6338.985601296928,238.9503756190828,2.1241607920664656,0.23273415899589453,1.9138346560190027,0.7000206466085866,1.0624525483746001,3.510129301882022,7.053025804077727,0.18391268447586526,0.014626199797823708,0.6685091706953562,70.60528196030339
238,22.965709852618087,7.701408047061811,3.4063110134062264,3.0357142495558045,6.009428022654036,32.02215698117606,15.587566719565276,7.841646449747732,10034.974195236622,230.01572105052034,14.448172161545006,0.6383940351682749,0.3381442437684111,0.9281236542108888,1.0250336023603817,1.1665090561292006,3.6911451271911706,0.6387091024871162,0.0009477865792873513,0.30324962266177585,73.48382334746839
239,20.049002945969033,5.2569330105023795,1.6459100369306323,4.030658883300344,2.0318240021541785,79.98225951860606,15.474706383595258,7.64404630681368,0.029540300844736384,-0.060159371904481874,8.621240368261475,0.14395238505963492,2.7908853266037026,0.6155491452305637,0.9621358171063494,6.780372908844218,27.242302345508904,0.20947985391737248,-0.009225793054099794,0.27299040078248604,59.249780904323856
240,24.96560963820944,4.57156321848193,1.7766571564250186,0.006336281976733701,3.0269868413021492,111.0416389675192,21.930516587481918,8.175127167582364,7192.039765677081,294.0094180521693,19.287751849728643,0.3151479286383543,3.446617844909046,0.552480300187136,1.0240195864333852,2.5723645667512898,-0.027680242496364943,0.2910662238580386,-0.0007259310609721938,0.015092344517188277,60.01663131798172
241,19.00907906395717,5.774970308635252,1.5351543042982154,2.9898140953000203,3.969452382957468,73.98101577202334,18.380009156855795,8.489623757298386,7626.004771087942,236.00771768141087,8.843266271625941,0.35483304444716185,2.2335781837018636,0.7253474334613598,0.9716862672693538,9.498454077885048,28.375458401365073,0.264284459872412,0.023080368309303323,0.11494424480239669,61.44565114952583
242,23.97737172449942,5.422920893447186,2.0449429290046335,0.02882796535824784,4.967421104877749,76.04218697077788,3.654243637349638,8.289253214298665,923.9747479779302,45.00573022902886,-0.013393641814587348,0.47005003590282585,2.5866236662807256,0.6502207090767553,0.9895257214860628,3.570110967197521,0.025798380838601632,0.27702522405853297,0.43114597692783624,0.7023244115576712,73.88901803394991
243,20.99807584960221,5.453715954543711,3.2755153503291585,5.019407135697697,8.978962513667877,49.01326906468406,12.763051962360064,5.058028517632148,5562.986716271862,216.977952695481,3.4150235960304456,0.9246336677882552,2.557718655271999,0.6264076714490664,1.0056169323059587,9.193612323531555,46.18339291604323,0.5274195900493154,-0.004828035879862638,0.5348879306869502,55.13851514775281
244,18.009862872309103,5.181017349103449,2.5563483618472835,0.9794667879374145,4.029284160702008,9.94632864537261,1.3738245615486735,7.912775108577921,-0.018914955427402593,0.01648580023288931,-0.014262770673725014,0.40474141365554855,2.8134080594472,0.6639035230610204,1.0106610656641288,1.359412089846572,1.3576723996241724,0.4932132230328845,-0.007043200993345723,0.8926217343992705,65.73298949673575
245,24.009640716463508,4.217893234127453,1.6090588270051531,2.960166039795617,8.952710730096863,93.97755971540198,13.694308925019646,5.82893084317205,9387.970681934152,259.0117324452825,12.54484011041486,0.9217900822271813,3.865789069281852,0.5264685276878244,1.0019632628401365,1.1256175648924516,3.410173603276102,0.2717798812966913,-0.029804404209038262,0.4408477403379428,59.76344572522919
246,23.01265762262706,4.080971424569317,3.583577774316994,4.991344012979546,10.01184272167324,26.946451844013836,6.9452362080072625,5.510673910050402,4555.996938853976,180.99370141649078,-0.038832629147600835,0.9721265018559491,3.9090954676284997,0.5247678202269453,0.9819666355885124,6.986838582140341,34.858118685537576,0.5827664279494564,0.031202704715673123,0.6654079866360169,51.06269023255373
247,18.04841133807176,8.892920900383672,3.65605809657489,0.04546241446044627,3.010876292732789,107.03489846398382,16.04842430835008,7.553001458833332,0.017244794533855863,0.02015550921525582,11.195128112196794,0.3442080933048863,-0.016857895785319075,1.1176575372779793,1.03179874794023,4.838929574953793,0.015199439660737444,0.6063141048708194,-0.013408082125991013,0.2879272960038888,78.12244442845129
248,18.01360602904542,6.12232557130945,3.601044226214995,2.0343946147619913,8.034879441760586,68.99925793737593,14.297394544120522,6.2739183991169005,8206.014707723332,401.99713187560303,4.653488672971549,0.8206500180152315,1.8769739006993982,0.7911270584595549,0.9841730078530823,9.760510476097686,19.407371309934312,0.5827092401958099,0.044082285890497966,0.3678723567818121,62.531330726187626
249,17.99267530094128,5.9126463825060975,1.6759340177589446,1.9666301759098825,1.0054101607199166,39.93314972680151,17.957490024997156,5.194000132597191,3914.999753029063,231.01586331476727,8.328108802646032,0.1266789435788038,2.0893276963580116,0.7352355294051669,1.0376353823608597,9.633888939125665,19.353529854221367,0.33470898087400125,0.007341179921685638,0.29799728940896997,64.14078341069022
250,20.02892261504865,7.408004551888863,2.3655852146696486,0.9649672775230024,8.959703718282483,15.01127240645159,14.71206470973114,5.534664066043158,1532.0017116151048,75.99622362017817,6.006190220753752,0.8675949967165459,0.5828611517391097,0.9553756190443093,0.95921860327631,8.685548569224588,8.635632789966978,0.3702691896047491,0.5045932283420411,0.3911152493587087,80.22261505142275
251,23.03568411466774,5.089826331621898,4.032697148772725,3.0382405154903847,8.971219351180556,66.98388507212834,10.493210374575245,5.013282599639273,20030.997553476147,446.0065010597333,6.868727549661016,0.9351420372063786,2.938141656708761,0.6142291005569631,1.0064659102583327,3.6951287262439942,10.930913591891787,0.6509829015593867,-0.005998280706723733,0.5921111650507119,59.60210536355952
252,17.96317176554589,8.711101833458068,3.2828644807774743,2.965930922857265,9.964540134343066,97.955485824349,1.1645959318677044,8.611257541207157,-0.038916346174988195,0.017241688232257867,0.004105380239635657,0.9905151527007879,-0.0008692273365075509,1.0659398886198344,0.963215471103054,1.158750419691802,3.481848952471762,0.5052333481185616,-0.02199532727776998,0.8574285251398489,80.15178024211245
253,21.017922002095496,7.896288019597008,1.1013148639838128,3.01527885970926,1.9838616810100058,47.050338975109064,8.064781462583843,5.097541725528245,5709.004804046909,164.98806262279146,0.0014065757705517268,0.18166321189563828,0.05157931982312737,1.028781181861946,0.974977521040221,8.027386778337725,24.16198099929271,0.17446997809173678,0.031296830666797316,0.677456185615465,76.28603196909415
254,22.021035182269326,4.413734168297774,1.2286740823533744,4.98151786353991,3.9945129529772823,55.0032185759829,17.81087804225803,5.898121527235381,5231.982491232437,251.9629849024124,13.948141529877804,0.4187639062013699,3.6063901294761505,0.5906700597468187,0.9846096337319975,3.8753111373310136,19.2745040542591,0.1947630263762197,-0.016830426482633578,0.2591661428898438,57.42253916377719
255,17.9910730948992,6.085092039246461,2.385472249442075,1.0485113477356505,7.965036754213369,62.9911970579306,21.026345135987622,6.691931125761566,10200.959579703425,282.00828237016646,18.494563891944104,0.8174963532436382,1.903765391293309,0.7797122642834249,1.0456181636419293,2.555556664483124,2.5241300834378664,0.43586921991685296,0.038566104560409764,0.1098712990828173,66.47024112500974
256,20.041271204399347,8.394522930768614,3.6986221351377955,2.9768872560258637,7.044119859719569,57.98801725657042,19.3484029899731,6.45557323794464,11611.011121167014,332.03568174135836,13.38968219727187,0.6745954345672798,-0.014058228635070315,1.0233267626142057,1.0392407399830699,5.987214251575414,18.062661627934872,0.5861647315703963,0.01736141249509607,0.24082680718282415,72.35413935210231
257,23.995498332389023,8.670301266223438,2.5995029477053246,5.034300845906174,0.9602415588414268,88.95460161592527,10.163045285396814,8.645020947766152,7909.9816480989075,331.0089745291887,0.7835162100466945,0.1616890303057756,0.00802776065952812,1.0584110269411273,1.0262274628767158,9.469258865264191,47.171686186932234,0.4478421885723908,0.0439338753671329,0.4627659204601794,70.67192583301957
258,23.003767293604145,6.298949771699813,2.5204997353454828,2.005545759621811,5.040383102715874,60.96086353301248,5.921876405090628,5.166604355710539,11140.006832617637,362.0095442694409,0.03017194959182214,0.5544305172916932,1.6986767170061332,0.8273419188708381,1.000998572506506,5.931536632764437,11.870591691180344,0.41926848054620386,-0.02929415395353296,0.813101346110734,68.88419892790364
259,24.994807845271485,7.075669974091134,1.3177223300653098,0.007565845627028603,7.03555489094318,120.03854750354625,2.29028330893269,7.037067000314229,4212.025429134452,163.9987347168051,-0.0025088905451676686,0.718151054224353,0.9190129610212974,0.9256799478273448,1.0056417684811403,2.265262838883848,0.02013213089772874,0.15989152050138414,0.028695326438616792,0.8273457555688504,77.67011513019825
260,20.000467371427444,4.76657860649514,2.993396588062355,4.940890742559458,4.026949076490671,74.98578351390643,21.661884840877118,7.743326492965724,4743.9714928383655,194.0221735595832,19.790490792795282,0.41291210268195067,3.217249368160497,0.5980926192698962,1.0379943748549407,1.9192368796531003,9.356695718489837,0.47824097901443285,-0.02228241504150607,0.07625565199684747,57.23643967983437
261,17.967111747393144,9.007759834435662,3.5019094718448955,1.9339125994038284,0.9791870017750974,10.000662031028106,11.073128726600432,8.72668800287703,29.002763638462188,2.994421937515862,4.499654750129233,0.10989358678780889,0.010947085691972152,1.1952565478090955,1.021039158586204,6.55812844706618,13.048367226136465,0.5603814763912291,-0.045080248508326745,0.40284219056898407,77.21727542904075
262,22.95679847352217,5.20638219327573,2.0888466296542956,1.9933830217919806,9.010273526375308,99.93867008571397,12.152949079608138,7.4866713324679175,-0.05431268645191084,-0.013616963433805853,2.144474698548062,0.8535001012194399,2.761034322886898,0.6637670021583842,1.0005402527011227,9.910477175675824,19.85126161844893,0.40049118231228475,0.026877500946978192,0.42978425365051925,60.66489028104468
263,22.04783515189675,8.723486212048456,3.2556716277924167,0.007407181902498352,4.961678865993481,87.96045723892614,8.202620840742629,8.224818339064656,9411.045975992718,458.03315894758623,5.9258045587906905,0.5033842216376438,0.06357050184426936,1.0542840187790663,1.0446001474004885,2.2406083739331883,-0.026242267710049113,0.5663718062695328,-0.00019205809488310224,0.5803364612233473,79.49593272541483
264,17.97459115955045,7.1870662329127475,3.9077280257219438,1.9662440651678683,2.0273272110510123,17.01829437559624,10.216666287007527,5.329454993557836,4476.959228005093,196.9840838504512,4.561099882385518,0.20298624745687247,0.7533204289000305,0.8917310670099633,1.0244358860849054,5.746222040794101,11.350845643167208,0.6543401112062446,0.02887242162510579,0.5774359070742449,70.18669242041567
265,19.97025822951631,7.012241585405103,1.6567657528249922,0.9673391976857098,7.997780456553912,18.011331352803413,7.568423375142395,6.628145642014673,18212.984555410127,482.0266841283935,-0.013636992676252868,0.7827196494128487,0.9961387246955473,0.8751641173401612,1.0072725959751705,7.546329514658402,7.621584134996168,0.13780493714462652,0.0027603897405299705,0.6945105853077713,74.14496109486235
266,18.935398296591888,6.61652392716821,2.573488425779268,0.016844178894783988,1.9877203935623995,86.05260125596173,8.214599832901907,6.4800014216751585,10081.040151397114,285.0331780638587,0.4866915698280552,0.19071952483995247,1.3671669994595363,0.8275919591024734,0.9862306965925456,7.676461432607248,0.019604456343105914,0.37608525116896946,0.0006442564728745572,0.6184791129156034,71.85284077559727
267,20.980831147569315,5.213343214234948,1.8768091087119187,2.016885634413714,2.963287654600312,54.04028868994894,19.525294272813138,8.52972865409524,-0.0070356877824295765,0.017004507961861825,12.276842544800111,0.2285612281585358,2.8118901448498037,0.6875000965355512,0.9835227324012096,7.28844135057844,14.543855364160462,0.33850030762483185,0.04493110406013774,0.10450205102816956,60.342375704101684
268,24.960307306197777,4.875230389515936,3.373878166850688,3.9958677681883623,9.925674816441129,100.99307867082545,5.237242708947864,5.630822902404353,10734.964078069412,256.96252293441285,0.0024434170338850734,0.9670818120962503,3.104152171744219,0.5838113326200692,0.9899147393439917,5.226719284058548,20.799790272128323,0.5901279504448568,0.0035488066310537607,0.8311977258777433,58.574850603571186
269,24.04926045480409,5.104480904468136,2.721737753361694,5.0234060516355825,0.9688437742889273,117.0141886069414,19.446253199674082,5.592144930027745,5731.021392196969,255.00081464727668,15.216365579714745,0.12765478874521868,2.894937017461394,0.5975546310266334,1.0137097265728596,4.299260868934992,21.182000888623374,0.4277325538761174,-0.0142650070283326,0.22485286668013246,57.78557970231024
270,20.03029451268028,4.9109242088816405,2.9134545636258933,1.9647739311283956,2.0333839458683873,80.99050189671291,7.306779230489122,6.301257809159533,5205.020715973865,244.99394000008823,3.7618861763329368,0.25193590704918084,3.1455331835181353,0.6305697104901529,1.0250734844779843,3.643753710233108,7.314926080792652,0.48416367965690654,-0.0026512534707688004,0.7029195957019952,61.586684626535224
271,22.979355489644668,7.900215354007239,3.395243869227506,0.9893219524873909,6.987914997145756,25.06164429455916,13.239718467351342,5.187407671399331,4925.981004409819,194.98512002233994,4.937864093488925,0.6716985794411269,0.13325487751531315,0.9722904647322245,0.9566712446334689,8.281398421230712,8.278881601020348,0.5653695712005326,0.004729156602764914,0.5559262364747655,74.56756014618414
272,25.06757307416033,5.737405670248867,2.172459428150831,3.04943632817351,9.994920134286549,5.034470440881572,11.231379860963811,5.744746737582078,3007.9842522043764,0.004282547620392826,2.923398604306427,1.0054854596492782,2.190186539707254,0.7977051837040047,0.9416020396704631,8.337588893840854,24.903706474173436,0.3717500443171061,0.10266040638702638,0.5566629948165068,65.79702733199395
273,25.02945296460975,4.304814688719204,3.702771303749198,2.0020496638981946,2.0196666307486537,3.0050905527257323,3.034555426489247,8.875127717334523,11458.986937730882,304.02307619042494,0.004365776346209226,0.2329514698819195,3.7241240392574877,0.565796611444269,0.971455305802236,3.025923475617999,6.070950720876904,0.6055065306788892,0.014733154894131533,0.7578785124457015,57.82363027251789
274,24.990255058494743,8.866375931181919,2.553061336179926,3.00378937543761,6.054170066343488,107.00601184354629,3.2894181542036898,6.700544238202297,7191.9937892811795,293.98624342019605,-0.0004259420929398721,0.5843935492231573,0.04694040773515361,1.0842381064297928,0.9877697015987396,3.3362807301405732,9.938740216457598,0.45779438576700443,0.04076713603386192,0.8425869880117653,80.36222526544748
275,17.92501782855379,8.38919882193729,1.5043027970057248,4.069178397579032,3.039750139648369,114.04334550861779,4.8194345865564125,7.551444500654402,5663.943210867692,227.99485851977178,-0.032544737128965044,0.32028744531703845,0.03304035118628889,1.0863856121635262,1.0358784160196859,4.835831695157899,19.31049635214648,0.28318329126057296,-0.0014696636462555046,0.7731398015520876,78.49853558876454
276,21.068728277177723,8.57815768706434,3.126145731582638,1.958019735024537,3.9708299498855144,28.017387335413414,11.287884413418176,7.844256249587993,9647.994557284166,320.99276823198505,5.748837424445926,0.3989863091325952,-0.004086557564025119,1.09691232385249,0.9915874549605044,5.541275899669511,10.983611989451097,0.4878781752669062,-0.012622729762382889,0.5202949252344578,76.75637792208026
277,17.95831282599709,9.011200456791341,3.3624640259009895,0.02389291099926331,7.941722882856878,58.046758840512105,6.493054367251336,6.448794397954569,5896.053517425946,258.03491613136634,0.007212168357483576,0.8357120596527605,-0.047709027042885495,1.1440109144238984,1.0076432004691567,6.561763448312601,-0.012753325129828323,0.5308354877146036,0.011633025560081733,0.7029226943093743,80.97822330685864
278,22.950638037591293,4.909371346313997,1.9540244516951102,3.049919588394243,3.070788427773003,96.93419056221224,11.25296929319448,5.584900624413672,243.9731209009829,16.992286981465682,4.351964120800896,0.2615264778099413,3.1097394371475953,0.6088326820523453,1.0125371353596302,6.837582014017833,20.536034501275495,0.30944990639402636,0.2092230883948574,0.5217952869064472,62.13360631117259
279,18.03067711296029,6.0357820549624925,3.647383136750846,3.9902542622050436,10.068069748349783,16.013836847844964,3.7256392343318243,5.794831525092912,2099.982495192196,95.96296783026715,0.004778159165010238,0.9668627011369704,2.02005831006182,0.762613525549154,0.9692928741948694,3.684679621350249,14.977263224782583,0.6014615405667222,0.3453258458640915,0.8861264830971174,70.18196397017198
280,19.073192572190177,7.762263955322733,3.681647210814863,0.02578892360564538,6.005653607892879,105.98453695405956,13.456488513286056,6.197538608877438,5562.964491470104,216.9527969548303,5.370487481538721,0.6083861750682843,0.17691149299149453,0.91191126298222,1.0437966649563482,8.111916763488585,-0.0004567387821622346,0.6273356038840869,0.006431209429497254,0.38452402259340923,74.92410233358409
281,21.041528184555315,7.52194140757725,1.8340784353783146,-0.02946058491632714,0.9618853526325454,42.052691339628836,1.6292838709507163,7.530763121048847,3761.0183648577918,200.01088188699697,0.004249737093638461,0.10288618299701313,0.5006763580117413,0.9770126821266615,0.9800558234206024,1.5747886422671256,0.03249504063674698,0.3236535001501992,-0.01171737746013943,0.8756494300247404,78.85897788006183
282,21.01691727360157,4.817712661837544,3.995380070044065,-0.020601971867020546,7.028896796016818,116.0463919606157,2.3977528622331947,6.610820602611822,0.03609592074427129,-0.022820452196577058,-0.028599014113033023,0.6983102831052,3.1975133657370196,0.4969181283099593,1.0467937436789885,2.4172641005821625,0.00844059070498495,0.6958093232504884,-0.032084892141596155,0.8837220863073499,61.734588015631864
283,23.01784263024996,8.095735603891784,1.39514135549176,0.01154899248142903,7.996760489419621,79.00098507427303,6.48066466576908,5.068463251742796,6722.035409535175,230.02006173515818,2.0544775035105394,0.8172750248061346,0.041631319074157284,0.9992363071792225,0.9962147199560886,4.309667806657868,-0.015130494694174046,0.24420679159846906,0.0007022274882209778,0.769279885764083,81.86087962384306
284,24.02560246676341,5.11016061953765,1.6131523809848995,2.0239570001933176,7.996610566306802,65.04606892936432,16.1124366493724,7.0735813635038385,8757.962559682333,298.9600634003448,14.25773396392788,0.772080513063268,2.955614485267703,0.589628683404179,0.9898749010716068,1.84103774895659,3.667228643841141,0.2735544214511859,0.0012473028186042565,0.28104379469078916,63.493734752770415
285,19.0227678576936,5.13088372444795,1.573480034297607,5.033628095372188,3.026833765293154,33.053493435599776,19.20707069909264,8.711996475128647,2661.014993751915,127.98383263500168,13.04029959929414,0.25891693165135715,2.9352564341090215,0.6224744657630542,0.9666763244903109,6.208534289377695,31.004505104122746,0.3161335318823973,0.04168291534174565,0.03667519182164431,58.42311537857198
286,20.00843574271908,6.726169461400854,3.7039749143048697,2.047088857608185,10.0100312424062,118.00223220015778,4.0652379800988605,8.26909626114227,6175.043012501026,181.9600829345144,2.7667014195024957,0.9849967567591382,1.2974333295047165,0.8352764818276368,1.0059185587359574,1.3491672575085962,2.6517839964211434,0.6168166678222957,-0.021803509383225794,0.7114515587820601,70.45261779984999
287,18.003126033118555,6.965709420637788,2.988555317555277,1.9979766032433446,0.9644255526695517,7.074158013172956,18.510186578959775,8.336558245230036,17298.015289893232,323.01303832146647,13.347447352308343,0.08835164323905705,1.0344314874084346,0.8390961939825137,1.0676314718210782,5.205513553371946,10.369580530134668,0.5177014048955472,0.034765837852824576,0.16019605817655336,68.53671218282905
288,21.998122206163014,6.9246047456026645,1.4603851966978492,4.035808352655177,8.990257741947541,11.999059765419908,4.0366163139624325,8.16949426908938,7604.0143522905,352.01946542621874,0.009656111471491714,0.8914875845682627,1.1194636461749077,0.7792656827208229,1.0124076487120601,4.087056552046234,16.20770682139817,0.25960763939849446,-0.007742087293398687,0.6787619361820272,72.40280831486355
289,17.977381062334,4.498059341849024,2.3101244622417916,3.9897308546965253,6.01983458785984,104.99356437148992,11.705285041484732,6.23604498514446,13271.985850722642,307.0101587547291,8.135644926370366,0.6380713713406163,3.497753012708548,0.5687119717242317,1.0081131061584672,3.5912884228816213,14.345686552298904,0.37813774104079917,-0.0736747719529183,0.49825350696123544,58.30512773565491
290,24.991579747693997,8.402186222940466,2.7921007657936623,5.027062739347648,9.015307566672151,7.0259761776575305,13.428785980763314,8.062105575572684,0.006603294713809908,-0.03257808961211528,7.100393904544706,0.9231125174039763,0.06277170867009899,1.1125931934608368,0.9800018912263253,6.307793098919344,31.592066066339484,0.4616690336887095,0.048035260422136336,0.3439563568115885,71.94836966598167
291,17.949211295574138,5.302195909730051,1.2952892551466588,4.006224663935566,7.007860497230754,92.98938627806574,2.9862817902540164,5.539586187770909,1251.0370895453912,66.97762708767668,1.8070653977602453,0.7159971960746628,2.677859446803525,0.6519615949944998,1.0177595124583534,1.2713227611340225,5.1062505826545825,0.25632536967770764,0.49310889433674915,0.8318935070288733,75.49366874595967
292,19.997049811196156,4.5954927103360514,3.5636951716975753,1.0133703372124576,1.028002688634276,95.00256019327385,9.371779940062831,7.60829484672814,9572.009846269053,225.00702941965835,7.9521986014787,0.10665998783887934,3.418117269268287,0.603779928686774,1.0047285342136885,1.3105843798750019,1.311454985805848,0.5972930908105656,-0.014108018862215663,0.5945212934681107,59.370385765576714
293,17.970342266785472,8.435751224913213,3.4477420110328842,5.012705236220661,0.989148490365482,99.04228303272153,9.90738496212802,7.560963425678405,8274.962551757319,372.94936775775625,1.512984783984144,0.08697434632853335,0.025186819366617697,1.0951315451267067,0.9981149657577558,8.410247641787093,41.985777297515945,0.5560865919465036,0.03186762365305671,0.49159195723399796,69.66435981167614
294,18.966892320483527,8.797488461204525,2.5263014255915834,3.9518588497060656,6.005360093256572,110.00057656556652,10.262073721450168,5.089832171059525,8241.986318749772,315.9927659516684,6.0506915269163235,0.5743816452964966,-0.008624965185712001,1.0429988622636261,1.0148438435298552,4.19418990619007,16.961996011110806,0.3945549947090205,-0.0222622034889679,0.6260511347309313,77.92917888542569
295,19.005396824534603,8.266413616148506,3.9289246765251593,4.966276344234177,4.898732626994672,92.94914946621074,14.209895683708943,8.154246778006874,2946.0362783861665,121.04550716060008,12.039390395287896,0.4640852773792394,0.016774145636380244,1.0237817454556504,0.9455246206354032,2.175525677487152,10.656876606751053,0.662676062745651,0.11669284962107562,0.3042664050863417,76.50581527330513
296,21.04176006859034,7.988194104320908,2.2908366589267493,2.0030762431945255,8.986510494184715,64.01101958163548,5.515175930743485,8.631094689492588,2483.0097422996105,125.99460133352459,0.03026658410300287,0.8791647944858798,0.02836491750663435,0.961708431649336,0.9969842652281447,5.471302183401044,11.02339439929893,0.36796919238426806,0.11171446589893179,0.6367375399643938,78.78324934394801
297,23.02754949818007,7.3053608415043145,3.948124513314897,1.949381627610765,2.0229170872572695,41.97911119262843,16.719200123488402,6.058967932501721,7623.003571862348,361.95534366082904,8.774992405104902,0.19871234034917035,0.7073390326158376,0.888311688860655,0.9640891646464389,7.9345573375378375,15.838763254558652,0.6766205013321513,0.023905264642400403,0.294587249704094,68.08773583269645
298,23.952884981891305,6.8368764435289116,3.0585875214746854,5.024936333095993,7.988288165986486,38.025958134718834,2.2573207412605494,8.26187092519824,3489.983379534003,163.98177772256972,0.056699359332067725,0.76535047399452,1.2141748669002836,0.9010603510343989,1.0008669549495983,2.2896443500592274,11.391968857680128,0.5053317122004084,-0.014073317944654235,0.8005593776235456,70.76076534702867
299,21.97031115590289,4.418092840548465,2.898167074759824,1.0261466789886442,4.986013178248487,80.02088569147479,3.2409843957789706,5.330444480297915,0.03565797541603304,-0.01892076977032727,0.005801362540238794,0.5050855927320983,3.6031629336884703,0.5567103845927258,0.9782740187309994,3.2648816875896314,3.242807578947578,0.470511692772703,-0.00368531439875233,0.88773132795383,61.01911668326441
300,25.028223135639646,5.974483941637589,1.4775360061193983,1.0098151165863336,1.9687564114467555,58.04414201044499,14.894798874713693,7.428064831876354,12692.049872377935,380.06420926339507,13.13861651511041,0.19416685618293067,2.0239256033458015,0.7736647080313552,0.9803248044831638,1.7176922842008127,1.7613881326157304,0.2081324731729841,-0.03539388724624225,0.2968081131409585,68.68503956806359
301,17.97052537819385,5.974555697500367,3.6125040472344936,4.966365979617263,10.030100976781874,83.02722596902377,6.674330562664621,6.934342244466811,10387.037895673691,235.04997037241543,5.1994216336449846,0.988081047653704,2.0931306399241856,0.7361830268210865,0.959996761516429,1.4553717144303888,7.290626218914192,0.5691232706797131,-0.029863907445773507,0.6520804627001937,65.40560149678556
302,17.993261005500088,5.307943259329339,2.3350136236400987,4.041404168166055,6.016453898206217,87.03270732850974,9.964820786023948,7.177632199726763,3790.0432777486435,118.02192806302305,4.125507657746134,0.6348459870363491,2.6906460664982146,0.6261834206279336,1.0334699491374046,5.798687119183732,23.173937747247653,0.3571771876797535,0.24389134766976003,0.565967026052721,64.49751846963272
303,20.016501562970735,7.63826172213997,1.499308483317436,3.0611163191915507,10.024762437934692,112.97992709719587,14.90979964280842,8.688767986560032,11494.989238812777,511.98970772207775,9.034737078566506,0.926181441333318,0.4006168046154749,0.9703434709165611,0.9796676050519636,5.918251599881324,17.5511708232168,0.21987910115609605,0.019458366871891977,0.26645806866577887,73.29490538608594
304,22.97094966635409,6.495448566992683,1.0383572550381812,1.0044123048233793,7.948213581141263,85.02411959487671,1.2620670069490771,8.485132543801246,6087.984994927078,286.0360188898294,-0.008276951827766306,0.7884881136414521,1.5355100662259493,0.8500772611432846,0.9812728412909874,1.2388351681829666,1.172903646778463,0.1803247013842424,0.002933242289893956,0.8427739293249878,74.77731482506684
305,19.003161265184378,4.416000777341164,2.7324899981555064,0.015316061353537089,3.995186498702031,92.05905353868081,21.484612596773466,8.116495356149624,677.995309644795,54.965996210828486,13.943039741972767,0.3294268766311157,3.54757910553987,0.5595212264850598,1.0459184521351725,7.51699163226367,0.02623801008364165,0.5138752604002159,0.53130981230629,-0.010494341818505434,65.12667134257073
306,21.959979235152453,5.125184055135552,2.5677085643779383,2.006052159643881,1.9915966697674998,84.9793405027409,16.644754923718835,6.0635220814156945,4993.001157197259,238.03229725945732,6.864638191510716,0.20715688018788328,2.872718920498676,0.652173730852798,1.0170387229829976,9.843478377848813,19.521554494609198,0.4180036310778456,0.049608329252938066,0.3480652990471941,58.70918308495059
307,20.981958970681465,7.436545841352628,3.179786296830216,5.015911075669964,4.991582848802043,43.05399214875181,11.039265303788037,8.673272961558482,6093.042930593404,242.0278392061226,5.426126498953636,0.5228654474959678,0.6682731014485629,0.8879559584089965,0.9389608228596406,5.6707799548664015,28.271099159789813,0.5218050929490553,0.026597165104439432,0.4252938093847103,68.10729758388233
308,19.009593458024277,4.4317210491613475,3.728726114898393,-0.00358676269879188,1.9815191736884614,7.98351949726396,11.02890849945722,5.357503949504462,6910.034976602184,230.9954596279605,7.150679285289449,0.15946681387358597,3.6082556525032285,0.5712059089944769,1.0415608051516545,3.947817254626569,0.011306646131349631,0.5991291902420752,-0.04769890325742054,0.5085453909503261,58.63929566064434
309,24.95221018799405,8.32616591000219,1.118621623085687,4.998963072804686,1.9896168718465996,35.9744408626485,9.684858757873256,8.400426457309063,108.01615408161763,3.0341755894005233,1.4935895373464425,0.1633082724832583,-0.012211081408881056,1.0778804146877905,1.049436719250979,8.120389531087344,40.79186887636692,0.22573030281888853,0.023236658926966115,0.5066080427565333,73.65343582920605
310,23.01321424213881,6.490547398064177,3.1955163292050504,2.027171528014921,6.025489343481199,73.00888601330064,6.184452245024952,6.340460283588129,20158.957064397026,316.98658336611607,2.716715283357212,0.5490510050486863,1.5238455550646486,0.8246375642281436,1.0466312826476905,3.4531241344822563,6.857909673688407,0.5461240391451347,0.026309869538147262,0.7054075182623207,69.38081830138616
311,24.9994108660322,6.382847618741319,1.5570750639512598,2.0703687248568934,9.942614459399564,35.02147731248387,8.903753318711617,5.209418976149892,2496.9493593446623,47.962047432057055,3.980449411908872,1.001909259781395,1.5764491899939388,0.7460965026236933,1.020045677290334,4.918243028523333,9.876723559157606,0.2661678440020017,0.5524761516292812,0.6885750188796464,78.95853511696512
312,24.016574698632514,7.009978225309726,3.5857033859569944,0.9579978629679479,9.053318843040914,100.02735250371917,9.373909619191306,7.704862213610567,10677.007213882343,206.02933895038998,7.676495350525962,0.8897763517138793,0.9369163326341504,0.9240688850232585,0.9669487072020696,1.6669561119861065,1.6948198069075333,0.5636066559734916,-0.0485802260756877,0.5699029487328121,71.33926825109816
313,21.00671742402194,8.127993842170232,3.491035397329124,0.996885625467911,4.014515233750794,90.97114712737681,20.863378668477356,5.912268628378195,18193.026407896166,285.9974427121258,19.646292982935925,0.3916403580882522,0.010643998432421666,0.984155283190687,0.9985232347795543,1.2456130926393048,1.2018401542939696,0.5543004631259029,-0.016559367633924956,0.1606046798315835,74.89918827139381
314,24.040924212899217,5.693318378976702,2.589252668662775,-0.035413814556962464,5.998730043130194,27.01303620291763,14.095347192317151,5.938465091809494,9647.99761298853,321.018053418099,4.355228806802999,0.5889608508154235,2.278076484978655,0.7241336048066974,0.9565466409285088,9.683391154068877,0.03623004014780585,0.4385921406000772,-0.0681735515129278,0.4003244595009493,66.30969590418886
315,20.00375673507944,7.431955158971432,3.0834321624366217,5.047760746957283,7.027205024391188,40.979433362855495,17.17202331828587,6.172155224352975,746.0574471351493,13.054626597746783,8.650986050266882,0.6707920280689618,0.6030416933438967,0.9535892880568276,0.9740195183349379,8.509360727066074,42.5968229602038,0.5233652853793848,0.1466334646020039,0.2736963828249623,66.98733742256624
316,24.98711783376624,6.843578502364585,1.8670856905111355,1.982367860920403,5.956444957644947,41.95533233231788,16.44367905199642,5.28938172207818,12691.967526768687,379.9783323778281,9.171536111707056,0.6339562207168811,1.2098820236951542,0.8823885496615298,0.9666733982811182,7.306728971700007,14.5427261275037,0.31618338790769474,-0.020547638234878884,0.3541248353280758,69.61244867272218
317,20.00366892509097,5.2725103724277975,2.4687573380045604,-0.04329602381357382,7.98005897284547,83.97213791053402,10.335894071157187,5.675893864550967,-0.03625055848486797,-0.004301385145199259,5.63347968747589,0.8081702204039488,2.7042634850869733,0.6084982956466046,0.9811890863443145,4.669505906258246,0.030156231843941433,0.4199478138178091,-0.010819377630840565,0.6071965061867846,65.44647130951391
318,18.016298940871092,8.374892378886113,3.5560238601248404,3.0191456099654572,3.9963677370282835,86.97747298902132,17.892596885324096,5.042415597703752,2090.9800715707656,108.04708903513733,15.261607166609881,0.3644600938966719,-0.051269862363359474,1.0535165176821881,1.004918616706344,2.5515494502204876,7.652511105712232,0.5466560122440731,0.26613175514232407,0.267617404359025,78.78206889001174
319,24.00146580210977,7.99578874823284,2.3651380253923113,0.05232933344229333,1.0409668111129653,41.015647854810574,15.832357196628834,6.750001589196199,10498.978931083604,306.02006195192564,13.432400969185636,0.07898359552502496,0.0007884252776222496,1.0015306483264783,0.9866526415250346,2.4068522207899434,0.01129774255249502,0.4091076963147988,-0.039942040690189834,0.31071944544086766,77.55156164711579
320,23.001217750736117,7.309228380045676,2.1474635025391073,4.019907936056823,6.998605102566203,103.03456640989207,17.002683371308535,5.379521517538194,3587.0157885760605,112.97900651767387,13.804490241106631,0.6738379367659757,0.7133380582409324,0.9556708456317953,0.9853641473413006,3.2448978001817896,12.98192793947222,0.3574395896629015,0.26097435839678484,0.37437102150337975,76.1739629309756
321,24.9789402493658,8.284262989586988,2.4880160352858143,0.006143936318457521,3.0135016401355545,64.95580380110374,2.1223628912403276,7.796203481738454,12385.987348644445,298.97134946889383,-0.009290663078726337,0.3421778371041918,-0.04200177789672735,1.051261706272319,0.9912731666582959,2.1183178638205185,-0.0052057717149935605,0.3879284901065643,-0.034252872825478294,0.825188191905608,80.96355443574416
322,21.98011297247347,8.340566080366015,3.503875624199951,4.01227422768328,5.982312630121916,54.010558832226245,2.145927881461686,5.88940409820929,9147.953564786161,335.9841575807969,0.00035988206815758733,0.6213365781804859,-0.04557520676539601,1.080943529831349,1.0449841803865565,2.1287488999354784,8.626240951906482,0.5651863416852598,0.03214008238623834,0.9117178769126724,77.99644051214061
323,20.95792184184601,7.5127220058455535,1.9981017812030926,4.042445219884766,2.0146052620690247,70.96469905442687,9.239887409649622,8.737457306975235,10930.0267473537,213.97784755885593,2.2289393755332814,0.19620531629232343,0.4679292624243681,0.9536975279965546,1.064912665070524,6.919146094736677,27.746242346704122,0.3541272176040175,0.03393711660015028,0.5800712933147004,71.03910882294916
324,19.052487302295606,8.201183411447222,1.480207540762381,3.9737740218995756,9.050317187789235,47.01887256227042,2.563880716271,8.513193955914097,10685.947201442217,266.0071204435847,0.017938458419782144,0.9512166355486158,0.022402942162807093,1.0227750138631635,0.9864791146054243,2.5542577735936858,10.364733591157473,0.21584225055549772,0.010802257976327147,0.7810962349441981,79.94873308732855
325,22.962684102938262,7.4569227142839445,3.1295155703081843,2.9966445868774105,1.0298658007502235,89.98131808256989,5.542900911667641,6.1753912877009745,-0.032136546690321274,0.0023530352159279845,-0.023504710250251488,0.1435613078559755,0.4400505276053729,0.9433157826461448,1.0100822260749087,5.55650551218986,16.463576494941286,0.5905797987642857,0.009248688079145799,0.718002844971186,72.78204969302767
326,22.979212844066122,7.3605255255071755,3.5037765959172997,-0.01358070445528601,5.997556320366663,20.968460129459302,9.61603142992845,8.153307655642806,11885.951318802878,296.00837713262825,1.9421380342256762,0.5930786731757469,0.6248932155343303,0.9707079075130739,0.9747616611233006,7.631336670651734,0.027876777368274815,0.600006181360086,-0.0360101467648115,0.5091119144755354,73.69775533143309
327,19.978447782032923,7.108430277508454,1.2857034573034227,-0.03503595921875131,6.020264725417964,100.02398993546042,21.898731566981073,8.19278733348787,14335.006213638311,345.9747756159532,15.868779601263995,0.5876830403362857,0.9117616724487072,0.8485920449349625,1.0230295391456952,5.966130975593213,-0.032446131051851,0.214946562347225,0.005975669604350219,0.05018788666374028,73.29067995049284
328,24.026847731308333,7.736022131215354,1.6608623166859857,2.990148742217496,5.0173255086382165,25.98239232183665,5.837052971261047,9.0096260248307,3588.0055814313646,-0.0021250172257576538,-0.03677591313911486,0.48912908132307953,0.19227494148404273,1.002178635303616,0.9857064981421677,5.7713807693640105,17.301987343332534,0.275768763302186,0.19059268759444392,0.6679514379862437,79.20610120661844
329,24.99115150965124,4.8303791222893215,1.3731921495884263,2.0332316328794735,5.015197630150919,119.99052108145942,7.216021781284362,7.393541484000693,5565.057493629631,286.9383290067813,2.5216633747060677,0.4714176021209321,3.155581110127988,0.5811715202633764,0.9786668541073061,4.801872244887382,9.545232227631772,0.2569793782925918,0.0012358186255883093,0.610609269423972,62.93787409322712
330,25.03743226218021,8.39525538466883,1.9507585965319372,1.0169980644517818,1.0333586008258122,91.9334003273733,9.11827315462275,5.293491122694695,10520.027414799684,180.00435018952084,5.908239096321839,0.15201923345401488,-0.023894026346736548,1.024725627472539,1.060047617974471,3.2494918696699044,3.2184038348899073,0.32099284738544304,-0.010300455032975376,0.6620451747447358,80.52055731115453
331,17.979795281272683,8.497292789087842,2.400366706452455,0.019329315003246014,10.033134331115123,66.0283965408427,5.987732882867238,7.5824055449987116,9105.0432493855,288.0352632193487,1.8126381895759913,0.9698076249082337,0.02345712156031903,1.0807027909984852,0.9593179227102518,4.186498739211425,0.01066671618768161,0.3888905122596681,-0.017825006489402117,0.6772246544755672,80.66215721355366
332,18.008369824866715,4.169237487518483,3.1641000322314685,1.0043942683495994,4.996185242093754,107.02462725563507,11.198584469342553,7.463892993113135,0.008658289538954792,-0.04274237728038541,3.3677871556239634,0.5260491294628232,3.937701756055301,0.4860073823496701,0.9264151793593608,7.808627408977591,7.82315996694903,0.5769109815768448,0.0008490707717993064,0.49394434517858266,55.913481047081596
333,20.974939588402208,8.094556527922574,2.992033184624444,5.015699713481857,2.019256371844333,12.000163735328439,7.1858977162062265,7.597728240756623,8862.970692045366,264.0145028469194,6.0905563634992586,0.22071629392726488,-0.03094088452923791,1.0238122415077597,1.02204490738447,1.085877284135038,5.598886173830157,0.485853230154037,0.020317857024559252,0.6165380769883868,77.32384053461683
334,20.064354473833202,4.59680988992406,2.941103055608311,4.975982289729557,6.988507152365206,43.95417257175933,2.3751090990853356,6.210190062115997,9715.00384322806,394.9816695694472,0.3008831598986859,0.6908540206532929,3.4342559053085138,0.560331757335207,0.9889711476714058,2.0488154641970144,10.25286582754865,0.48741577378849515,0.0532637075430013,0.9069188644273353,60.5611102974399
335,22.964372047429116,5.729867445420061,2.135978987187648,2.9907147034221833,2.972307828110533,9.036281075350043,14.110990476308045,8.454774504542339,0.017772630221619203,0.024075034610801082,12.731216655780065,0.3543013531099335,2.320576256981244,0.6417918991231059,0.9806201026223823,1.4524933012744274,4.23375115089111,0.3271936377215893,0.016529548129346674,0.367724251368545,65.69129803142306
336,25.00929462130681,7.7510951782975415,3.4990316931769216,5.005760127109061,3.9919151873288805,98.98001209840918,7.124985917475115,8.825879805650535,11423.021114221468,330.00475942353637,5.739826381263372,0.35322711036755416,0.2997948840670563,0.9768314794031305,1.0819497700132192,1.349105906010476,6.8400398833116585,0.5911045476579646,0.06833969415313658,0.5062123420379067,74.18651409845742
337,22.01901330642796,4.750859128276919,2.3973874582157055,5.008325475766457,2.9977116554478127,7.986399396496982,12.014387058370671,5.851538380707125,10676.985827635677,206.01214112337982,3.327190140573788,0.2976092609706333,3.177864346110788,0.6037896381887037,1.021906797177481,8.71821964701126,43.56179093708539,0.4174184330332016,0.006027751110706565,0.5227867778271592,53.706257382931625
338,20.012413972923547,8.046408736039359,3.95639623648263,2.0096056356476564,2.95015257032466,53.069361321690785,7.857738687678804,5.292692374561568,3790.0146635942133,118.00194471696267,0.5104990732615374,0.2853287950517849,-0.017441700638399702,0.9551975845675554,0.9982445770748357,7.3154573445857745,14.704434737236138,0.7004868652757545,0.3070582865642314,0.7399886788890782,78.19329685042952
339,20.99444137023367,8.181338955833368,2.9156226836107613,1.9958499415395086,4.025809976782502,118.97889090667672,6.000047443718241,5.797945238089717,745.9720091608748,13.039849954191531,0.6921476928956711,0.4288177945081256,0.054687678484628986,1.0040423137538341,0.978762050808169,5.234694990318196,10.541444801468185,0.4552128666341551,0.16802585596316177,0.7133098905286133,79.84123582418103
340,20.996105379007997,6.5174821274952155,1.3901658062037043,1.98867729796609,4.916980237321928,118.0222662988728,21.082825005068454,8.318975437578874,7327.968701672176,318.01042231433087,19.176694048995746,0.510606975931255,1.5053532544263917,0.7582902364986308,1.0133736354649505,1.9009158399428476,3.719822796706733,0.18989710720447692,0.007193687452848103,0.006298760963476643,69.53784212086384
341,20.001314344159372,4.014906207715228,2.9572194564863863,5.094733138491329,1.0814445081845896,26.016862767862477,8.474601044383023,7.682520972559045,14268.966526458658,397.97883728857994,3.021813100702754,0.04818114464000523,4.039896050260327,0.5219506966188924,0.9480144211241696,5.494972357679136,27.082024331154333,0.4919962818865391,-0.005046839861251866,0.5661055574912154,52.37381100125467
342,20.995589939951145,5.4320931436495155,2.011816196544942,3.027203618187972,4.04505637401389,33.0117051657864,17.239359128826756,7.49364312655004,2564.000738779657,116.00296145156963,11.981359518546569,0.4371843833123936,2.607246739498644,0.7166397960813029,0.984516956830846,5.27754864530372,15.818599141200508,0.31481991361275075,0.20255636206439656,0.19557269558793594,64.45959663992751
343,20.028916373503847,7.06400907414904,3.124879713177486,4.012394424278579,7.99216973827483,114.00846001627663,7.914367331136072,6.634099481282135,10734.964664909348,256.988933568711,5.37410171076365,0.814563851687737,0.8864190622322574,0.9129847181513855,0.9988870309060661,2.546401143584339,10.223212844340942,0.516203255510044,0.012947354967694932,0.6199922567639871,71.51506965374624
344,19.06631569004774,8.830515684110933,1.1810504542645905,3.9930037450538083,10.000282790816913,0.011291656856675979,12.188406083875556,7.260612759526812,6156.987257668304,310.0048719971956,7.239151654022632,0.9689352441411121,0.017522705413054077,1.1421739047040027,1.006404754950908,4.894183864345264,19.613606926831167,0.21565964977594362,-0.04252358381557855,0.42709104576625,79.0290585775933
345,19.983275246449764,7.2257404258590645,1.508736082654141,0.9864634351916837,7.009089156207619,31.008158217728216,5.725672355512061,6.2665859880784485,7711.027087496543,375.987406908629,1.2077835343607632,0.6895096268564082,0.8647350521623965,0.8844650878299956,0.9957270598961767,4.64381817125931,4.5521785555323016,0.3179506922747062,0.021001621614824672,0.7759675119565301,76.33372284838613
346,23.95890591061263,5.275154111811043,3.589092801152549,3.9960759821881915,8.982325188360331,87.99844244923672,19.389638876036653,6.8828681463113615,8246.969126109658,232.97969567793362,12.898685514874348,0.8610034525508375,2.680676500185417,0.6789078403333112,0.9792036626881331,6.551860283065032,26.18397906671586,0.5864554392823667,-0.04451981437990506,0.19796290303895203,55.94603359582561
347,19.997351538549463,7.139445364068341,1.6944790280240298,4.0087848653076,5.005778574427608,92.04533849372332,8.879981428391783,8.13690121771526,7705.984870638995,251.00597816638245,2.1218403665306105,0.4948748592315056,0.8274160671034204,0.8997279410957352,1.0276198643698462,6.692865377190195,26.897613815847965,0.21702122270674518,0.02103514061019499,0.579912955946961,70.39460408287218
348,21.07739128012963,6.704351912378781,3.42536533827313,1.9435869336781075,9.99568000066895,69.96062018317602,16.14627614875547,8.927453872633938,3809.0021489383034,215.0016736888585,14.738535258267108,1.0045035390207946,1.3057152694686287,0.8430594354826646,0.9504503930740263,1.4058693360472079,2.8611786796714407,0.5761940338481023,0.017968602933508684,0.23523069187027887,68.14631719621033
349,24.975889762960907,7.92379527064656,1.793346557888516,1.9529183121387594,3.997171818483071,112.03064374312046,4.053754226249259,8.698855821449657,6175.007406607046,164.03191867535136,0.0424266201807098,0.38996058524098154,0.056514459508830266,1.0162229438136356,0.9916622838395471,4.096454213885846,8.166555505423084,0.3105158299416989,0.061908259106077855,0.7707967861269422,78.71719946743764
350,24.04917350416332,4.496338286036361,2.9290810790722417,4.980893528331832,8.005443831904419,66.02467026896062,2.455305908039045,8.718786667561204,15111.985021282277,387.987551323626,-0.034007124631423656,0.7864860650038145,3.4558437847148027,0.5977646226194171,0.9844620831303703,2.5140764110479803,12.519346353976374,0.4542444111315209,-0.02586307463762381,0.842606496006999,59.06277556619559
351,21.05033102442229,7.786264548414525,3.0810579233330033,1.006214183103357,8.96059416604938,83.02095197363988,1.0814615003818142,6.620619457980131,10544.023605802062,244.94057438457514,0.018128651740763443,0.8516177889284646,0.18644048759184378,0.9633073083108445,1.03035529300128,1.125361164422821,1.0771473954364073,0.5236771402541053,-0.029613077941770264,0.9345651068443508,78.21117008763792
352,17.98339235274876,6.695219133035623,2.5015757910464593,-0.0071781944145555415,7.0011870917240095,19.033509382829205,5.314256896109041,6.807126629885,1532.0177135690235,75.9890838760461,-0.01675841319393385,0.7101172438450962,1.3104246575242273,0.7952706556593485,0.986233507170119,5.318276954822871,0.026408357035382475,0.42079111272701386,0.4956344231646039,0.7862622910036248,80.04122928725405
353,18.01706949237556,8.788882517127977,1.8773214787992423,1.0443436367829846,7.004903432398525,115.99722201814195,6.2038563733259355,7.86927257737785,4597.034195698131,228.9512070772325,0.053342336302549226,0.6422663620941114,0.026351189090655387,1.0943778639592143,1.0131299067033193,6.1759471632944,6.169880983982187,0.32446221898663424,-0.032245177718595294,0.679800909288988,81.42657280862917
354,25.048851898693854,5.659558586641795,1.6108132502887833,0.9555280963901269,5.0038654886406775,92.9439307777252,17.473326415086785,8.691309203973972,4731.99755194227,63.0124701592229,15.005493558127093,0.5009323855471178,2.252872608380563,0.7059218014405835,1.0099914038847824,2.4651649873600907,2.4416860608473816,0.2904063252905624,0.7355530007614564,0.15351282869803728,77.64079021614255
355,24.988626167770377,7.178559579690287,1.093504304073915,2.9774596359118988,3.9935250773369155,33.99783122020857,15.000267282572883,5.531211019627895,2717.9846154357165,46.949783062149535,13.342692628940332,0.3460253252790262,0.819580925604714,0.9085379364004247,0.9449464497367864,1.6469982988869318,4.944960907601434,0.18085259480323326,0.5678002039487449,0.39392360529556386,83.60289272887805
356,23.99389258919693,8.715638397150414,1.8718227537795398,5.045602752229733,10.034135733279081,97.97026417347126,12.216855389021786,6.189482638921395,6563.9795210393395,344.9703488681276,5.4153866756893265,1.0015151467145886,-0.003551407665906154,1.1124898775539236,0.9980305784527113,6.76352649908759,33.911823693912545,0.3330927963618514,-0.0014007462887397583,0.5120421906416447,74.54965740105955
357,18.98254957258154,4.509650356241295,3.0399765440299538,3.0039335797402544,0.9893904233535534,111.97804422370426,5.755842971298078,5.589749391347824,0.009210825537880883,-0.01087003374824589,4.483942344655675,0.09981642986236755,3.5000994134459766,0.5050625410354783,0.9477179253467575,1.2680020751839318,3.7052615920414818,0.44603116558309047,0.004660660066006964,0.8223010682863523,60.63993823806346
358,24.969557298079213,8.705041794179003,3.827867960405966,1.0265452774840347,10.006819777204695,101.96272740978503,2.71297692270783,7.468031588052224,10428.988685326516,334.0463185181428,-0.0070277837160333595,1.0121003490303562,0.017658355380985376,1.0673725934642557,1.010538556553627,2.7838958460420815,2.7953334040167577,0.6044619545795533,0.016131801031454923,0.8407469642878862,79.39138168618983
359,17.98052167364802,7.370145545544399,3.581852797082155,1.061537408298084,10.038918926017766,89.98567965424668,18.016579111525164,6.271603419718557,-0.017075093330423678,-0.032186703471447524,8.57580833091379,1.0258685715040479,0.6523831596035193,0.8960833543204768,0.9780903539806849,9.47679921209813,9.439972963678189,0.5897539700722182,0.016299309239258694,0.22728553011836788,70.27633517373012
360,19.963281791997133,4.2945549051359295,3.314933649282533,0.9791858674629453,6.9976187157993905,88.98210128918049,2.6555604510472546,6.2795177146558725,2192.986551382073,118.0003721494944,-0.015321950460492402,0.7314276526675281,3.709109254012183,0.5750268136607537,1.035600087305482,2.68139760711068,2.642457563796592,0.5198461257995116,0.15139298085756464,0.8632322988645613,62.16138356931669
361,21.00102250404778,5.434688048606715,3.416122360084611,3.997020569866239,1.0064338980240266,76.92867290510219,7.436918840105791,5.288897515114525,-0.02051071455372755,0.01739929730871777,2.9192198869295516,0.05169872201872211,2.459297890518729,0.6812488731994284,0.9945769570036611,4.510113529974504,17.96822835115089,0.5668645467300145,0.0014445985957085032,0.6664847988797566,61.75295517958385
362,17.97690080306824,7.5053542999165614,3.0192690370503352,2.9918271929720737,0.997108460910553,16.021006657338468,9.145092960989981,6.412797037353511,2503.0059706333827,96.04452181659661,2.3741074269845086,0.0982538184060076,0.49438722461212325,0.9221134929131464,0.9768983109338729,6.796515060961949,20.344938050745572,0.4896877010726779,0.35442794193121285,0.6120780209583172,76.75304865344432
363,18.00701357735372,4.342865731234407,1.7491723231201477,0.9413622098655018,5.037121093806908,17.066609655740148,17.81386756987879,8.470858025007566,18257.957622504524,299.02333384255166,12.613280870723353,0.5603282265368016,3.7255640206943945,0.5536490507733973,1.0359957659858474,5.108754390709004,5.1955829944123435,0.2863459803126306,0.0010582307444300914,0.16503677781372778,58.24670389732349
364,18.953323130613892,6.855776036038737,3.730198196230979,1.990688095887321,8.992268263152411,44.01818711580489,20.861406370969696,5.963818433702961,7671.009090488774,363.032817208549,14.936033255532374,0.9035730170549312,1.126551301907496,0.8447098094725194,0.9738432950587494,5.9082088821179495,11.790883437854571,0.6431808105734559,-0.04162346712015444,0.10366087948475898,66.62733158805679
365,24.009926406966432,5.682422169800468,2.982909031112228,5.0264318656214195,6.038500637318646,114.99391228130398,10.060336244595877,7.75848208282467,13368.020296462812,444.0259292117656,0.5603406092368598,0.5750595557909606,2.3199747312227093,0.7120441566960946,1.0268408518404293,9.439101761051736,47.3765149050861,0.5025146537394387,0.022691698802407366,0.5208598142831552,56.46375262238846
366,24.025005868848268,7.109873203361303,2.689265161996762,5.016217686254367,2.996892363160588,91.99835760812971,8.251501586274184,7.516574891967185,4476.9825736258545,196.9637263108581,3.8342283383427365,0.2976089662068199,0.8846990653398283,0.9419221360033607,1.014025860220544,4.4909197446096645,22.37632259720098,0.41748870292027324,0.031471001369659156,0.6036900008739899,69.42160289670412
367,22.940187930722857,4.237585279032825,1.379136452567806,2.0185724950816404,2.9742162082965593,82.9873704239596,17.577418699987227,8.431695507632595,10181.057661108189,285.01079076312953,7.965878861690953,0.28849002179057814,3.758965241071481,0.5785887097165994,0.9890370513220119,9.586684231560778,19.270662230540097,0.19856699512629958,0.019122876650078578,0.12132196075926766,55.76289028514819
368,19.011221697095426,8.386553261510995,2.30905620142163,4.988734730580815,7.020381195117223,52.00270124751601,10.332842918721827,5.528421643799309,10055.00052863933,291.02545982856515,1.2150285741190596,0.6647062552860353,0.017685232674717864,1.0377784703081154,0.9599206658345907,9.177207974570194,45.73065896732002,0.40592994584151093,0.016815097075008525,0.580347680667533,71.05766954550062
369,20.036830069774197,8.879232490122023,2.3884103257365847,3.980317082919831,5.99085996498733,89.9988897571778,3.981577313149446,8.93095298346189,3569.953159710507,138.97130499130978,1.2306149838435474,0.6260731256462102,-0.036427105787937945,1.1070291459352126,1.0372498762545204,2.784070719883156,11.008204305660279,0.40599128068656926,0.03507363215318575,0.7539380382259823,81.0799056871425
370,23.963710769439263,8.740932305727519,3.533841168817323,4.038077670156959,9.018615026972975,80.97476854708805,4.452375364073768,7.280378934992179,3134.99156271281,133.98260720369828,2.853081891042466,0.9175305767482609,0.020790330492755502,1.081429144978076,1.0150139217207808,1.627197165641885,6.559001508104147,0.635878204940534,0.036813095583357686,0.739754584278436,80.1693814039777
371,21.05017717160513,7.703103143879243,2.6416929240183906,-0.014919514390730085,5.918117868452288,67.05048665166844,2.495335118736137,9.013281147083779,8247.001879684349,232.9759042311462,0.6064297528904806,0.5599647278366361,0.32079868076083884,0.904724041748795,0.976841559377195,1.891011505570425,-0.008038728745103536,0.4587303206564972,0.024926783329634425,0.770945917142076,78.02432114233633
372,25.01257057028098,4.761262281204313,2.059643709875742,0.008822461163796423,5.000156157856848,63.95538537292871,14.24289557354259,8.615824536272088,5583.013469026667,266.023178689579,13.147397379769094,0.4972017624854929,3.285969211898069,0.6185856803529015,1.0073381705378377,1.16350863319344,-0.005484398573116428,0.3383279921330494,0.0008570531840683994,0.2977303707975841,61.476604557326326
373,18.978849644327248,7.80832075385894,3.869896832895015,0.004900040420326154,9.986211841037276,113.02154994629582,15.35081013235363,5.880778890409083,2572.992277084277,81.99792156639013,13.45184009074969,0.9830060905245364,0.19662610130047561,1.047640263500153,1.0301848569619745,1.7967657460011435,0.05835608993585281,0.6930652534672448,0.4825651381605067,0.3654599141394394,81.53561888578894
374,24.99832692767027,4.099331630624488,1.2900594310273645,5.0438515104877135,6.968102239404062,-0.003035928819525956,6.259887543985944,5.257318257748984,11139.969652891728,361.99037462316994,-0.05173031041189454,0.651952224564251,3.905960336013587,0.4991965168704768,1.0033605638259067,6.284714018097933,31.275280694367748,0.26220112639264437,0.00643474858642262,0.7923277881465786,55.84896402665533
375,18.016749807375653,4.109662469323009,2.3424923537510085,4.029142370730171,0.983402769944806,57.057024954451975,12.997930249901149,6.029840291539502,9104.967150581457,287.9615499025004,11.31215382056995,0.057555416275720445,3.881555559800367,0.4879961881813218,1.0071519649795928,1.635783099964247,6.601623615245061,0.3297707466137981,0.00771158297691708,0.48763998443908335,57.646163870431515
376,21.002280161742373,5.5996672398815415,1.1231971995999728,3.9611422413799864,6.98278890567122,25.010225937977445,20.185719665757187,7.12018589844791,4596.9803920214445,228.99797817240417,16.297864288964536,0.66202120528599,2.358549598976699,0.6918145961097998,1.0309601123141208,3.9162376078928007,15.500898484943086,0.18428675793609148,0.019396222035652135,0.15168748072061455,63.60104953211033
377,21.01616267977339,6.375609568832196,3.1952648747047925,3.9643734049967487,2.9985604261544827,107.9892028338845,16.049373707150036,5.654581218641147,-0.01673326087556289,-0.01702765064954246,7.435992148915575,0.29824710739671606,1.5988234216885926,0.8025513814348576,1.0461178832290954,8.615637507278826,34.356141638208015,0.5168381486190524,-0.0028628481473902045,0.3343450621538489,61.406995772657396
378,17.97237979220762,7.924698397470332,3.8092487619091644,2.017367294542074,8.958980206161451,18.992568784046966,13.207504580196868,5.638677421925284,9422.965950775053,289.00730018695793,12.033186329720682,0.8862614099938994,0.10195097831439502,0.9534340966937936,0.996412024751146,1.2163904347323191,2.407762121533691,0.625519059344807,-0.057152804255168,0.47904933150119344,74.98705649254042
379,19.005080824721084,7.406772845693353,1.7819884292138668,3.998069870578625,6.009488213407791,115.00119720083559,15.876985321723105,6.878237691900067,29325.978015605167,551.9657109840406,7.51670125018672,0.5712243611371226,0.6408314209095912,0.9112456461704761,0.9598767140401477,8.342244787443665,33.333963552939615,0.27551547584785363,0.02065216542746639,0.32894487861841015,68.74601481633209
380,17.957588565092852,6.20052839755801,3.6041896106869604,1.986344846481387,9.040986443556173,85.96571627915012,15.049006502502673,5.112325693635468,1758.0197837557332,112.00533718778519,11.464190672293629,0.8882435091113715,1.776540237851164,0.8054469176181406,0.9609227105927186,3.507427655371584,7.0744531007664735,0.5717573735317057,0.19386806545906732,0.4068666637120629,68.26396982921723
381,24.99666321815954,5.370739019181653,1.902200102343344,0.030468836519834123,5.008427854908435,8.976993914246462,15.83968011892226,5.475152643801005,8240.04945237823,213.98683147688504,13.782311644948336,0.5224260491553643,2.632054885213433,0.6788214190340182,0.9792702156148032,2.049953632583505,0.0011478019132754361,0.3437018638526341,-0.03883933686392297,0.3400918158131697,65.6351002932747
382,22.972882770756055,9.039105237958044,3.7290630968704406,0.005623781462667325,7.024269658276871,57.94645168092424,21.163167794358685,6.688918537531642,14335.022663851416,345.962521092228,13.813085052023467,0.7107008829181616,-0.034412084367793076,1.1631115808438695,0.9719532542074305,7.2746229562856755,-0.01821494226318034,0.5816248198796636,-0.03498140229855956,0.09639067894498779,77.41419926711606
383,20.977934101722308,6.119941082359993,3.329015343673168,5.001573721606683,4.032836873638414,73.97231069304878,8.611099937899764,5.218502593638914,6815.039175832586,327.96018147886366,1.9867147499321276,0.4300560642286571,1.8596619340090372,0.773443035585845,0.9495259331169794,6.651408693017358,33.281041930296986,0.5528006370022006,0.02648973819808086,0.653911387387327,61.56268750305288
384,22.037082795256314,6.2834123748789805,3.4148193214661693,0.023394859222651488,7.037094685365525,40.00281719444981,9.43008569359643,6.598077053986588,14461.029223554047,272.9646893883593,0.550686803534693,0.6931506140584225,1.690974126658722,0.7548324819368124,1.0554347500939465,8.879952747584785,-0.009252201715290351,0.5261925539755119,0.033572208657831455,0.5601231571844829,68.73661509702616
385,22.032739303617827,4.830054745610458,1.089129573273617,4.988746730151693,1.056104160784639,104.00900525147854,8.278055722393166,6.901287219785031,15112.024993909852,386.99380802827676,0.6940391880568505,0.14807671572044934,3.1717727296817086,0.5827195806984072,1.01584297786829,7.607167504626034,38.13703625280121,0.22141550769138654,-0.07990921893480715,0.6241040172446015,57.51504160479904
386,25.018274143627217,7.985072874848444,3.922254668831704,1.0470555695641766,6.985023940051722,3.940620109150108,17.966155546722085,6.809919428224102,15565.989866112108,440.0036298630309,9.76731554231124,0.7104423965109548,-0.040758474221353314,1.0074523619066345,0.9842860720949502,8.232652270925422,8.204098106339869,0.6509010156415035,0.013225291796384422,0.21226717711998375,72.92045606751627
387,19.967230617059823,7.476539895224669,3.197240946013909,0.9763585713030097,7.978445480445166,63.99588364890867,15.75395393815782,8.464446931043675,10199.004227326352,253.00809470897133,12.270893450128954,0.7853324772997583,0.5583299094744432,0.9038223217211667,0.9990244947282406,3.6078734211539163,3.5238449827417155,0.5556920988737261,-0.00661939051309806,0.24401565684189458,72.61088171541824
388,23.990507746509156,5.077208906475591,1.8675425689386058,3.0197078719902626,5.023503969449742,16.016902298524663,8.949898337475602,7.1026043445561005,14130.987381419727,362.0092265875318,6.368684907200646,0.5027885542907111,2.886450570909322,0.5999304080126817,0.9464080273748967,2.5871941533672085,7.7917330761321,0.3225198401026675,0.0022249269623833665,0.5322132029488934,63.65052561483406
389,18.036392930999376,4.346867943407358,3.4879013662426717,5.043014985159795,2.021247986589722,20.995112634198712,9.423421588894202,6.837649075086154,15763.99342678513,415.9772443021706,1.6169422840377428,0.16255772142230548,3.669339107602687,0.5142339833990283,1.0347196569372623,7.735209880405124,38.733769214039754,0.5757360086160881,0.00393833396271208,0.5664002527895758,51.161599122770795
390,18.004251507409197,7.414146271412546,1.8025358095135298,2.958681135321837,5.023270258988471,96.98098634062667,11.357809294458887,6.654479950781239,8053.002045013011,142.03175208724286,3.0654651666945663,0.4908144459125669,0.5701579860330424,0.9404741316344145,0.9415116882536886,8.256930783647666,24.797496406910298,0.3020511270274511,0.29048988485853794,0.43177538627913925,76.15928396360292
391,20.069579886199453,7.245065653649849,3.6273064735099423,2.9896999447244266,6.056678473627508,118.98763516564856,14.63502477283014,8.249955524254498,10817.021406984548,379.98673323421974,4.758541043044979,0.6128992269067982,0.6487436030010102,0.9015127995373239,1.0153008334493279,9.959594124961034,29.704998695268387,0.6452200025855931,0.019580108055070943,0.2640525614275739,65.96113108077465
392,20.01179953518183,5.363146685062027,1.2944941548352855,1.0342662217865668,2.000341097263955,107.98377709935069,2.8192092200289753,8.609062338635018,9317.012699701445,363.0135044928018,-0.004044003366005499,0.21835008524295768,2.6387386915678492,0.7104732489327885,0.9448473353575509,2.877192751604205,2.7973827336503825,0.18974386683970246,-0.020644483161189414,0.7719153267893919,68.1442922324167
393,25.0057614734947,8.737732359727644,3.0637240386628117,5.034717336431931,6.012784696789385,39.980898083226755,14.905618027052896,8.403263348752281,2717.9951451221095,46.995075336995185,10.493860574029027,0.5876951333150641,-0.02179969896780747,1.073107388511601,0.9875797571464222,4.406635714405689,21.70675623512653,0.440186198393116,0.5839520508906686,0.3168103436093718,82.7534179044487
394,24.990726506073926,4.797417909216273,2.6017022504989047,0.9948551319883528,5.970588352455496,92.00521470575734,12.46785283481185,7.6582464853173695,11423.001666162227,225.0112686369511,4.438320888775862,0.682016712825679,3.204165973945965,0.5262779919613845,1.0372806661681269,7.989545911774768,7.93849921549797,0.40972739189798707,0.02907087461565364,0.4277721925016745,60.124135976036705
395,20.004006227143467,6.195490386191844,1.3034036812016967,2.977959867189694,1.0640596337192787,67.06923064683207,7.722879389298825,5.542865583535547,9108.013003910226,358.99357015801564,3.7251867739914646,0.09483376770534134,1.7593309954496132,0.7710788464359035,0.9509814372507469,4.086479630365084,12.239745425408897,0.1803940427565249,-0.026164769511386677,0.6981249727132013,69.82654039119448
396,20.995425904908583,8.69019911360441,1.7055751288670826,5.028678074669923,0.9899036523637267,67.97768900249284,10.584016203607586,6.097674284025906,1758.0200218331418,112.01180904629723,1.246546263128704,0.04964817873570541,-0.001143394257901308,1.1369266509118146,0.9955387329934408,9.345315196191176,46.899727315074465,0.3123737672683012,0.15111008580339158,0.5424476508442436,75.28657796604675
397,25.021243260300658,6.068722669159882,1.0275961454786329,3.035506473077448,9.990753522155176,9.990455721020156,14.745500128039088,5.210273102351842,4499.954430145102,195.99977833390358,6.007440418084159,1.036398015760255,1.8588512179042875,0.7635370825084581,1.0188331202718155,8.71511154339443,26.20481591671865,0.16139478779192618,0.0034096660825922,0.41331555949573595,65.63400138164901
398,23.02870106950384,7.164832987396901,2.430567697202697,3.9650600995446283,2.989597503269753,54.99844906181875,12.868058087113097,8.708929994322455,2944.967678331083,145.02441521711953,8.008190335347626,0.3182138191154903,0.7977827780686709,0.8588372027060139,1.0139250850103316,4.827493703055252,19.468722876532034,0.42482353252148297,0.04510969819128508,0.39042337593638615,69.7878932768063
399,24.97642031618476,6.013931095906397,1.88217367382855,4.963882590531009,9.98065312424067,49.97937936696925,5.3187562611301065,7.63171368856399,2467.0332193160184,152.97543944870367,0.005405170664908458,1.0069506646286575,1.9857820238153456,0.7012717021137976,1.002105579993351,5.334197762713609,26.59495669417485,0.3176234141307566,-0.017781270724550494,0.6768095421148865,64.97141060840598
400,17.960063011393267,5.383483442048746,2.7815156962585315,5.006757700459508,9.97811688853457,20.032947074105703,16.125871993851074,8.032346401164773,1250.998173912902,66.94690325992329,8.378177524956751,0.9860523732672467,2.606908031911583,0.7109370574177047,1.014872905370146,7.7920382496482095,38.95354370799149,0.4669269479214337,0.5077582727239599,0.22198385218315372,63.494561844326356
401,24.9449138388069,8.909490749646086,1.8687940386713358,3.0188808190028666,2.9842888715133142,97.9288734388008,18.989523798615394,6.2652480196439,-0.012722297801009367,-0.0292007225830229,17.088515937411138,0.31180039548079325,0.018770741133264348,1.0882768968567427,0.9816752813318713,1.9349005093217628,5.814755835789688,0.32158501526646743,0.009632164266135583,0.22950266229601424,79.50899319511475
402,21.015239739807377,5.973442539416273,1.920964470108414,3.991027927443098,3.9590261221584715,74.98406822488865,15.404496972973611,8.429881180480105,7006.992095015812,148.03206755245714,6.297022002515074,0.44857048737992894,2.0072323999759765,0.7962538598296959,1.05798387565999,9.09758983556247,36.54105751374768,0.36106739524065723,0.22430757934355286,0.24801551893228083,63.82395327424698
403,19.966899001814784,8.505431882283132,3.2434646032501315,2.0203788145994706,1.9764404623921028,25.0245494120896,4.168309829933573,6.0777713501219175,10741.992088840832,270.9953632354034,0.022601216514938446,0.2060489881202044,0.01353139626486447,1.0821228034655386,0.951681464413245,4.18552061974069,8.282257280775347,0.5389291605661518,0.01580901993087016,0.8831725795832048,78.65143869545402
404,17.935413282211425,5.139098341119482,1.0905475421627324,0.9786959017948785,9.058468893343429,113.99117717074834,20.181111814640918,4.983385122349114,4493.016738133446,236.0027618688664,11.702721268216337,0.8558989923956722,2.8967290197380144,0.6144129385678594,1.0348621223298633,8.365906337096215,8.513716101508074,0.2166084288267363,0.000968808560339591,0.22322099651917074,63.01284118876042
405,25.011657358135928,5.117584974011783,3.6927570830582503,2.936559192027788,10.022069654309242,17.97537483123449,1.1493935929563561,6.539698525632003,1218.9667595081805,83.9683909015786,-0.026421450933208735,0.896399377504367,2.8869404389530313,0.6725141053293492,1.0056848361035056,1.1624391545349664,3.4705304640454355,0.648021582719182,0.36702193075868356,0.9646487119002172,68.9335649210813
406,21.074789985522983,4.187627585453506,3.6440034767069696,4.987282967830022,7.0277771253018315,108.01322270263316,10.609218942573344,7.325759098762238,7303.000743332394,316.0019666117545,1.596157175099876,0.7115367868191516,3.814103560483687,0.497283085402102,1.0185132769409304,9.056509718789446,45.28468663086274,0.5951012525575253,0.009954684199576335,0.4545645077092554,48.35142689870946
407,22.999817872653804,7.307715969110678,3.01516673559645,1.001896964395393,7.035316263622508,59.027190297061914,1.3167424056951618,6.955984393969703,5546.0073835318835,205.96931562067783,0.007417411991379134,0.6704225937621967,0.6966565655236546,0.86907988662665,1.0238363805275121,1.259351924896252,1.322222048753241,0.49778196449593815,-0.09601709779691837,0.9388661320168221,75.8233173661396
408,25.02515472323355,5.792780044764093,2.8130870711440314,0.9917248012031064,6.055024036930872,70.00631906335646,2.3109521694154216,8.4796428795073,15103.011888037498,327.97372656174844,1.2008035407447675,0.5970086184781258,2.197800706536576,0.6989976381996666,1.0166688581038974,1.1090627152737105,1.1025160047536005,0.4553325866916683,0.05607761493204251,0.777434976169199,68.09980875347767
409,21.002454880756428,8.300236405540842,3.6642725048207883,0.9652419020902154,2.9468573234566846,45.97596338920561,12.446593510997179,5.449025689847275,3520.0066859198864,124.98792548951528,3.3384360048181763,0.275727671309598,0.011932348963405852,1.0605620995477067,0.9756693471832308,9.143239864050242,9.20735275037557,0.65516198344002,0.17275915581160387,0.5252229371072434,78.13473889871777
410,22.997033310404266,6.390231668435545,1.6203618420783827,1.9455305307236355,5.963103506541404,118.01368609957456,17.873609024526246,7.210920168689733,0.015477186909420848,0.013352917735264373,16.03277211833781,0.5735727304741021,1.569003532059324,0.8341390096700402,0.9914119093153365,1.8384135979495613,3.6735173941451746,0.23843480617112667,0.005468932435860172,0.19533896098010875,69.60221606932214
411,20.027572294489634,8.795069943823439,1.1721259097847072,-0.015422664131036934,7.97588829017316,69.98793852099176,18.53483905913653,7.024878537469513,10535.982819115468,226.01655542741926,14.66433500516028,0.777041776001412,0.04288833282283297,1.0881191821139629,0.956452309988235,3.933817596179773,0.012385046725727824,0.17831024815667076,0.06298139433548652,0.19043410255681595,81.40055110098486
412,24.99129176367434,4.906362800592226,1.6659793944219512,3.026929673149492,7.985908106105312,25.022355606456816,16.9379703999306,6.119433480433076,3587.97174591803,160.01737134693815,7.4311586871407735,0.779753739202503,3.092519302583312,0.5564506606658257,0.9910451282196573,9.560296419684752,28.68273790963265,0.27504601227808695,-0.022239326829290574,0.25472975821705857,57.380859279653485
413,23.008021769422157,8.270199239012543,3.3895968526969984,0.03768592318241047,8.990982918282443,39.044497766545696,7.041994321397135,8.240056329957016,0.0737101332975154,-0.04764252345133122,-0.013694145478515326,0.9232870796544851,0.0037254484791021288,0.9907970061661584,1.0096755698442532,7.11917983913469,0.010372568098367285,0.5322220967621261,0.06996353104830556,0.5575492546896533,78.33173757174116
414,18.00965093418588,7.869523635190301,1.0824262182965394,0.03563140152415365,0.9865906734158187,3.921832697329344,16.29119562320262,8.05028385946265,6082.990962059463,220.99980006498828,10.097441385267455,0.11720931379409755,0.0986644165620823,0.9554706328442192,1.018213848260701,6.202369585807116,-0.020262453135173466,0.16559448982206218,0.022189832728620858,0.2428500262471124,78.91380895119771
415,19.979957286390707,7.858343723385064,2.693352009168449,-0.02447728605445659,1.0065792673939615,20.00333202419587,14.824864864142754,7.9215012112174685,22769.99446636588,435.9940965449985,8.161526666168111,0.0637603353156648,0.11958229461706324,0.9486800936224963,1.0117430303498278,6.701295722416539,0.014569154025294856,0.4840819857674207,0.013396199084475405,0.29285266989369746,76.52464075626202
416,18.029761270486095,8.151991866864888,3.9567705509642526,0.965388810291089,3.0010588617223566,76.94792798189157,12.585121164482635,8.538739921871949,15929.020335202931,287.95403452751754,7.53403710038278,0.2678479582089897,0.010175450129125178,1.032962911281937,0.947347307757096,5.010033430335541,5.038036295575447,0.6862088361118698,0.019316960845234484,0.3448527979661991,74.8086856247562
417,21.99475120729914,7.763481519233386,3.62876448919403,4.014899038449397,2.9783149561446525,3.073253657559893,2.792975647769659,7.853055012683352,7365.047882678766,249.00047951300166,0.06617348084244484,0.31137365713408116,0.19850228159391534,1.0331434753417335,0.9831347820273781,2.7707949800627496,11.254714326065846,0.5873777941544409,-0.025244549770608096,0.7532885003597696,74.7151809529942
418,18.977327645215215,7.104783875204124,2.633830588835493,1.0190530003479377,9.934733536690374,21.985956263986115,18.01042711897247,5.962478747630066,10059.983664156493,254.9924871834769,14.079012441274127,1.0315750709630656,0.9434626234841065,0.9113732972207675,0.9801325153189742,3.969212251314366,3.9958646155247926,0.4574182006909091,-0.04946870056982619,0.1718317124862738,71.65471880743446
419,25.016095295307114,4.673216374535244,1.1415797257757756,1.012005088156015,7.970213938838639,105.02239119725476,21.87540256260936,7.805153580254621,3403.9700355419545,138.01534577016355,14.83808159989128,0.8311142407974238,3.2038996317238593,0.5536530746502778,0.9606949620026992,7.040658370018268,7.051032438399739,0.26245724206033755,0.027336089544962305,0.027790110256886453,61.07389462145083
420,22.97304596054627,4.215408433926933,3.5293537341699963,4.9395781017728675,9.983522840400623,82.99894049421215,20.73698220683865,6.191468917750726,9316.962735399477,363.0024374122872,12.993226258363643,0.969912734776593,3.837280231414008,0.5041687270300034,0.9749219979668872,7.809878796966741,38.82323880457128,0.5927266901191925,0.03262249421876461,0.11859805539180626,47.929799024369146
421,19.000845434721075,8.601041412462576,2.775684141105351,4.973993462453496,0.9925876168957685,13.975907462578428,2.979913430208726,6.018813541564793,12209.047793186644,250.9835203840915,-0.014420412299295506,0.12967934295700675,0.027606462155728793,1.0600212796210358,1.0000383754110853,2.9857463051706365,14.971120346112336,0.5092774504496645,-0.028067145904333683,0.8581340508506748,78.5434700913268
422,18.999726430100672,7.040944873596858,1.3257092661094836,-0.0008906637085793529,1.966109976220684,112.97233840858468,8.353974571179384,5.323219350080223,11494.968856790407,512.0277728735138,0.3211271594260059,0.1467119109704345,0.844925501015927,0.8991764250097926,1.0424136556233528,8.106134073317946,0.016049881061149924,0.24221433117057778,-0.0496229510176902,0.6859676784787283,76.7282266596519
423,23.032576866974946,8.01964926752665,1.2979466052200075,1.014616545838913,1.9852758060051074,115.04757037519302,16.3518549923589,7.9863537726055736,8451.999173321905,272.93336299497673,14.476002129061692,0.19391346748969884,0.027878496531517576,1.0471376420755603,0.9714080701237301,1.786084606537919,1.8523378961384445,0.20783355761209718,-0.002379499252646474,0.2700154611422198,78.66318011150369
424,20.014240946986398,6.424323959367752,3.70086326692243,0.023019220878074603,2.9660703783454325,108.02867814180534,18.239097872579876,7.841018136554049,8700.970681455039,252.99807204614712,12.867823279410155,0.3146107932782596,1.6317540233667858,0.7859779886164744,0.9661340669498291,5.439467762173978,0.01444956852469542,0.6225856057580903,0.017241069924613387,0.16975366247428578,66.64535310584886
425,24.999249191237645,4.570184119754954,2.9944470705173636,5.004327605668461,5.99622541945355,92.05830752262133,15.825443770208276,5.953185300564574,8939.956549322462,359.9471024720402,14.288746873909744,0.5376358496087504,3.416852904696432,0.6211633187320457,0.9820158266906633,1.4897437901467692,7.604731143299541,0.5157884740092329,0.0011595385460828308,0.33003946263664685,58.177746505705024
426,22.02453298897601,4.6126057462868495,3.5363638761270044,4.009923514196147,0.9678072601491216,7.001663600054731,19.536839165147278,8.005838857337523,3808.9912287394072,214.97263420186383,13.607558061462248,0.16278570772256387,3.3532273766895577,0.6381173287526668,1.0101239916125833,5.920214129520847,23.758730060609395,0.56098424102317,0.018191610908477877,0.16439132152016733,52.804743229087926
427,18.04170622647052,7.374305052877724,3.562812359624249,3.002545963750833,1.974532860308886,40.00863758863738,2.1700885769014606,8.646231721374855,12199.97186640001,284.0157444110903,-0.018304639176076457,0.23980085548929847,0.6204795815269264,0.9145027940113383,1.0367112367107563,2.228415572565491,6.692786536499849,0.521722540339674,0.034650401326813136,0.7767607528586341,73.64035230866692
428,21.016734309190557,6.20293011130245,2.7182352101620504,0.02056858122655449,0.9607394760703258,110.99198425303034,5.532934794755568,5.417638431906452,2717.9792511472374,46.961774075586774,-0.00844891547918241,0.11941011917081767,1.8302159056800578,0.7637306613681608,0.9974047327693009,5.511792460975,-0.009903309288928248,0.42497773311362885,0.5786800241408298,0.7510444061155791,78.88610105578498
429,18.0003105785953,4.962065047791351,2.6330399049466866,4.009385969544727,4.995394979132906,17.99138753390655,12.295231027633049,5.98882153496116,4732.060183152923,62.95728846543888,8.181781235056844,0.47104915377305234,2.9828338051565737,0.6141814189782665,0.9566236376214396,4.23711225903256,16.62709146648675,0.36858910487977126,0.7661284157669686,0.49382780246492153,71.21352908179368
430,20.960644913029494,6.446206806423962,2.321490202416212,3.001972129801419,6.974006566901428,110.96874339202567,3.8778449697240713,8.080164702278841,1664.0127468831251,72.07145834950246,1.8522472130253795,0.697956891262686,1.5132340156795816,0.8143746995706366,0.9630075151515984,2.0786799723826634,6.157455675843694,0.36078973053409563,0.4876704698506035,0.7489998430953612,78.71447942304692
431,17.96804659010774,4.288515484311611,2.0697409674297025,1.9919489360258786,8.027203528000262,102.00252030572773,16.77198640523047,6.14688005515692,11682.027944085587,310.9592213284574,14.483414730663798,0.8237126050928907,3.6894037631344165,0.5267546270965452,1.0056484416597984,2.319464335858898,4.554052204654401,0.28210999694590977,0.02312413845794342,0.32591282729828225,58.71352063768836
432,22.99084325886936,6.8962881316117555,2.2841315971182587,0.002438742751274433,10.012175508000787,44.97632260215342,6.935505678437627,7.514346718204878,3325.0247397868857,182.04951562709263,0.00028171824055797846,0.9663201529900056,1.126561309715505,0.8890253238416792,1.0298576318402817,6.936673210082832,0.022549996878537586,0.40973659445558436,0.008259429990151975,0.6325446726010866,73.94669122213293
433,21.981714633935223,5.288069609191561,3.3287191446778057,0.014537741365178245,0.9979044439544907,27.013257267664926,3.9915119926780496,5.309867529018942,2389.9969741723075,149.99483393506262,-0.010497234914226333,0.0945857730628595,2.690594799443168,0.6160350615882165,1.0544722577452386,4.023172565360473,-0.030273478102590033,0.5145220749779885,-0.02582299550984364,0.8558787161368878,65.32239813055844
434,24.994390860910435,7.964479083253323,2.796817280939757,2.0080242616669417,6.976075435079687,109.0051003065694,14.554970362047007,6.78605442318309,9104.98680844922,242.98425512635683,12.624636625401212,0.7273115154943294,-0.017403523885380374,0.9839613371411167,0.964527974952918,1.8972162967354176,3.7812493316548683,0.4829899093352632,0.03906546619462927,0.33569363412943876,76.34726147497908
435,21.001699497746912,5.5880030281360655,3.7370021822905803,2.0114247925503577,5.0114156091594895,120.00863046131028,6.1178655373815065,7.938031527687094,13154.007468038355,265.01700359171764,4.398696186724768,0.4551621499468085,2.398821103719909,0.709875240192167,1.0041932314385296,1.8356926820489372,3.4903664287525586,0.6396647285618708,0.007864894514509653,0.688813088991151,64.43877711881035
436,25.015890782630702,6.308078842577422,2.299769330128359,0.04028165584053556,10.020721026680459,90.0502538981907,15.762610115667547,7.733401970239397,10245.005053523098,342.0400978222663,8.544853343603569,1.0099727413306137,1.6597504363854996,0.8136025352148153,0.969104648882644,7.305456268574056,0.026501853180725284,0.40437859654403885,0.01958740429020326,0.2730570999455205,69.04355296194063
437,24.99788503665823,4.098653209096324,2.7883637265441257,2.0079549176823974,1.0042806523660488,66.99886846150703,15.72113891184632,8.324534921242773,5204.9829358374855,244.96561796173674,14.099272241100435,0.0473569111113646,3.8958425405030295,0.5783585519104222,0.9730411997324612,1.6367545273006954,3.319908871435424,0.4106165811447295,-0.011760556039955655,0.24257779045107092,56.39861688384756
438,25.014595049314785,4.405475030917977,2.9391821661161486,0.9805300443858053,3.048111055664008,14.022701810085604,19.754321566945794,8.564188468891478,11034.003895434915,317.98469250630814,11.38695854232021,0.2716845973326404,3.610862782120747,0.5113292431710719,0.9705006480317547,8.374120406993747,8.343243276493306,0.5170126651953991,0.033921453436590844,0.06800028901702752,55.795811743665894
439,24.001934232444302,5.979896543986373,2.7852531418294317,3.026508203579825,7.013789119542245,98.06154528392257,12.74963039030183,8.112388351698062,6798.978810108799,279.02540609204055,5.428789252179158,0.6848622218297171,2.0260987780809905,0.7304387275743823,0.989972165056764,7.36624054521688,22.086458343844434,0.4792768176482108,-0.047560748060148164,0.3806106850252938,62.795973714886046
440,19.940736003009384,6.435151537441485,3.0576182272329833,2.9590140498699324,10.027408216527041,36.039198512078855,6.703155514574203,7.6611816047076156,2825.9948562620807,140.0086398293728,4.946442254851646,1.0154066683815635,1.6074687021591456,0.7320078028031799,0.9735316274208259,1.7747696870593341,5.194961834945629,0.5407946389027397,0.06022325821365722,0.6081291712723995,69.21989592679448
441,17.971819938185437,6.964714799903357,1.684494593504785,2.9675575985778213,1.0040069624660795,0.03459509095364534,2.284951994150445,5.156791677801331,5861.9899414957645,263.03305753491924,0.4743641265570487,0.07897632692481389,0.957021950887408,0.8417039297794141,1.074365381708004,1.7961482119236918,5.278096800196342,0.33822962140944385,-0.05816518380565372,0.9769645847805877,75.78731133478855
442,24.995677373328352,5.514626808912602,2.518570988397656,1.010075417941602,7.020269933597709,65.99079935353438,9.314285429065848,7.132841489144681,15049.961933822222,391.01545335863295,-0.0006244226798382413,0.7037664517398745,2.540568134146893,0.6344322410919787,0.9862097265014298,9.297310238373019,9.312740599310539,0.44049663077986867,-0.041298655966876575,0.5972875160188735,64.2810107763112
443,17.963709157714767,7.5354567327887985,1.3417611625476127,2.0154919000335974,4.976096563019925,110.00688929166704,3.8615739226260706,5.085409716840677,4596.929465253606,229.05424672027448,0.012670188063940595,0.47938315586575303,0.5430847551912271,0.9218610781480702,1.0296333433257847,3.8465716995615855,7.699991131771238,0.18118708773818326,0.007554907135390664,0.8753870783487468,78.13519649334953
444,25.017997861899886,8.314427242782468,2.2033338812588954,3.96264846329488,0.9862480491036162,22.960451711239102,4.774968753880026,8.238613019122038,5244.971828102502,285.005357657965,0.350611659436433,0.08408149683654545,0.0033770176581234667,1.030649032220751,0.9802141697609561,4.373167378870464,17.348314518406195,0.38626516989213133,-0.01592268398416131,0.7080142865862271,77.29023090724355
445,21.04592252497031,7.8939242731880555,2.539545912017021,1.9885154755703975,1.0104809066044713,26.014967432028932,18.387985166770868,6.254742608774978,10688.054123139938,260.00665433444993,10.04021537280149,0.13751984523358446,0.07744175136554,1.0015836271951268,1.0669972158960468,8.378237546525556,16.59236566545712,0.37155815985329765,-0.009849956918060775,0.1934335929401858,73.11654341749892
446,20.03656285555092,4.184151088600111,2.959254752355672,-0.01818251496658976,1.0102629844467215,39.008233805328416,11.802170811697252,7.225758397127299,6174.990709546539,164.00965164116047,2.249984832907534,0.06549315465273285,3.7840514619061536,0.5160420140904024,1.010171949442565,9.520887121224996,-0.010500180918124645,0.49811103143486896,0.003338121908254145,0.508070048870491,58.55039339018575
447,19.993596713872094,6.431082629531388,3.886702096055463,4.985399710313552,9.015228354688297,62.00070155375469,19.4911237288276,6.11248776019296,8242.023279044826,315.9957253344482,9.696405660426207,0.9227746192184155,1.593894328068457,0.8140981124123646,1.0251079518858406,9.910208276656785,49.35958656065352,0.6349031360065952,-0.023492261669652716,0.22539697028335864,56.426846762936925
448,23.044721784105498,4.45731075224215,2.791342746485377,3.0283079332881884,3.0330117867683617,60.03081584364728,7.680320003189151,8.115050310811728,107.93626664570719,3.0254426147640276,-0.01649125206470132,0.29996808343575054,3.5083600536859296,0.5659222250128183,0.9822676747118219,7.626017356831119,23.03309728274862,0.46697118287751216,0.04125932363148631,0.6034985086689182,56.60923833793972
449,24.004460023716064,5.170896272188611,3.1965632171758247,2.0211951639064174,4.957250864845538,34.96376675532727,2.07094250394753,8.54897229542688,5231.969751417961,252.0071112367159,0.009846609959429624,0.4827333893327603,2.7908654415547076,0.6190003038274945,1.0292932181530712,2.0246942649708153,4.101192327475604,0.4880470681796931,-0.0014568527629618042,0.8329347759334816,63.872695395611345
450,22.98988742086646,8.88807326703525,2.502522831647506,3.999426334604389,9.97076642357169,97.04904588553481,19.03736435114805,6.587530083499484,8198.959365311479,335.02364540027435,17.347492940923914,0.9634743150276964,-0.025751626017035276,1.0619117888247738,1.0100466707745375,1.721218503010272,7.027205532377359,0.3748352943756199,0.026545020175757633,0.21566442903673555,78.10384229285212
451,22.981597920093773,4.73712961272536,2.9207273287217657,-0.016378857813447834,9.006887179232228,92.02705294063821,6.597556083449541,8.393725727214571,3291.9939309996976,135.02833499560873,0.047930979778827466,0.8656129107870273,3.330690296526493,0.605010459996882,0.9886306736237439,6.602366413854436,-0.035872277912391594,0.4698527608827598,0.0831551549687014,0.6541574349809566,62.96498487530189
452,22.990925909405355,6.511393029081227,1.1866557948548853,0.9595105098933958,5.978269091045896,22.99788098061044,8.707499240396128,6.115608339666485,19542.072658664416,324.0128536404468,2.643339044281718,0.5778406492572615,1.507718576642223,0.8618950895504353,0.967603256907111,6.020268966961086,6.022404243164533,0.1933243067784607,-0.01250446920934405,0.608064150856542,72.44074809077632
453,22.988354695443764,7.070958627244693,1.8041708606085938,1.0426055481634584,9.10133304723868,22.995538112365477,9.733374371596113,7.110498698311539,4597.013807168297,229.01505148972703,4.936277128082533,0.8954983677833658,0.8684288393269219,0.9635615503504604,0.9928736946709128,4.825140862563126,4.833907576570509,0.2872261476335584,0.023234045663895992,0.5373328719539922,74.24206583238642
454,23.005112486671266,7.490690768838453,2.0986463132902786,4.017763417008547,8.015471588575105,105.01441833645745,13.7827785714171,8.411428048446085,5454.050868375998,214.9696901063721,4.614492804094178,0.818105289084692,0.5087393136885737,0.9655636410370386,0.990305695641326,9.193762945518134,36.6660268376045,0.39351357494057637,-0.05496712711817166,0.3369621322448506,68.19813210105751
455,22.004817219431494,6.781570305677111,2.3722233028832655,-0.021200073122194213,7.997650074532095,3.0456255369619134,14.53555432128789,6.290143402446291,2236.9923668981696,119.9834893923654,12.52394267973009,0.7909928222023291,1.2048561248633727,0.8937254563583218,1.0260708482975929,1.9811823552410088,-0.034175564653356943,0.4127092637337288,0.06236032467096925,0.38776641463592026,73.96959732704703
456,20.0000913806046,3.978706330232994,1.096589999327557,3.021587984928747,0.9845359218074843,66.0030482315607,21.09175974728544,8.816749954578922,838.0409460812157,60.02530150358972,15.622559662492804,0.09300067444353344,3.978458412641668,0.5138437911211681,0.9930325340320701,5.436445731816118,16.275649275783287,0.1952190771261148,0.5047403357504087,0.02800843873725692,63.17304998762915
457,23.013108145092392,5.629366686756703,1.3956902141030865,1.9978932913827612,8.985595131504208,33.004320927059375,17.406608045035536,5.533769394504955,5472.062197701201,257.0427089354545,16.325477908032735,0.8974802933003309,2.43585149278833,0.7090602815677063,0.9423536889014654,1.062044836334534,2.2195242152046384,0.22186396309247292,-0.01030565310315183,0.31472842875643325,66.70943031245649
458,25.03571938824359,6.558847706122094,1.7950475830499086,-0.008613285145870286,6.000904219839455,56.00054355432878,21.708967206763795,5.078082703561647,27744.996718928007,350.9417870932347,16.468932227285727,0.6143033307431618,1.4040466761928199,0.8283300307137458,1.0193854014550954,5.252859349419392,0.04834779890065886,0.25824504480958493,0.011744043545416364,0.1428258065146112,70.65688511337896
459,20.02848662406324,4.448263425672032,3.9009527836974436,1.013056345848688,9.003359457978638,48.05346072338104,9.76581006343361,8.636993964523285,14130.983822058663,361.9829641055825,8.287822993092727,0.9193440845758953,3.5935013507375344,0.5468257106793741,1.0387949974581487,1.539621892546433,1.5153058756233282,0.6498763764547708,-0.0801353604882316,0.4048045654723176,57.63162179560111
460,19.955453060946503,5.824846890705539,2.0022702062184017,3.9777550525026184,2.9862990256591946,85.98893350691189,19.802762685779683,5.278236085627498,10998.960465671891,323.00070861807245,17.69138342573115,0.25839103573284455,2.1974955475577373,0.743212296662874,0.9500179754491468,2.0802178908356312,8.244146164116403,0.3875514323178317,-0.0003483063552364041,0.24143508834872487,65.04679090869259
461,18.923382365952943,4.232725850118111,2.38703114462678,3.9896873044146965,2.991805432604403,51.99911477204143,3.6700496756686585,8.976943847474963,11662.990728192242,312.97362176613757,1.6073421793133917,0.29153775870770066,3.813317503875645,0.5093820875590583,1.0541419184018817,2.0613343040593053,8.198231558861677,0.4067313888365246,-0.01063733406226091,0.7485044078058022,58.91325815788452
462,22.028029597337177,4.386111814639243,1.638181442019138,2.003643831925986,6.040328537257038,119.04390306962783,11.020560744863678,8.81929188509261,0.002456900256023735,-0.024675589325450487,4.168056301440795,0.6368221205204376,3.5978344975640963,0.5455767264523843,1.0418995540946006,6.827618281007677,13.689830794700672,0.30006243948372346,0.004108863316180297,0.4862430905342481,58.659331820430296
463,22.958993639047538,5.995501778427626,2.7649155811239092,3.9850164642134436,9.04153514887953,115.00441032500838,7.310214597682924,5.4920179757229315,11181.06092860852,271.0142475962138,0.0058608119027664845,0.8605164013884014,1.9975836898088337,0.7146610115110683,0.9810735800460109,7.268133524158995,29.25072729885447,0.5038483932781523,-0.057227459932619185,0.6998417390995192,62.9413344836093
464,17.99325703794322,4.657005445564259,1.778370896745903,4.020072556308025,7.007561019398047,22.034111765801367,13.389248756973236,7.142502445454815,13952.961150780777,195.04744127907514,7.117710699941353,0.7022293867134687,3.331978952049761,0.6017478000719473,0.9664852117954706,6.259485144112272,24.99463733557904,0.3167862377684404,0.07845799971876341,0.3397128161026953,57.423635000224934
465,20.96489660921822,6.784260127787996,1.6833989087267067,0.05607199511034782,2.959762208182898,107.97266159829292,10.152972446461987,5.774867833317135,15010.001789856811,392.93904529331036,0.5923347763586566,0.29487467988609656,1.1574478701753823,0.8212270737656049,1.0315893237077565,9.68223896059071,-0.03237212078545205,0.27327488581868775,0.0009752108032894875,0.5791698831225371,74.2600863407253
466,23.9459405868726,7.414809645429295,2.4688602593503233,2.9773710560217856,3.016155094699171,67.99384122435114,2.157405240596273,6.8282699303242005,4925.945570756358,194.99488571553056,0.002801609104528272,0.2829997323019017,0.5624534058121509,0.9260123497144064,0.958910524613858,2.2605811483315974,6.633042457024965,0.3870347222453765,-0.03651536266492709,0.8924504101663195,75.84220658156772
467,25.016243881846144,8.038881891853443,0.9593873597587073,1.9500462411108788,2.046628473248331,94.04453302115321,20.272512414940262,5.213870732023815,8595.987197115135,324.0138984102537,16.694631002491903,0.24772347953130075,0.023308900799758107,1.0150147328092713,0.9799497826534778,3.5596022910643246,7.132355958667409,0.16041325242032345,0.003883238722899881,0.17382216747754858,77.80239694179927
468,18.02277465480908,4.966785295495926,1.0220343023500364,-0.06005220502428785,9.04109343305887,51.97970980852709,16.608693849383116,5.912692398809731,11663.009341860723,313.023406419166,7.841128275845514,0.9011050742660363,3.072475493612509,0.6425767429410943,0.9605461077548114,8.825497602251456,0.015808955033044386,0.15583980958103877,0.04484520379182328,0.3507371433760971,64.89049965515545
469,21.9827046879782,4.789034821890442,1.6376864043867838,2.9954859557551505,3.02203277558429,60.99546102880691,5.6040825893305835,6.43286860266377,3588.0153774945807,0.009573820292071154,2.576064195526494,0.3453343521583294,3.226294863504562,0.623145256134463,1.0001772342844273,3.045794673167112,8.983892601890895,0.29323320005671777,0.18565051818534187,0.7272791487808938,66.43874207124577
470,20.922268731235654,4.495461023393024,1.092941782700827,-0.019894937703785483,5.042672688658574,40.00770055692674,19.9283697747689,6.811429557116906,10145.017670692388,313.0528420764981,10.265618012956471,0.5001688161573323,3.555926263882182,0.5561012542455583,1.0439555543011638,9.703338841331327,0.036034632177848865,0.1409113351093778,-0.044844078796802474,0.13530677362942883,61.394637944739465
471,21.983612666552425,7.158126323934225,1.3643747477522947,5.006235815032013,9.00160152817437,55.97032536446021,20.385155795871615,8.869386517176256,14990.011922120986,232.00086719779978,19.33683310911054,0.913807676679532,0.786968851588528,0.9145819133816907,1.0112475050305398,1.0907161435049813,5.526407056394847,0.20054794579711308,-0.003541196190827947,0.02095363551852909,72.81689653856161
472,25.011754120162077,7.517740477252752,1.953651922335398,0.003977930160783023,8.01884308909501,119.98758569644134,14.389253157919187,8.248748184709477,4562.017412658203,199.03935978371177,4.694406396553162,0.7826833547321906,0.4808875646498655,0.9229012421066338,1.0305422349616848,9.72053465857099,0.04034053126341536,0.3454538100368255,-0.0009810842858043805,0.38989601044506944,75.69973309694906
473,19.955632652936774,4.178280290047722,3.3405410654278387,3.951903494601577,1.9795767330102445,59.00337910045477,20.068147466004607,7.907783667014875,8278.00137217387,419.9806089698896,18.64703597420837,0.1830171897410674,3.8136959951973814,0.4658737886096933,0.9894459257339595,1.3726846879723946,5.572138955937065,0.5456032220786865,0.02128214451424822,0.05573433686313997,54.59293953147081
474,21.005500797593374,8.69413828946469,2.6550245639412693,2.945553485115558,3.0087679636846714,53.00140045202486,9.740278848673395,7.140442999958175,5318.96856401082,0.0017394883976654936,0.7141541774919185,0.3122804259074658,0.02860946879481091,1.1034092782122467,1.0029190848808553,8.993232686226582,27.01800187097212,0.422531707386489,0.3766962854795504,0.5650119441356053,79.93363602804207
475,19.99954070452481,4.2864415188426435,2.5269507870504095,2.0088779972103827,2.039886027319116,69.03841056062511,17.221246518562356,8.358970600077505,10770.94445029109,360.963618547726,11.490636506189484,0.21283092372900775,3.6606534729615294,0.5464546432059242,0.9632068670605141,5.793460064167395,11.505985765922585,0.39292421500225105,0.023400024961920708,0.14688044151186774,55.91341703057712
476,25.017378744988033,6.67631984482841,1.9337433015995742,2.0040628650415986,7.982317297655393,100.04624371584497,3.1727482541143788,6.392090750452189,7801.983599365348,260.02702593321646,0.02143961941440862,0.8179396119977557,1.293603448815105,0.8678997050869741,0.9970934221438505,3.1918814142694876,6.429695982366791,0.30849438529369627,-0.04163060548734714,0.862372275786767,73.30962122749308
477,18.003587411052425,7.499788650435583,3.7846223360906444,2.9872254600490034,5.974156697116071,55.97431745383997,5.5280621708001885,7.807684995215244,11874.995961537008,282.9963867141208,3.8747670414345254,0.6113003486086372,0.4991894849706784,0.936741338613852,0.9776208967103037,1.6619417187366323,4.974569727364502,0.5619125857003615,-0.03213125506156624,0.6634493179315994,73.60356663946975
478,24.970807931773553,8.39353171264296,2.2204963721200324,3.950285692446031,6.002924668170711,9.003338055575025,7.2373586074436815,8.999901491465423,9557.037617953914,353.0107346318756,1.3359106335829338,0.5599073721898774,-0.020366106470561224,1.0019050990284777,0.9951918910487119,5.992119804486668,23.988504004725556,0.34428189628683065,-0.02394901948892177,0.604248336957229,75.61361155724823
479,18.035897145049933,7.58884426353164,1.3417076598253597,1.0141417378829498,8.99320013388828,39.020227449252744,9.044251353709525,6.260563331701638,4743.9969819497455,193.99059894106145,-0.015554920098730404,0.8758089396986275,0.3831333452036281,0.9472510764690732,0.9931296378214609,9.041612858955263,9.051572006310803,0.2452492630169741,0.023330264143718943,0.6397438584745295,77.04332320530304
480,20.995244112809193,7.9781461513495895,2.9536203924328945,0.038156986362718304,8.019474431632112,6.045490423973976,3.898041532374855,7.7081838015885795,15446.994102928973,252.01759285504977,-0.014791574894110034,0.8254982865844609,0.025292079031775792,1.0265974169421919,0.9905668036595795,3.86337067878271,0.04021073261845997,0.49304969074552946,0.01820118300166047,0.7760622743595831,78.97579184157563
481,20.9991808638147,5.709585740123488,1.2926099415646046,4.008339473206568,3.986402214221589,102.02155470891951,17.35049929621948,8.408749981440556,3570.011565813805,139.0119230192157,10.608424295769765,0.3412460390378999,2.3140905344327245,0.7267810442638928,1.0632267099979051,6.641741023123358,26.66313554579539,0.22926782401356727,0.10263777619318296,0.13742378250892306,62.808097155909344
482,22.972001961227804,8.149608518054768,1.9309558484699003,4.974575783283048,4.051553188468081,37.00872740204777,3.633877008706778,8.62152329920984,10929.991899640376,213.97016045710086,0.015362244574834795,0.4087782172451681,0.023953542655783623,1.0080976628131548,1.0530263395813577,3.706958413742908,18.296280722291108,0.27850259835591734,0.016743406203571395,0.735070537598601,77.0114152132396
483,21.986701532464256,4.404196616985174,2.4753736323277096,3.0013365649671346,8.961309717061168,84.01999627595949,5.382449058544395,7.894317849194458,4935.024316259968,232.9718969770225,0.340235506134651,0.8966435970279246,3.610106240711183,0.5000932231626045,1.0424842714462523,5.073761415023123,15.327723633728638,0.4042406973249904,-0.0188241345134627,0.6871258688956424,58.17544684374074
484,22.973455918579194,8.529883546447333,3.5871958741519423,-0.04098342242801055,1.037612043586592,60.020213065030084,6.290648166427751,6.112932854407317,9282.059380008552,246.99916693808976,0.012793281487828276,0.1254874560241708,-0.026197700305576145,1.0317194913528822,1.0538517690249176,6.262084638004775,0.02164205727675388,0.5965236284231619,-0.00590402032005867,0.7574117859274189,79.19066342749962
485,21.9948116182023,6.658293342245396,2.4922318361026483,2.0317388214151637,1.9770545231507568,82.97216857123146,10.234878210596994,6.342876203649304,6424.065723565426,300.0197872187222,3.9594311095260535,0.21249863558212267,1.3126930915551749,0.851817165855541,1.042579079478336,6.256412137780301,12.510597953627926,0.4305975149610549,-0.04384265239784024,0.5345920142814755,69.61313718129574
486,23.05135125440427,8.104732843178812,3.0943642179697384,1.0024553300358863,1.9461205179624792,2.005783963775188,16.83464551344931,5.090036729036137,12183.002911218817,336.0558868665934,7.696710404581398,0.18008059160874615,-0.028562787071325257,0.9625452854377716,0.9993286799766948,9.17514755094199,9.123138701967799,0.5499923322035313,0.018844326611467656,0.3717351777679069,75.01973289404798
487,19.95884296571206,6.267078950430868,4.03356683793792,4.946955292647403,6.007136254690466,50.04377482982566,13.118679139076212,8.033714148554488,2916.0101067709406,141.00908972569997,11.729959554861686,0.5787194988509501,1.69064739982897,0.777952652557295,0.9962527118488244,1.3843702239427678,7.028141751853185,0.6953084441406729,-0.011531795377615419,0.39777161204460315,65.36803015785041
488,20.951593158063698,7.155692252174043,1.4382328528006274,1.9909797691866895,3.9923617604195836,84.99377929693918,5.374254927832087,5.152299220927275,6799.047365683611,279.03022594207465,1.8411146726726952,0.3843164958100924,0.7689125403554531,0.9011526653692927,1.0070620075156174,3.5499571628919315,7.060573929874846,0.21577208432414546,0.036728948545687395,0.7708513055082127,76.27936590138768
489,18.044135109824808,6.577818857776228,1.7948497903822564,3.013899045307027,9.966711718962909,46.003883399276425,21.307825903223076,8.48469884983066,5651.995501139313,173.95161447195707,11.752649519355852,1.017401891421119,1.3816733662378744,0.8594981146752018,0.9936794524385376,9.546313408541522,28.696978724643397,0.28312553386325867,0.018008909404621073,0.002161907586424712,64.25099482227984
490,21.993720289685445,7.7357569800324075,2.2329545462815545,-0.009991428629265673,2.9495586932485423,66.99272450651422,5.573400897399809,5.507828550564428,10288.020375764258,245.060388675483,0.015963719740498736,0.23093358961334265,0.3027143654206353,0.9809347165339163,0.9687986385570264,5.5873442174438095,-0.004855609197021864,0.4090271463385067,0.0581399857874734,0.7880432692369671,78.79673996055418
491,24.979927817840203,4.42850047486009,2.3107298409989325,2.991723128356795,2.9997491763818562,90.93058421513179,17.009038165352838,5.674014453774195,4831.96594519611,226.01817058633387,11.885338960489625,0.30472138333071186,3.58627528186514,0.578884336984719,1.0088981576664104,5.128576201620263,15.276496691808298,0.372531215864725,0.012593877302451532,0.33642843578079196,56.5779125394988
492,22.03119714062188,4.307290141661632,2.2019351791858774,-0.036732066211418155,3.0292751067487145,75.00061770531704,18.96409566630707,6.876009803026558,15167.990674825553,370.99851186466526,12.374703671585856,0.27350896238317896,3.673505127699266,0.5465555997209782,0.9530163674934001,6.529602715968041,-0.029006480049980587,0.3341888256340551,0.012032197507599695,0.15106204647275423,58.71641203302857
493,17.981831533807895,5.1540189832033025,3.727196324713299,4.01699622961245,6.0175486047925935,37.00905375791959,19.531979891021003,7.970826331288357,0.03468343849935921,-0.004940881423737762,16.064688282492476,0.6057250589342177,2.834133924147462,0.6246376705336553,1.0041292492136908,3.4695404135664374,13.987931130027818,0.6104527109265754,-0.005475548803647409,0.10956145841136425,57.51612896483904
494,23.05478029140641,4.794111580458361,3.1021675614471373,0.9805459239994259,8.001701199465177,113.98462519827358,21.40991931711249,5.516544071738989,11199.978454130985,407.96678400606424,18.7529329647325,0.8103349335951011,3.1964122484786643,0.5815901859627436,0.9701568134477156,2.720330821361664,2.668863844167267,0.5571474603452413,-0.011537274072653586,0.15838842222719757,58.86243500005085
495,22.020337776140178,8.409051000267052,2.8617343353129328,3.935306638689849,7.014365427196532,34.96536089153346,10.971854604463363,6.72083462687251,3671.996158464638,152.9753613961284,5.781404462457732,0.6501302025121394,-0.01583784139298773,1.0220202108227616,0.997568833888879,5.17620917698228,20.6501603462116,0.4395205313614635,-0.00775955523558795,0.5175380793878598,74.93785182417763
496,23.98536265775563,5.105266086887357,1.8568476649961632,3.988862278879888,3.9991835760286643,109.97358180620655,17.430714877571038,6.8981189917341625,-0.047226289368063584,0.057313068964002414,13.207174431119507,0.3931940071899811,2.867528026678941,0.6552234252577861,1.005736103276174,4.186526291448108,16.6847225621074,0.30380027087345585,0.02997444074226792,0.1796970383131931,60.10653822219905
497,20.064719246397964,8.844686192495578,3.4845448730272395,3.0294344914671107,3.957108272709089,40.02292562848407,1.1931215898923366,5.837536485508837,15148.060173048836,297.97032986685144,-0.029693250236086845,0.4046671107040074,-0.05615984655429446,1.0916823334323233,0.9894143958579155,1.2413415085113653,3.6952529911167016,0.5574280063590559,-0.04045831398546485,0.940581045014654,81.05405657992253
498,20.9818285523099,5.673290464559404,3.8962044330913814,0.9883921166020015,9.957373180443296,68.0591757431914,9.948131027585838,5.4199100433235365,7213.037890842094,262.969751967264,8.186498776370371,1.0026385028582545,2.2933385895880662,0.7006799906091455,0.9507846741138803,1.6729236879577845,1.6953405606078402,0.6786918298617701,0.0018998160800968733,0.63546030545054,64.65753843949362
499,18.02226286116028,4.898077667075539,3.51318358071374,0.05213954955370561,1.9939049441304597,12.041473000227162,19.07791804344378,8.291836002718552,2283.0056429869846,128.97893338541772,9.362994924230128,0.19633397140652106,3.0586534388944004,0.6131747371456054,0.9643594349965144,9.801205445130318,0.0017329147995918844,0.5919689552368234,0.017697558812659053,0.12963126405996983,60.1987354643995
500,21.008978777412196,7.9160887272855165,1.0380388146130928,0.012869038456455512,0.9951804014090178,85.95966961985508,7.476298643848053,6.975936674169886,13630.015225386163,300.96405457741116,-0.05964395442575001,0.06337337440557966,0.12136109378082824,1.0367393733974384,1.0137473086504014,7.564593511739217,-0.028998276110251242,0.19444307399748112,0.011189254466829028,0.5762682799046575,81.05979953720394
1,24.039052238681965,7.6341161653670015,3.399268042982915,2.010162744868411,10.025529480355203,37.02563881931652,14.169198593609458,7.429274233397178,5372.011876943208,220.00045919724536,9.799432250276679,0.9679411590806037,0.30088473583795566,0.9822140172382969,0.9832767341845934,4.378010585844013,8.724277317851932,0.6136172331133264,-0.013755888471676034,0.35727213371830463,72.89150152164744
2,21.046845335901807,6.295136280735604,1.8573331105148136,4.9961480520224715,2.0227191267132425,73.98010512872573,8.734453910446407,8.171853677836198,9603.041529352591,250.03266731537997,0.024350501842656597,0.1586585803173845,1.7467508233741442,0.7643143972619667,1.0168254925835318,8.744043951986026,43.63158736069503,0.2713036132973485,0.015108658965031066,0.5725468034871272,62.27142131280703
3,22.000960124471973,5.104291463096368,3.92527541689365,4.997951413767071,5.0181539904727686,52.982531988124734,20.015532734471265,6.869791909661375,9422.98443599873,288.98168523021184,12.403246645064955,0.5166213671251926,2.906692228197114,0.6420554297169867,1.000291038748947,7.622894689632357,37.93142430740131,0.6272254588292141,-0.022274944489945138,0.14616773464479157,51.963876702356785
4,23.977397463889613,6.325488359655486,2.822648762984259,3.9920972909464147,8.991591518607684,54.98614073206086,19.799810383425044,6.748400953870967,2524.0219680285977,167.95880027160717,13.412022613484734,0.896532874745802,1.6782002660822106,0.8370393528148751,0.9940650432666857,6.370111186011305,25.501953466074564,0.45366100916288005,-0.007709352700022182,0.16502391656902926,62.39534741102402
5,20.013799164288173,4.720785727527123,2.641744240218618,-0.009068081762475793,2.958580434896696,85.02118200849566,20.95661366573922,8.978524776099187,0.0323224949655652,0.008755839390439613,18.58281750954017,0.2984474028212186,3.243599771928946,0.6059553798528683,1.010429307643646,2.424008474535764,0.032690248993336835,0.4520651507887184,0.01897068344649233,0.06353615928151168,59.02639287896467
6,24.979668538907436,4.917477139564265,3.1998858759898763,3.0159260148620146,9.012362134111982,96.02877760129347,9.812044005754448,5.050275929691888,1223.0364597791142,37.99832676986961,7.396104306992011,0.8488351966846532,3.1241963159122523,0.5645524292150282,0.9797530878431557,2.4562814000972675,7.211359294748343,0.5485102615673051,0.39688060500833827,0.6303630724792006,66.7304146619363
7,22.0604016174258,6.476001784798942,3.352295745079591,0.971925063106283,6.015755079397865,98.99705906786161,13.09557058717593,8.551618799452454,12911.932218873486,370.03008173650244,11.557352636358697,0.5989919160821638,1.4610315521839383,0.7850428171408671,1.0120118475421926,1.541971296998455,1.5288150920626564,0.5519230578401465,0.04628380007853657,0.3578932963531994,68.26895109834948
8,22.004096059932483,6.0427599358863,2.980060467074938,0.9677231851382722,3.9283440561256695,107.99756787776975,10.49033504028519,5.6649042456110035,14726.982021765652,332.9863647510209,1.6155590538136446,0.4190091121594805,1.8877556643193074,0.7327419349249064,0.9874147875255892,8.788913515144657,8.823015463496354,0.47924175414135495,-0.014446383931519107,0.5513984679866952,66.65704014240131
9,23.989040353460638,8.588208417288158,1.3729157321911158,0.9663041484737387,6.97496985440252,86.01392791229708,11.072737552881415,8.123761165325847,9591.969424881361,460.9921952966112,4.622403670026677,0.6447448127627716,0.050222647396647405,1.118221894760799,1.076088566771183,6.479581276400051,6.435167382105728,0.2620331162999879,-0.0170396306721062,0.43095986631118977,80.49754989008446
10,19.005540409175946,5.830048954756257,2.0242779409472598,3.0613696364303147,7.979268368678183,44.017039836185724,14.640352369467228,7.463156859466454,0.004487648567120574,-0.004485910936298069,7.294194106353073,0.7839378122376509,2.218329500471462,0.7626884370759096,0.9659819314859175,7.379577635236724,22.100707172727255,0.34971625894308206,0.03710375430310883,0.31837410619754647,62.88679139194228
11,19.959586211314107,6.941803635825734,3.8035049052251653,5.015910287050118,6.003550506033703,108.03528677120275,7.723691084343789,6.409511760339021,3799.9395190934147,193.0026701233166,6.5862529746210114,0.5528895260536558,1.111695963636048,0.8437488906664316,0.9892825410980787,1.227218196652614,5.94443626605394,0.6428097867738104,-0.011015595988715224,0.6863251030386769,70.2570800336328
12,23.97085157884468,7.221316473068934,1.6614322699773192,0.009134766050404343,4.9758991870170295,32.961468840734724,6.099022882574622,8.494547972654392,8579.93863131327,329.9882231496793,0.022561024775906012,0.4873915377581034,0.8283296732936031,0.8806025934057802,0.9904927900914233,6.057354057589579,0.01782536513719132,0.21896056442989761,-0.012396548108541218,0.6204884032800743,76.37859042562496
13,20.036012417238332,4.1128802246840515,2.1264019788887203,2.968274559891197,5.998855962935261,8.000600820194121,21.717252427172586,5.051436663480256,11388.065102849756,271.9833606767586,13.205876832083396,0.5729702430728723,3.927211494567166,0.5138407534798685,0.959444033168174,8.524017842140966,25.4854307295599,0.3862002949540717,0.0114930451901849,0.17287202602138427,52.51654173364342
14,19.98029317163086,7.311389189451579,2.2569858252821473,1.018700269020245,4.99368395178941,86.96795926872326,17.671323220755255,5.901549350376326,7243.0185306816475,226.94448866945353,14.734905891998272,0.5114272650092481,0.7474283929586253,0.9147400713828038,1.0217743776729558,2.894659244678254,2.9428856164307646,0.38885240756291295,-0.004915615804897285,0.23553834638095814,73.37965372398254
15,24.96859267051954,4.883316437597177,2.309903413714128,3.9965028596064003,7.9952255158538685,6.998471731628098,7.014541636849727,7.261755028658283,13372.003630277295,300.9830383837264,4.374506641843289,0.8050771869027918,3.0819346194859336,0.5836302221203101,0.9871382775675825,2.646126232011542,10.569684784287645,0.3784739578146493,-0.009346359783573375,0.673771480420985,61.83671049735218
16,22.01609958257582,8.796098191193392,2.775579679921253,2.0064250682339524,0.9785081711889776,5.993214741369577,13.897911682992158,6.421115060324843,5862.010910179435,263.02145669804247,11.299111061795363,0.13874513216902135,-0.011300524602922952,1.0925260797530438,0.928606653349746,2.6324383854077156,5.323102265759401,0.4420866874164116,-0.020789871980930054,0.4211453301006309,78.77245269345964
17,21.03557112463989,4.75007208577479,3.789029687524084,2.970701390524093,6.980830448378,34.99859751638292,8.116812853921635,7.456588295675943,197.00439022771246,10.025507365581067,4.397868201585106,0.6983776645209852,3.2723284611281493,0.5438919019044037,1.02085385714636,3.7952148659217504,11.255498993597104,0.6143459017516628,0.13651558180377393,0.6106410092863157,59.352153796384016
18,25.021568599319952,6.071723259826244,1.7151281224411514,3.004808065722527,9.967591988206578,16.976007713356683,14.758604760548701,5.0807025470636225,3588.0299205196966,-0.014133390707739018,9.002057268252717,1.0101546340631282,1.899019070908481,0.800669621147331,0.9809149365594143,5.7161739447244795,17.169283437791965,0.25660591064659494,0.21973069811674623,0.45412249310474306,69.65788417184635
19,25.029881430574175,4.448443363721296,1.4156434819717858,-0.012715006146194495,10.011402023217215,1.955381306203777,13.819655783139423,5.447017586315592,-0.01897332576191936,0.03898457994545285,8.904848749024408,0.9832687755505457,3.596033018124894,0.49719008461504965,0.996852957312407,4.854267203970374,0.0017330669807324285,0.17340608708756802,-0.016864451681435175,0.42522375894487385,61.95592156633426
20,19.977296147342916,8.990339155365238,1.640109072206679,-0.022968334710905633,2.017133078857741,26.937166874198553,18.671914636751012,5.491725917334273,0.005598444782207078,-0.000861122151010644,15.065081714698227,0.16690806046314266,-0.05264856712006721,1.0718568173432175,1.0203046773956757,3.6239158174394444,0.024576105546619004,0.242141012639341,-0.008906507572077914,0.228516198914182,81.70781301285184
21,22.957345679997744,6.539762963272852,3.6975323890098566,3.0220231900742176,8.97688146149624,68.99606459537206,16.54075240233727,5.717962379574007,0.006822638038131462,-0.040135391154478436,10.09812898903477,0.9250428730407027,1.4803829772871635,0.825551183635358,0.9890588024493365,6.522788896259654,19.514674542752445,0.5686955297541714,0.01064764496259412,0.2902660704214527,63.977097217888485
22,22.045040009558665,6.957795549715074,2.9091935258889,0.9538687657441,1.0456192028805114,106.98706996682502,9.29466974893015,6.792287092244421,6730.968594261246,312.9504284783064,7.0471200547027575,0.13729765160641239,1.043173496025969,0.8378937128649784,0.9888131008178024,2.254646716547206,2.2698929760327915,0.4815193142968631,0.043838520592123495,0.5781870267956538,72.56267942081523
23,18.990319604834735,4.317577126034939,1.8868678803278702,2.0169432879294247,9.99056195657674,42.97972187005588,12.90769732187548,8.018915014416747,16433.03830949177,263.0365477376786,9.248156759481441,1.0211696709771476,3.7073262578466126,0.5224710512559638,1.073941059529665,3.604902229961156,7.2418004544234975,0.2821438406554091,-0.005073574367590521,0.3751517373930998,58.779157484176814
24,24.99247500950635,7.677896895921571,3.4054596964786836,0.020534584006589886,6.045905568713897,20.03967645388495,5.7612708932595496,8.648157874095252,14686.986629697803,280.98880988824214,1.4962787333885097,0.603936843693886,0.3214619585426012,0.9643951858330785,0.9353876275559523,4.328376093861925,-0.06838490115856187,0.5885646893400146,-0.02588382880098243,0.6773603184217273,76.1241559375426
25,21.039845824255472,4.957541984242274,3.6131845814402554,0.9736106897334628,8.980736184785052,26.97421685439614,4.1406167557797025,8.366131358794357,7833.030522650094,240.96357806430782,0.007386246832620574,0.8707771933654418,2.9963836599644798,0.6452590248960051,0.9614210354011167,4.1377754008784535,4.117936219406465,0.5500703792444422,0.05756607762801527,0.7432710173840464,61.80005087519214
26,23.01668690028202,8.506556021272328,3.4970507045763686,3.975390146166026,0.9392026667020169,103.04250502246417,10.627145484638298,5.7185402618059005,10993.00344738179,164.93222171485692,2.6238342483745725,0.1342488452028084,-0.05661280572593525,1.0558675364615338,0.9672381719522367,8.017144932071728,32.219874200030794,0.6191756818092715,0.004066528932277777,0.5865158530649125,72.01842217061628
27,23.013676633162447,5.030284153657879,3.745887485477225,-0.006690770437992066,4.012065934747371,53.04871531232808,6.1430296156943935,6.752648047388702,5151.0490075449725,161.98812851667375,3.2885503851810824,0.41738527946911036,2.9961409223451136,0.6783751539183939,1.0536706822272703,2.7707532308094187,-0.020973483822073768,0.6584317802316185,-0.003177821595631269,0.709086127054424,62.24397209065031
28,19.06495007034703,4.974651756842195,1.809944126889927,1.0084610863138666,4.00745635315357,52.94147298599632,15.507221389398783,5.766937241332223,4743.968758627344,194.0121425257699,9.924520453713729,0.4607463582798834,3.0312508967256293,0.6249868303402027,0.9806616008187385,5.623327116323529,5.652710297862768,0.26801292841148966,0.0021550379372389187,0.37217023424735,62.69262461980151
29,24.980694453088596,4.155029521186248,3.3109368443206635,0.9954143502455732,9.001031813859228,64.00277144376997,13.302580256173847,6.064312123134625,3324.9674572359545,181.97906926567862,6.999793083963011,0.8653672814928028,3.7644294862626824,0.5607238412477623,1.00720626624537,6.31580334884361,6.356683997695825,0.5471719855674069,-0.03736379953052468,0.4981320625246374,56.431705102120866
30,21.027835203842436,6.397244657069952,2.3795947957095613,2.0130068738057565,4.98073302564668,98.98800910527493,7.006044388234479,6.9974652944357185,9316.97282913227,362.96840264519597,5.6209818942623535,0.5258769950374214,1.6224111678023088,0.8083566734109948,0.9857776539123303,1.4338323519744178,2.8713655855905995,0.3743686648541461,-0.0013621699850723033,0.6246337374839046,70.77940217297386
31,22.00171039374691,6.797376940136685,3.4614683889178246,2.052889389576122,4.998962833235425,19.91264588165848,13.832783340009337,5.2877573571873375,14131.003998866516,361.9835187269418,7.426099011922334,0.5164731951462439,1.14894504992122,0.9139362927402199,1.0180960102699266,6.5230879833265805,12.8752156755034,0.6006913136985638,0.022788239028762734,0.3964938384883886,67.7816399713067
32,18.008057768365898,4.316449588826635,3.244276374515119,3.9847684969255086,5.9846622162639145,105.95666076240795,9.633946768711025,5.8694254072879595,4493.046244051873,236.03729576057435,7.069271960645099,0.5897391839925583,3.70060573714697,0.5692509051177257,0.9996185935686552,2.523289707900438,10.147748855296761,0.5873290380279386,0.03660360758116873,0.6228573906729662,57.100106148029376
33,21.045854052792375,7.928487837140935,3.314743365326832,0.9485446008788974,0.9909295130100475,98.02324808321326,18.06628481904737,8.683119943152464,9135.047792808546,401.95821055146973,16.544342197286557,0.14091504640609312,0.11633555350439853,0.9888040932641784,1.0075929758859872,1.6327660029006368,1.5777337798491147,0.5854319203332046,-0.01074631491592999,0.10579371799306572,74.39005672408351
34,19.01523507268869,6.298217544561825,2.9931275690723487,5.0247777074909195,1.0252489676729521,12.060575977581339,9.395157163059016,6.830987423816014,15102.930700941986,327.9807489690873,-0.014799311488677252,0.11207035445273644,1.6906366242719184,0.8063649215072244,1.0386173911390955,9.35595001431078,47.02964647896484,0.47936815634157887,0.005638602585486908,0.5310480615586006,59.80318458381447
35,23.01614888237149,6.655665099443827,1.4658890135055753,1.0504994372778258,9.005526516885903,56.027080344280975,3.9110430774428337,6.7801735534448,5472.007491214837,257.0363227321885,-0.01343373627221923,0.8718932091461504,1.4741741462136009,0.817175524334072,1.013208089405469,3.9236744443755476,3.9542907976468182,0.2534390384458309,0.0371392123633632,0.8206005670287263,73.70840148996476
36,22.032175220119296,6.206727042336059,2.5753455551473596,2.0117830508915335,3.0182985416199593,48.00970897417539,3.7935562422800784,5.062703312876932,9752.903611391685,270.0148252886827,-0.014716465362155151,0.2964498295117677,1.7852042868873417,0.7668730048493465,0.9779479786763121,3.742158655397368,7.480732551112932,0.47900120305042004,0.0011258654564335429,0.8523687154956462,69.57952450939244
37,20.989051418113714,5.989607204819793,4.0390777119035866,4.96736753973939,3.9930439448012263,116.99936002855107,6.744772445957082,5.94782969576888,5697.023850953814,183.00537383441338,3.061647092480523,0.37153423578690664,1.982647512869654,0.7108976751589324,1.0093620114726574,3.755845620479964,18.708096092037295,0.6823947896388172,0.021584241933589238,0.7636716825530062,63.11564870289998
38,17.97482370997983,6.751652979226915,3.804129858226041,-0.003716770897056028,0.9897394796258567,53.050479887439444,6.367253354969373,8.423906208893618,9632.033545082448,258.9805466159375,4.414889685735274,0.0859445285384346,1.2061347612556503,0.8257521519259862,1.0725595824504366,1.8263447306937444,0.02497896448459654,0.6636367152299912,0.012729338179135413,0.6376107550859497,70.81453068672162
39,17.96865572417937,4.792120214390515,1.0834823879899789,-0.03355570452634897,8.96539552407334,9.06444717605873,10.282942413508394,5.661687360127195,5134.9987926717595,318.000915144435,3.1155774011088133,0.921114784606192,3.177350805924884,0.6618291415546717,1.0169491140701128,7.11953552422732,-0.010139950354903731,0.2028701898860563,-0.019928276363630135,0.5797551583525025,65.08990768217511
40,19.94100930231872,4.889908391637666,1.5152906769367396,3.0192856648188884,7.988898901622954,51.98239471961428,9.750865474608288,6.617889980818484,1732.0025194473249,90.9838651279464,4.78803592607687,0.8296782213570265,3.0567598721855402,0.5763790588616426,1.00455728964937,4.975631819091716,14.936488172557643,0.2522877471887126,0.3224326291499193,0.5428525874765245,67.00676360692994
41,20.06168621389821,8.328809143888444,1.3755680543766102,1.959461287919047,1.900366563332326,42.940000403190695,19.177047464749066,5.009941117204976,12692.002209166789,379.97421841606786,17.054285820316792,0.20663637001368096,-0.032930093247666506,1.017835218616491,0.9588834114171789,2.0794440864331145,4.184644140822384,0.231249367290878,0.03177963705850993,0.2460389845482661,78.9856538580694
42,23.96690374902835,8.713874508722006,3.2450252909084116,2.990996136395154,7.9822933410108305,45.93705437610186,12.640032662397097,6.89664578462106,5651.976466742438,173.96759827574095,7.228594177826605,0.7774977537023141,0.022739602786436858,1.0846884396912269,1.0217325559199486,5.446898662823047,16.360770520904587,0.4970062162708267,-0.08023897638475269,0.3860223598398976,75.71246285216377
43,18.993362391292425,5.864618926351022,3.5405840160469015,4.969869865211183,6.997543774684275,52.0396564297648,12.493475020213523,5.0653466172598405,4978.0129511735595,153.0235228678912,11.20156132735491,0.7114482526118606,2.090851813233739,0.735687721157423,1.0261668064054517,1.3645852452817864,6.515284226515241,0.5603588923351249,0.01606631412308277,0.4422012991843678,65.43924284098496
44,24.991695601003332,5.405167631592332,1.5860027778639167,2.003804740554049,6.016910209628104,72.99858824377677,1.8312457763899865,8.25364798567982,5453.993057759951,214.99818781603352,-0.012110793583969003,0.6217019891387291,2.6510606285150575,0.6865117745919288,1.009381694403619,1.8741271440750658,3.7446176195800085,0.2396125172604994,-0.04185901407263738,0.780458711776945,67.65971656115511
45,21.00922220093427,7.220145935151872,2.4811398925890744,3.9890097496858674,0.9919396636742512,45.00549725731376,12.96433442458762,8.278887891298252,12685.027908751279,258.0094354123141,9.670634733411543,0.04083664764280848,0.7867629126478237,0.8859263787565781,1.003422823572814,3.3560653298286023,13.225533387593742,0.40612627544832863,0.03182381660984439,0.39869903802919326,70.91809131697032
46,21.024472116376177,6.045840940781635,3.4214560040392317,1.0053028630975078,7.01043020626735,11.946280470211299,10.504307660666441,8.150415071696672,2546.9965911919644,150.00455019557404,3.4477847653078126,0.7034943632509275,2.021315310641969,0.7633612910098901,1.084976190435218,6.939922394697703,6.955267628760281,0.5863197739968942,0.040943444175782336,0.44685915899608153,65.0814455981397
47,25.025814204650793,4.126625119022421,3.1555525768534594,4.000670516648991,9.934606340158293,35.977404332616345,10.783051454200343,6.108395112889605,11403.974169306804,293.01322756483427,7.01756922534045,0.99429430604802,3.9153252593838563,0.5467715632344017,1.0256628324737322,3.765163574017629,15.259667823796557,0.5300953103143942,-0.021729978377346196,0.501548265349204,54.81323648177183
48,23.982507676842932,4.822825399629344,2.5598159067512674,4.970400229168277,6.9982948944337915,100.99113557558297,8.648874058947735,8.352120910649944,6082.953924059874,220.99235843630044,2.935049961336387,0.7286113376622871,3.1863154757845997,0.637998970319445,1.037200847855289,5.678190130969041,28.36115796252328,0.43980924752289086,0.08294709429463393,0.5398359579198672,56.633188240729275
49,22.99498634858641,7.601802579838455,2.8040557102296213,2.0188063119058706,8.949614916212598,23.00623515150092,6.244296738255931,7.15858594391648,9216.944078055249,256.98555027646836,0.35377756635611274,0.911570674945845,0.3736357321250231,0.9419746459808948,1.0020064646326547,5.875678431989478,11.792235947570573,0.4865937228380655,0.04131649627108538,0.7559072955363777,74.39915720320164
50,23.00847739851465,7.311649360162703,2.4902129888667592,4.998537030444706,0.96375089453022,0.9880422388325872,17.275409637475317,6.5050295046616,3121.039375280319,61.97554159011827,14.572963029995607,0.11453055104418357,0.6480458890322217,0.930840302867089,0.9960521674588584,2.642732411632493,13.35193719907635,0.4041990964029633,0.6843104925144291,0.2923401715931562,81.13148684520459
51,23.992539266214493,4.137485147021184,1.8596399353775426,0.970344129764023,1.9943850335640843,84.96888021405096,10.920056878490113,7.5263461669630995,3089.9862663194144,144.95758092599777,1.196355339237183,0.18554267100857114,3.916593623390403,0.4781159913357643,1.0189629723310643,9.733394276435968,9.763812735557401,0.3388065657819417,0.04499968542723496,0.4593199909258936,57.798771548267084
52,23.0482203672806,5.06001667807561,2.6915650787260637,0.06722779668617378,9.038287919636206,79.97646299022192,4.616556256741694,5.075177435361717,12405.010157225703,273.9663390048813,-0.005742138488520488,0.9000495515139731,2.935947791976505,0.6158485186418301,0.9960237141339121,4.656662173088147,-0.040670625650352066,0.48414500652469517,-0.01925184879472819,0.8208627435122664,65.2732186133181
53,20.01472924854915,5.189516820183491,3.1151601144294205,0.014292905001513742,9.011136202904101,99.03624969857842,12.263883495930603,5.608646314131983,6307.053496896752,246.989037468367,2.8049794435084574,0.9283105490941167,2.752302079847373,0.6147879980392837,0.9984869804596571,9.465526055642556,0.0519823807519427,0.5291211236364977,-0.008297722010185032,0.4827880133032403,63.402523910404014
54,21.022046333581496,7.376822937537313,3.6158351804974678,4.995402183398021,6.000546929914114,13.007343538588104,16.171477514214565,7.995144406906914,-0.01688412993893674,-0.04809118453306434,7.099848954027282,0.5980536080108917,0.5888866519500994,0.9236276593372105,1.0138961704562308,9.071455705728901,45.280204322189576,0.5836641678812899,0.013896312282873823,0.21769206109135636,63.08478547350617
55,24.019886438060023,4.111374593561783,2.8430098915742334,3.042456135801055,5.999414088315987,9.018364704208667,8.161986880583116,5.987156725946255,9600.981175675468,317.9585314228759,1.8637915769279794,0.6052400866719472,3.879992450094218,0.48672342170920163,0.9846157046314801,6.345228067825583,19.174761743804023,0.5117336699775216,-0.020761550220482098,0.6733971322764893,55.081673886503346
56,21.03520421572456,4.536906665269524,3.296152095585485,2.055254468281598,3.978591133203866,33.97303378567368,4.740063591851053,7.376997050870795,7625.996035147429,236.03126419677906,-0.06002063639260573,0.35392128104673803,3.516541074509606,0.5168791932358562,1.0066122764517884,4.671741971857087,9.376243905051055,0.5644794433067273,-0.038529310532946684,0.7361715454382147,58.84888373405965
57,25.005430646761113,7.982090771398368,1.4584997766908516,1.9956395173305834,3.9836804975988196,23.91138529543798,20.680610381276733,6.528367172315513,6047.000882981012,240.0067253845456,18.858842756043405,0.39794379891018355,-0.00985958063858003,0.9884198433225655,1.0024025243957815,1.7310749926064117,3.637536806371818,0.2685647287375227,-0.028139758284888253,0.08285580367957601,77.34118998662989
58,17.961095041561325,4.828290868975917,2.427051860914208,0.010421924593042848,5.012821281364124,1.984306870793465,5.711501829431521,8.393666680806925,14727.056626540507,332.9864448981539,2.9530174649561434,0.4396400009568167,3.139689417112534,0.5606424867265715,1.029010769123621,2.7527300625430207,-0.008040487697393541,0.4460551448185928,-0.00590050892947739,0.6219953196578186,63.803786688386786
59,20.01199063855258,7.287633377649266,1.023524392490605,3.9703599154599116,2.9584391844466653,109.97400288336723,4.737618421624157,8.810135878731547,7875.046974617823,196.06814723376715,3.2977559058817882,0.28451565391925226,0.6884682042709946,0.9523157931093842,0.9816605698554378,1.4291482789233594,5.618821353102806,0.18794994717070737,0.014079460342641782,0.7540310082764005,77.16997639572172
60,21.980459293186247,5.227404211960522,1.6730591832102661,0.9955842174769597,1.0177916215084906,101.01047036805885,12.25831832555304,8.550921624361358,13481.018626262477,278.9505525084386,8.34932888613493,0.10190546673180698,2.7629084962139228,0.6332743081627018,0.9400020428416762,3.9727112827775732,3.942444314448567,0.3305614649380251,-0.0101367139783833,0.4038290533079753,64.26266792023641
61,19.98414149954751,4.516128897088496,3.177018643927988,3.9940281233872037,0.9883447879864344,16.098571711410454,1.3660218886895086,6.0582299719135095,9202.04348241307,405.02926833829383,-0.012803741861955768,0.12301092383453713,3.4859358402436755,0.5920594822091438,0.9906809523957197,1.3557144560724952,5.388239246192916,0.5288784173264944,-0.04919527272230961,0.9147339624843464,60.75604784543864
62,24.017590920562654,5.212845587434318,3.9861619884850508,4.00554481100865,7.024766712246087,11.020854980528547,5.477522290237505,5.778883464240087,2275.9946534296228,67.99665601751661,2.016090011475823,0.6700252016964406,2.789241561995237,0.6352379752989509,1.0119185806817423,3.4833381518713438,13.722943956609681,0.6537238052508664,0.5896929486508599,0.8172041173572119,69.07153795240863
63,22.037148492143007,7.591600200943765,1.23241619815806,5.009982814359111,1.0288328037169625,53.0820788047815,5.75096346366297,6.879679133138347,14019.008974937016,519.0235514106873,-0.0008365644642482411,0.11121052430410307,0.41578299836484023,0.914151865221482,1.0289232237148072,5.76151481071328,28.753953024767764,0.2511345387433621,0.03820122420837075,0.6883449914426436,73.60806862983667
64,18.00063814730208,8.261629077913407,2.2100790452032175,0.0167948534648418,0.9498074796248278,115.01706309086018,6.332628209555969,5.036280629905629,3076.990954590664,172.00326861151814,2.0564277572073344,0.14405480213086386,-0.01120557166096453,1.0727657191406776,0.9792147099168456,4.214003422857334,-0.009547291043559296,0.3370942845199899,-0.01979834370452944,0.7738033518631678,81.14648022893776
65,24.009264990377968,8.215458829648734,3.391814663609796,0.0071292796889987735,2.9825525771031836,22.98110341287282,18.862861916215877,5.083518498481501,15354.961288948523,302.9438326481326,15.299953777099292,0.2807776840285313,0.01320289540201133,1.027661107493232,1.0162629957892868,3.5100718608888712,-0.02303733841570721,0.6233189483758032,0.04988371782530024,0.24510307437045412,76.22810228647832
66,19.051066448339057,5.974971545698962,1.629105252477036,-0.03632227879887494,9.97433416936178,28.010437482343626,17.49763712251269,7.187814682861179,7379.036116242254,319.00286381402674,11.554295415627784,0.9535884123483203,1.9762854718373295,0.8066072785773689,1.034054630968541,5.812709947133761,0.0372158146484644,0.3057238880920691,0.026066194265092702,0.2283864516711692,68.45616765578373
67,21.007222595384658,7.3655229020014135,2.6670477234611236,4.971845986827767,3.945618161047806,42.05341915798433,12.264615626866204,7.059600999152039,15108.015950962019,252.0100666756392,10.011150187713376,0.40869519871171267,0.6911596996061605,0.8985043122130035,1.0225375198931648,2.3050137093894514,11.41335992428909,0.4526284506485988,-0.03162474178396411,0.4159036005020211,71.95090479126239
68,18.078050493425412,5.017115216250636,3.181426311552502,2.98360777141609,3.9690240017137177,24.054886877889636,16.439263626866268,8.995099863215367,746.0005422042027,12.934240441044267,8.27757085479663,0.36424008980391126,2.976448971698624,0.611652091013007,0.9762809468966276,8.218176077535109,24.631744724683777,0.5693715423744526,0.1355210502455561,0.19385473746459098,58.01189067368076
69,21.016965289368947,5.482580550923381,2.7548042422588264,3.9915327822423032,2.07323767535796,98.98273987895871,13.274347494592737,5.807097517840089,16357.999925964521,366.05832144881407,11.60119779226646,0.1754300427957944,2.474600752309716,0.7176437252665733,0.979503208754879,1.7126046888619524,6.6897464050147555,0.4865366665139837,-0.009389398602684054,0.40213194400703817,63.74137830124865
70,22.947177117225326,8.481658442578341,1.5698712830951724,5.031523228714163,1.0182852968863731,59.00759551087098,3.352469901176158,6.017147348099999,8359.954813553873,400.0093362278252,0.05664180723737477,0.12770010825107458,0.03824500671852037,1.0928525795149713,1.0130501034902393,3.31151100643433,16.688046812148322,0.22796571308915037,-0.005558301776117177,0.8482813759127704,79.8091653927938
71,19.022600248633136,4.097211673801592,2.0645405401179535,1.9651118303944126,3.0575186390581726,88.95712199360986,4.72047569556979,5.457842135076416,12311.970675740005,280.02015963220407,-0.005517137416335721,0.3563069782613004,3.878546112856222,0.5171029115954395,1.048760209363753,4.762864606302171,9.44865198128003,0.3255112652439372,-0.07315138853253285,0.8675569230894907,59.18242413288091
72,19.011434751546485,4.392814942339347,3.4298792103653932,0.989277548554879,4.02487295320055,101.02474005874075,8.725988981456839,8.65756451347597,1329.0100845951033,48.96503411831271,6.006425120640144,0.3699792965097555,3.5895718565355668,0.6500580456942444,1.0004249547814728,2.780977516167563,2.803193177369115,0.5752390845511498,0.4688010521867025,0.554093907871817,65.71736405311631
73,18.03869258262248,5.0335050132658985,2.6790521445374584,3.0285902849464215,2.9777447051697457,64.04660064097168,3.980256128455375,8.14379553681057,474.98412661998174,42.02071852566437,2.9882461779293816,0.27787740779953757,3.031338133798483,0.6165831762303895,0.9950401684201128,1.0289333843001365,3.1769058337104643,0.4547863074233742,0.3630784701406315,0.7253695772013099,69.28432035980731
74,19.0201954405381,4.105592485092321,1.0037252705423385,1.9910036757651017,7.988546864099779,83.00119398362348,5.588286249711151,8.260784015389202,4362.993468608764,201.03268513378688,0.004179252277078055,0.7868039311277355,3.922500041888146,0.47441610289092945,0.9589114760466125,5.53356433860863,11.115454976714588,0.2059105244522723,0.056716797160831875,0.6279719235155662,59.97171507740539
75,21.995846320480485,4.878051047832744,3.2885770978841458,4.013812469495285,10.01765308540721,117.97997847836919,12.982793733869924,8.604390854615481,11192.996860318057,300.00760704684416,5.58707810672412,0.9835657583942372,3.1492362164998458,0.5824233487825786,0.989071393605274,7.366829787303022,29.45076899415932,0.5590617252198241,0.0068077687912523185,0.28450565328461536,54.80022136488552
76,18.96327105291132,6.956713220554674,1.0619160420196156,-0.004186261287837106,1.013125186104191,27.010803928538326,17.807930355646075,7.05785704334999,6505.979525936929,264.99971885324436,10.221662603347344,0.15799877541436105,1.114484055935125,0.8542578153192233,0.9785428553824663,7.558967452186606,-0.005591500220993862,0.14527179187628167,-0.023940461407821963,0.231857459020024,73.75184574011908
77,20.99372930228142,6.101479249945607,3.1949509873048507,4.007703497719742,1.98267973952875,15.012523770940895,11.214793525816479,6.789593768243297,15928.9709624504,287.97319235625304,3.24021759318034,0.18408296510936642,1.8819880183094186,0.8080632501647494,1.0008159812254873,7.925973207899723,31.811300450133608,0.5169735039615465,-0.013155921540080022,0.508351685980449,61.27017926562059
78,20.97448438637372,8.523065190279066,1.6179730999559079,4.993145823685714,6.954700204882624,46.00243431495549,6.568675818195749,6.269610935068801,1509.9516292710723,95.9935137924665,4.8653651735840135,0.6883674425642161,0.06171433946867698,1.0569096841355996,0.954615280211945,1.612298588922835,8.355345979319914,0.2889585788447307,0.3071276265634572,0.7257368623058144,85.24579747444389
79,23.98258429650586,8.081753204776657,3.8637672182236993,1.0200119641818506,4.098632835621662,80.00536145373007,12.815707183752002,7.382389495676774,7017.995604451629,354.98463911457225,8.673357749576404,0.4484853241952448,0.017462422336658047,1.0594815629509842,0.9901422863681887,4.202061729524737,4.200814571650354,0.5953215321701977,-0.011338615056870388,0.45905141744012545,74.99084138795618
80,21.01765735213262,5.710893468832336,2.1242733837219414,4.953648307777807,7.995765509829716,102.99478555448592,7.9758379498980325,6.842995113010168,18213.01855825643,482.01715986912177,5.920495561577116,0.817300289346179,2.29535913983595,0.7255327534613437,0.9697319696271645,2.0750546058104438,10.19238133771432,0.3076592331892567,-0.017560385673159762,0.6370868273420554,66.06954867830305
81,24.050097135130542,5.309333299734296,1.9745083723556691,2.9891006397483437,2.9902278332045213,91.02987864784679,20.020608156763668,6.833525105211734,18192.950690975733,285.9745037222465,11.261083171788833,0.3295769769884773,2.701723966491016,0.6950010788908154,1.0282068791751655,8.741539151866156,26.292102903435115,0.3221536879394499,-0.016596255151050805,0.13892579711528183,58.518845219835896
82,21.011840145894688,5.8433105212371155,1.3855104822178146,3.008897180300829,6.003400033917159,57.022086823354954,6.244033346382791,8.750866174405234,1867.999278565247,96.01693952164511,-0.026331638409651734,0.5728166138093282,2.1053784473835213,0.7491150587988041,0.9742248292637055,6.238491540887075,18.904776556716495,0.2611347916444193,0.33114191123125,0.5814119455819212,71.24044255046749
83,21.964123508138943,7.060458253313819,1.9159204936903014,1.0160108574401858,8.992718142320669,74.97050690558568,4.92190778180165,8.913603887858697,3588.0084342975806,-0.025169566881889694,0.9426880380901296,0.884094609504728,0.9928956437563202,0.8863774401986582,0.9828295228705077,3.9464172312407935,4.022285647970841,0.31016422391463744,0.1827985494594948,0.7208014454083239,77.7558065929445
84,25.013338080046605,5.338719333827676,3.5800969152834154,2.0447885786826148,1.0036818672311645,25.969682281905243,7.16758629972547,8.16598978103892,2275.970312587888,67.9921294233752,5.610320117481922,0.0688084492696312,2.6587243319424854,0.6850813180331822,1.0084637957786382,1.5693657639390388,3.208602154121138,0.6138279790640672,0.542976351054966,0.6054979321037809,71.5436299132211
85,24.03589894459937,7.08808414051562,4.001127245780076,1.9882692599940328,1.0386084185834925,116.9923687674892,1.743539068208493,8.075905161656616,10735.042664254346,257.0184813319104,0.009544918304190684,0.12403784638107448,0.9488016315673978,0.8704987455374276,0.9863885326748822,1.6672233649830475,3.3587389012201325,0.6668111151820223,-0.027829346114322542,0.8204937173686347,72.35858272124544
86,19.981706512870417,5.966931907786324,2.0905592751363575,3.044384452855826,7.996263545609407,52.02210511372316,4.652081545678095,7.763070313113993,8953.988428538929,323.97888609840044,0.7065991336904286,0.8367572962335034,1.999344977714757,0.7333285936635754,1.0707835786745896,3.9182547858794474,11.784155890448355,0.3457744373586824,-0.03312281352590941,0.7412356993010242,67.78768102823565
87,22.99597948499981,6.810426848414107,2.3038810402011145,2.9802292852002097,2.9651186868201673,41.00444172241672,3.058756854126193,5.6636766547085236,4925.996962209347,195.01951609466934,-0.01949400975793884,0.2820067689245546,1.2055048953810794,0.8604864095849378,1.0279154547183826,3.016046403860626,9.107993946503715,0.3637197364219528,-0.024709016335641678,0.9475093483702111,72.7775948359561
88,18.000440645841877,6.202600930982432,3.128577826834295,0.03985939234633932,4.995150686165641,57.98070548769632,2.4349342754115,5.22453097897759,-0.004838085017939364,0.016589824730141044,0.009482345764608428,0.4890727603128717,1.8623443217818343,0.8332333442651807,1.0005161973494265,2.4302923168918644,-0.005470370291668832,0.5585281022727513,0.02690586654574707,0.9957226423597635,70.30495214242798
89,20.97645305060753,5.510670068456897,3.645109545543758,2.024524013800951,0.9860679465577027,46.007845557901774,5.141060272333148,7.8010587026809555,20668.94687676732,297.9918714797987,0.05123060151460111,0.09038529804884027,2.4795014421034725,0.6412774032419906,1.0110430415634102,5.184725485323957,10.367896365631392,0.5790386301543937,0.031090676422206566,0.6821380127317701,62.77116741480532
90,19.019448413015315,8.705747321885822,2.818479010181405,0.9725962426110333,5.042716968117405,92.99007568441434,7.83504752012887,7.899164905158456,14461.03026256215,273.0348534960407,2.563025115263748,0.4535832802016547,0.019664559741423126,1.0266244314167992,0.9293373043709324,5.3164731134534,5.248557956141889,0.45965695413437047,0.00815121158169223,0.6285944815739515,79.44210330422835
91,24.996371555541767,7.815187229679178,2.2311154421694717,2.0092111771175545,6.0351335719421275,104.02641459380672,21.952762377754116,5.196865476242878,6798.9713344369475,279.0023335302593,19.86100170311902,0.5797853376672104,0.17623103949290067,0.9670876849131416,1.0369517552113148,2.0648965745466192,4.192172157036612,0.4010505468074685,0.006444383287293899,0.13215527698144897,75.07717185540886
92,21.01258597331721,4.743419170981754,2.1726853988940547,-0.0015370750659657463,8.003225750012923,33.00999175305201,12.217626333328466,8.750558719161955,10146.992904384539,335.03306829579753,4.8367818385148,0.8231979864429081,3.309630634876363,0.6184254124148123,1.0153569000930152,7.410656709749777,-0.015488953417324858,0.3437392897424735,-0.02009945816400094,0.4075444321940704,61.72745157926781
93,18.973375234665937,8.31704309615386,3.092679149434866,5.01876753781025,2.9616379243554225,35.990541654376436,10.043492922463466,5.334909845010062,9261.017929830039,355.0538039477463,2.2040151634752556,0.2737374448666472,0.006045172387540739,1.0390412825704056,0.9978052653121773,7.882570498258335,39.25756967828272,0.4699765461678966,-0.062432793933807934,0.6178848226009304,70.87450390314008
94,22.9868762509903,6.368510335032702,1.008841577587069,2.9933018523470007,2.9632232320968015,5.006945563161394,15.648912136315193,6.164876707569113,3761.0438271027842,199.99276096934895,9.57775819330242,0.30278945586614964,1.6237180329142091,0.7649201045955487,1.0169754904826327,6.0632250296813535,18.141201635850727,0.10316183996306119,0.004315548997390447,0.361779879975772,68.37278592420172
95,23.021671440734835,8.540876885581374,2.920796528049761,2.9907826132301483,10.000453697847536,6.039451441785726,15.275656588568369,7.705616823875316,5163.967602031543,237.01934864952082,7.416429273674248,0.9607594307660753,0.03624506153071,1.0648728049059917,1.0206354773152841,7.910459419184976,23.76099712976045,0.5033215715118942,0.008932093642983507,0.3308891574573629,73.34213636387246
96,22.988815005437246,8.049218436904649,2.0391696818498746,0.04107283748288554,9.010089689079638,94.9829110977036,1.829314378310178,5.678814503733053,11547.986605492431,287.9808729622403,-0.030264938473518785,0.895679972666134,-0.017385632735990152,0.9480108036135052,0.9875088244799125,1.8366926395647087,-0.030644054010203238,0.37200846835368334,-0.020210252628500437,0.885024907772115,81.23951717848787
97,19.051808915537002,6.1945617020353625,3.3734187925906487,0.9970383731663298,3.988761315420218,95.01207970944941,3.2744024241661567,5.1901969920260065,6375.0414725589,330.96901556771473,-0.020041317235455346,0.3831003653624198,1.942500245221718,0.7813675118262252,1.0114048612348525,3.2818958669193905,3.2737238919103957,0.5563397600480082,-0.03228215603834905,0.9070612192595187,68.66418835126541
98,20.988010914431563,4.066295179002812,1.2900226186045038,3.024792669725753,3.985594912473783,115.99788618978602,4.179898763635213,6.298266807196902,9685.013911416378,352.9941362102784,0.02297441441761177,0.363349855486487,3.94462442815684,0.5032267595064072,1.031461736244601,4.116186123356227,12.567644934639045,0.17853581598935556,-0.03820246745550762,0.7778313007482253,59.8485594170711
99,23.006740541772558,5.307286460394508,2.821094205917081,3.993239455448674,6.98221602300464,24.01280951051586,13.44737662560627,8.06868353218552,4503.020135140771,145.9591219916075,12.250103210959859,0.7237115828846533,2.692500438459195,0.6600390250136371,1.0136469322960664,1.2092328196994697,4.901300936409337,0.46228375548823963,0.06979990451230093,0.3390086876857513,63.58384644836915
100,22.02797772495619,6.6375370389043304,2.4749529145116447,3.049999897776826,1.9992981811926815,31.98036305175213,21.676492414642635,6.607299896153559,2717.9684660479265,46.97187176661058,19.73452577930533,0.22539882083603058,1.299802522557906,0.8503155641153343,0.9924218203828798,1.9767324486415274,5.907992875952233,0.43534283405082985,0.5639987916166858,0.06836247186695274,77.12205479457941
101,23.957449028012007,7.216594474691377,2.8931598281957083,3.9796499611199354,7.928517129437808,54.00331006299478,20.305719699999376,7.613922315770548,2523.9886237141022,168.01774297797962,18.96205906210117,0.7709138386329208,0.7851694964015167,0.9061706675212833,1.008899522849736,1.326251062397931,5.146140777486283,0.44525442584456254,0.035836689585155415,0.0560150384295417,70.56121665161358
102,18.947175735640577,5.283553991054997,1.1577906761368804,-0.01842430593741554,5.966960201136908,57.033234698472505,15.437066150087473,7.33623152952185,5001.994964937028,243.98459052953655,8.699242077184831,0.5935144960741882,2.690836763584691,0.6462622127880666,1.041467171908679,6.748633654702832,-0.017982639590204783,0.23174523259017063,-0.024163291802719755,0.2842250327705673,66.05433388989078
103,18.9542303105629,4.757703373844749,2.712068042316039,0.04573551543347709,2.9811884746365793,5.971889790562617,21.705549533428012,5.119556605184273,6221.97426315728,290.02131542261367,17.805574556904116,0.30132956049217346,3.263895730342498,0.6185083851293941,1.0235192782304636,3.8122824912629794,-0.014512772145965672,0.39914312980141475,-0.008638049736962921,0.09297850616297784,59.6405673819232
104,21.037877523102814,8.176761550899442,2.7396298736862215,2.9866516082731422,9.036225095848557,114.96011784690025,21.69451932459177,8.908049287766193,13540.94976291123,399.00898235814054,16.07766980885702,0.8455571463861645,0.023326073169875717,1.0489079769391716,0.9651079853718387,5.55589016334705,16.733572095783277,0.4158904901988556,0.0005160177705311945,-0.017798398822176275,72.71048589414683
105,18.983444255623226,8.849324508860983,2.703240423629385,2.0480322291849316,4.975585590742132,55.96125633306539,2.7918979353866953,5.209487418914838,22243.984685043237,406.0555346218606,-0.00573505585701707,0.45808721820817905,-0.06150881677574315,1.059271474233272,1.0176005144263727,2.773931997317292,5.486903009912651,0.45327831029251564,-0.016495772351383744,0.9353555453377446,81.73425219901891
106,19.07674597857005,6.585862087778924,2.772800543645371,4.026755217387844,8.005414044254936,10.964880124093995,7.195805556323455,8.920860904825398,12109.040628645987,324.01573011856726,3.9075209213351303,0.8385885330910035,1.3790871544771197,0.818092719855822,1.0136247371557556,3.1708402704548972,12.921030462295597,0.49509624267811975,0.02517047732873079,0.6076302464282374,68.67292505982324
107,22.983072572040278,4.840735366863486,3.0287398182444005,0.995360508803175,7.0067962825279295,15.01785969863678,15.479869792131012,7.212304547031408,7566.001775203967,268.0334265421084,10.89584100715806,0.6680461931049229,3.098615138467913,0.5800913961891118,1.034923405711347,4.669218867614676,4.673941206125046,0.5441492810915934,0.03714438282085624,0.2806686374325347,60.017027553771214
108,21.00553653909591,5.42253298363522,3.419906368554953,2.9456011958394854,8.038937495169822,78.95782420942403,19.197733114750317,8.81885854255726,18229.04122872741,454.0120565398938,11.44118498741339,0.8377454932475509,2.6389939199128376,0.6369582570241373,1.000984585387894,7.842239486958691,23.41832833125905,0.5964193622310715,-0.03316701256139832,0.12066707345612064,57.00303437845572
109,23.046263298577035,4.03804750861231,1.7692175746741312,0.999420450871845,7.037877322208924,41.9910631396577,11.26629778157239,5.450156721349193,15566.005370627427,440.00934180503236,8.23249267481608,0.6596375897685001,3.883642662920943,0.5285540087053485,0.9889197912580394,3.0680880138015945,3.078563582248481,0.34656794743064595,-0.013742495412316761,0.5706548600643351,59.699152201475286
110,24.060182786644774,8.600853727435494,3.51144276852603,3.003048901606003,2.9982749109361526,116.01854867909933,21.871026828857715,6.958572082646445,2816.9770587681123,90.0349419912634,20.26324726588133,0.31976483331421207,0.012835550133077335,1.0624221615800427,0.9589550555662918,1.6700593538922985,5.118544576388188,0.5887951479712215,0.46579914886376683,0.0909183388161198,81.67267085639443
111,25.061845107299092,4.537665645404314,2.5299179670297662,2.035016531999131,1.9857354577643167,99.01249977181645,2.3073161695758384,5.6881139052619165,14335.038328570397,346.02006392397595,0.02406575348049328,0.19066090677468994,3.3975704765664934,0.5707168505316077,0.9791621677902613,2.25393749723499,4.617666080359528,0.398019028657046,0.009694919062788868,0.8647933303840245,62.50651746627892
112,24.036250986917793,6.890391065863901,1.2354567012767668,2.0476534152872032,6.980085006915229,75.98843323060113,13.311614583247628,5.200659446579309,8701.00636978422,253.00630190838874,10.815879794429772,0.694877011925369,1.1283535670141696,0.8424094519866883,1.0362383670925688,2.4761836253257146,4.8749775418421475,0.23552259107371945,0.0035163539944865667,0.4889208596007767,73.94350407251453
113,25.030721875774343,5.4493013446741365,1.1980065307407162,1.9794503846256877,2.9927681033260267,6.0057277119526535,13.566088701876964,7.478434954286838,2100.028855164973,96.0061696399779,4.15608423836609,0.3556780774060189,2.6112675724687207,0.6861052635845949,1.0059386946009754,9.369613211480948,18.71219524869299,0.24090512059092622,0.3414872109810412,0.392503061109568,68.02481029542814
114,23.017775808476035,6.810819436743074,1.9892576166146205,5.024035452919645,2.986978999370292,99.00321435989213,13.830754038136728,5.827277597279826,14989.967950154867,232.01614687935492,5.555863666682875,0.2623744009704395,1.2249062816411918,0.870350406559571,0.9970063655971907,8.266522102287999,41.344378647603904,0.361258025126061,0.01967668328866757,0.38052761120361567,64.46396757599716
115,24.023350832285,7.2740951918510515,3.4368182146624378,2.0229620646804003,2.016608822280747,109.99327277133355,20.512862263588605,7.357953212835367,16674.031162688687,291.9798587944162,13.777585563012934,0.21784394588783212,0.6834809525453625,0.9776076458892897,1.0388687134777768,6.711853225313476,13.39670576857207,0.5850434871798896,0.011674913902867474,0.16034410341479033,68.55508419491075
116,20.983464428510143,8.099063895331827,3.0636951849105736,0.03220238107231335,4.012609294524556,49.993674958440366,8.627984861122766,5.436184297365161,10725.032066678266,327.9785860160158,-0.0023333889302869703,0.41660468990673466,-0.030420746824750076,1.0070707720650554,1.0326880740203797,8.604937941489407,-0.018698103479700093,0.5584258163720228,0.0064078503771139595,0.6454864570608825,78.46475262236174
117,17.975454033497332,5.000540506161333,3.41315737872763,0.014960697364066335,8.01775403573435,72.0670628230427,6.589130636496394,6.319854398490526,10677.008693014332,206.04276217797118,-0.06513373132669344,0.9006372016749914,3.011013849571601,0.5815474757567347,0.9779276333911597,6.612637174221364,-0.005235810995386436,0.57692580132046,0.0002872515664838863,0.7271490940464197,62.893217651628795
118,22.99989876627767,4.114178910375302,2.558899201179067,4.941725069271147,1.037778511343085,31.024279327117938,7.771771921420713,8.112719244885701,3334.975792337426,197.0559324099158,5.123834775277363,0.06768607539304343,3.8853681594288227,0.49738318928705444,1.03602989000879,2.6394049194066356,13.369486740134935,0.4327173968590572,0.04044672920762336,0.6140523255050764,56.41986057123477
119,24.994894461324254,4.658994249101576,2.331961288167788,3.995337327024167,1.0558860736420053,74.07441952752536,19.10596348402559,6.807517786035122,-0.0013802648613783569,-0.027866473752304975,10.082591121111559,0.0812204561948969,3.3009097161554988,0.6129117976414498,0.9502425690796259,9.002238231809983,36.15565610856276,0.405098977313298,-0.007988521746381034,0.17636881987995345,53.26169697282967
120,21.986403158520183,8.517777018215419,1.392258634531665,0.9653287727524925,5.003739901802227,6.985091106012385,9.87647620686597,7.553917023585229,10319.018338734417,328.9799301670268,3.9943022887972526,0.5244776685749766,0.009518248207922702,1.0393206442960907,1.0137863482570126,5.876528590323689,5.825638268390076,0.24766072347538037,3.711052806081686e-05,0.5686581755071395,80.67081746882222
121,25.0208916234237,8.318868251051917,2.038057497069424,2.993921826812458,5.032983913141869,95.99745100209336,10.054640404591279,7.606658825700408,6349.007037100598,186.0342756845851,1.801181884292555,0.4939920842239441,0.03725722591964174,1.0055361720163507,1.010239251921816,8.28373593948691,24.770957031930998,0.35989206698337556,0.04655980596523246,0.5752730626962272,75.43762150815259
122,22.028659156257117,6.981103463429085,2.3147423826906657,3.029400127084017,0.9894501944849735,85.9600362270417,3.7606241207131763,8.419759269918034,10690.018032482143,292.01600559979425,0.05894480824979744,0.08610847129804752,1.0235971193017,0.8524454694113579,1.0344934573791535,3.7714635977733595,11.295606873575732,0.3793752434101382,0.009771795437934234,0.7108783170489914,72.57812648450506
123,19.002652206588756,6.985351784726453,1.263303393098142,5.009154525076249,6.03555020950749,87.97571299593731,14.049304614783045,6.323953840169336,13755.030367377229,333.0202928431596,10.173662572135365,0.628725344649695,0.9795697098167809,0.8589990224675206,1.0114303502873652,3.844435894861437,19.331825372852595,0.24394417609161373,-0.0019975722101638164,0.4059843821367323,70.99295714285456
124,24.04432590243166,7.318999804782137,1.7427388319623172,0.03444272599192298,1.0318452747152753,119.05705739445987,14.204092807542018,7.755438134785422,6828.980546600399,179.0268980388456,12.293762202749276,0.0920029469108884,0.6656493328672735,0.8800199135610602,0.9926631940359097,2.0134230186120297,-0.006753671455634805,0.30906182729762116,0.018922400599665636,0.3628869723499813,75.3881732934208
125,21.965749326575995,4.900678925580307,2.846537357992832,3.0102526176214064,5.03025247909829,70.98433897130475,8.976221473115938,8.804832859769409,11036.965347731371,314.9927780351477,5.96496363580763,0.47324422788855747,3.151221433142633,0.6190242954234931,0.9950331177684976,3.0402941185298595,9.180319033290015,0.4730671449470085,0.006818686227196687,0.4568421719310779,60.4755504071285
126,24.994190216221607,8.557833108384312,3.2264685947779768,-0.03894977819006708,9.002822095235747,44.05757843900433,8.672721395651653,7.9121350823962455,5696.998873835959,183.0098990977497,3.894504854244405,0.9217863046428595,-0.047479790159230345,1.0726293315637982,1.0807974696022986,4.883016101468775,0.02390362819195075,0.5108242940019618,-0.022173456687893715,0.5890115318538564,79.37691360710834
127,18.978495330381914,6.070450206225489,3.9771523640489135,3.924374589802818,4.979949255080274,84.96269913217961,12.147635223615797,6.94994886323945,6063.990107705234,209.00756576452093,3.769535225260611,0.5112586402408358,1.8864249145692689,0.7861911572245639,1.002479213439448,8.339728203620295,33.505505736913456,0.7038853962243949,0.0073530487414444875,0.5049460711237265,59.30566790251877
128,17.944003901487807,5.905960400286423,3.7908195813692775,1.0044642628503877,5.958164146864036,57.9683959289778,12.702395705073078,7.486007744807235,7047.023575392394,254.97424525199264,4.002004170081829,0.5906146021318207,2.119357344609663,0.7241242049522324,1.0179122707584267,8.730816620216487,8.768563033345668,0.5970436095030804,-0.02426301906977384,0.44601660587030123,63.452468857721264
129,20.99751957942472,6.597627979744063,2.904362816522173,3.993582206009465,7.998798883774367,2.9897630633692973,11.620339971351031,7.915415131761802,14686.96776504831,281.0094527282965,10.588682131175561,0.7891909544371994,1.4491628374085013,0.841741943057055,0.9393651472010344,1.05802571081635,4.301492791666308,0.454602160149812,0.05480317027803888,0.4473200132772471,69.45522588677446
130,20.9963475747485,4.182626276710928,2.2788886880200567,4.970691627818543,1.0459903762674756,102.99808750234962,3.9402830484094973,7.464781580397011,0.030611456225330385,0.03713132088449004,0.044143539077039926,0.07255280185178312,3.794310154246274,0.51023187617929,0.9751792930553596,3.9454190144172268,19.60185787514269,0.38837401876215494,0.007163308498560431,0.8224337890639972,57.14278433565372
131,21.045403492297265,4.78557498631464,2.950770397173896,1.9489811825104586,1.9907046529590777,66.0276926187735,12.31353569851507,5.079735129671125,5832.040608363286,271.9899760028347,7.564936104314208,0.22175290565346026,3.200820289828127,0.5661116291457379,1.0155630413389338,4.7556466862174105,9.55538684196128,0.4080963483121632,-0.02814622231212561,0.5361402049266899,59.849688342370534
132,22.018924350536643,7.720885039914779,3.404329794151781,1.9779577035958187,9.023553797563801,28.01352311251559,2.2768893754571455,5.7449780905979715,3915.000009148928,231.00457707746222,-0.03766252693149868,0.8891967654823688,0.27374917735207704,0.946209425942622,0.9515643242943583,2.2611304704604867,4.562622991445176,0.6129554466918716,-0.011778925850912784,0.8754114975547387,76.46130417192245
133,17.969274395270123,4.384469222813924,1.318899558586779,1.9941652554540568,3.025318542015568,103.98751054227968,11.415662396980206,8.217623644806915,10694.001822083768,309.0062012674803,9.355023617185616,0.2769046228927899,3.6037984833640557,0.5014519843284911,1.0164819650100176,2.067040569491733,4.153298199811988,0.23377410051691605,0.022787347519551263,0.41517649715201943,60.965012304461666
134,22.055622776990024,6.997357262679127,2.210180674382687,4.019976334711192,5.991489413372185,27.996000525804458,2.1247007688610937,6.124836668194625,-0.023026395036904592,-0.00853993651305812,-0.050910594399705474,0.5614333449842444,0.9654953806209736,0.9286464691994893,0.9782462393674679,2.078042759599233,8.259343788561651,0.41285116394546395,-0.032733871027709666,0.9023312767595174,74.28500941687403
135,24.03663101086576,5.265098097642417,3.4895552780954806,3.0056589324470395,5.039490345125586,96.99042811240646,4.512421411801793,7.903669104594503,3754.9837201730306,202.02030703713083,-0.010085574108658568,0.5117646307372651,2.7774914514034403,0.6542749924335801,0.9689844607013357,4.507878085177178,13.51461972515444,0.6374543413201254,0.08161393038457297,0.7297481554517238,61.09228860276895
136,22.01746293110406,5.857289520893483,2.1977522033164467,1.0482420174151819,1.9127401776655848,96.97256038794023,14.460221678345771,6.4951239671180145,-0.01225010041937051,-0.02040196893764962,10.486906024912171,0.1847425106326101,2.1229167166241543,0.7136377932900861,0.9781349123911532,3.8852973166693543,3.9212801131096757,0.36202172642476554,-0.043657585310170346,0.37717310731048864,66.91074643888419
137,17.993205477034504,5.344444718052761,2.6889414190264294,1.9689318783186383,6.963317491637855,26.97336111190195,3.870560347732726,7.084306651012961,4500.043288202035,196.03997936556087,0.07131672877532302,0.6396197405803278,2.586992695494142,0.6636706751315382,1.0458261657443308,3.8638187444764514,7.685508789756147,0.49046253162451453,0.02776964642554146,0.7836024903573034,64.88139744283556
138,17.971216822898295,5.823507689943958,2.8242113924982006,5.026431766761723,3.9725310311092463,76.03083651674301,19.683589684882353,5.285190904131862,-0.0021561235743232194,0.01878616684896736,12.37238582830166,0.36390193631067863,2.2275174676615923,0.6514860805027979,1.0100025376447084,7.33169489311535,36.62224122431331,0.4348633238509592,-0.014598276135043654,0.21656530571885696,57.91023905921406
139,23.98883379671787,7.579640708161176,1.6335906333566015,5.001418962293862,0.9754085493139784,77.94515505216219,2.5430165607122097,5.694316770420307,11008.960334811301,273.9718969419798,0.004186124072491157,0.09299209193023053,0.39539478620052704,0.9930305967521544,0.9726869086674722,2.6404940194638176,12.88591691011844,0.2796655803330786,-0.02426598904564749,0.9497104224573385,77.26966127485
140,18.032662458591126,5.490452874167722,2.10849159486776,2.0208400737235577,4.010087888535577,86.04852076092335,8.696713342778269,8.832702504326203,8314.007660630263,347.0509402905466,-0.0018909727210587735,0.393833870052485,2.4589347972138755,0.727596441326427,1.0232601955692433,8.72166921762939,17.500005018963364,0.3357983105078474,0.016131959727548623,0.5243400421007649,63.01145877263293
141,25.05653758917804,6.776565308656067,1.9898206643858551,1.9869045541020336,6.008701134091617,42.989710173231934,20.830256731468115,8.565061677320378,5974.0247887037385,160.00504304383784,11.157711618378048,0.5926937324888805,1.2350509582713391,0.8532262571248028,1.0248921503227562,9.636844382201934,19.253472138652196,0.3542279103872418,0.02642295380780465,0.04302816112141129,67.50717027829066
142,18.046297305848167,6.392205995776975,1.0987598838557249,1.0321504112167177,7.01181971716525,88.97682474180823,8.44361181072508,7.616905424186877,14548.99923765892,184.97831157448294,5.206534112772113,0.6885173166529731,1.560540217448443,0.8095838688819023,0.9885607569759208,3.2744116902460867,3.2260612504936867,0.20981053854558684,0.047746585523845766,0.5141823552143454,72.42882629347523
143,20.985334517346413,7.34795614336289,1.1005879884973289,2.0088567427503574,7.017882444823974,3.022192778720918,1.5518446006123654,6.842372215738878,9557.044076403192,353.0331366357497,0.0030864802841031737,0.6557243883179076,0.6819463747341817,0.8744696966922302,1.0287752087528597,1.510214907484866,3.144766591391221,0.17853609629590395,-0.04203875624985901,0.9046126488760667,78.54397272385621
144,24.96641147700133,8.724063853758542,3.4759270988040547,0.9796166504524675,6.971496862925631,89.04455649752441,20.514215038868194,7.710338279617823,3409.023325260018,147.01484014558343,16.793036956785464,0.6737635442755284,-0.005990972458144298,1.0516509031421843,1.030202489067947,3.675713283914712,3.7432918105888784,0.5996779735069273,0.016868354251262173,0.10635504413981522,76.00895691735542
145,25.004226587407334,7.7258667053566095,1.8173678594571372,4.999639279132604,2.9634547179957806,103.03352897324812,10.355607811576634,7.535753109961524,6348.968526138104,185.94684120887297,6.75083318216994,0.335513309594523,0.330174858619776,0.911581115524368,1.025539959020402,3.5204574887009343,17.80033443054431,0.32834118908676607,-0.008256675507458074,0.5449055020389265,74.45623284912907
146,23.946946819033116,5.0575131883262205,2.613801269715814,1.992813324231887,6.011889590460236,8.015055561480796,6.3384593508713,7.3468389333031325,12021.983457015627,262.98423019048266,4.953570353326173,0.631086843805592,2.884205455319293,0.6326679574267923,0.9797874390028283,1.3087453192350218,2.619312087286737,0.4389679373918218,0.00888836664419375,0.7189364072832302,64.05469930424198
147,20.009695031425544,4.1654653879034145,1.9462132371933,4.014675350519134,7.981093037790607,118.03260590469165,4.9773657494509544,5.220823515776399,2945.0067867884427,145.00837292011664,0.0019479893571807943,0.8173385534703216,3.772198485125897,0.556831062145978,0.9646284432167254,4.957503367621744,19.882514788124368,0.3928378762230751,0.015422844943964061,0.8332690138213174,57.8962871331958
148,19.995571922411038,5.214827640215437,3.837660493408654,3.964606697518765,3.952885748638961,3.948505072685684,13.372374700954005,7.460452710589426,6087.950014322859,285.93521299967074,7.772162165498804,0.4146850781212201,2.704880192146812,0.6510035611389297,0.9492139802739711,5.485613343849533,22.111719667524262,0.629219174610137,-0.051948555655467854,0.39408472362105595,57.611727792464436
149,17.986018904943954,6.975718575367518,1.7794297524722962,4.999119448936529,8.029140328536245,54.98434508375536,17.674725670589826,8.097864859021659,8712.010090702124,286.0025521025616,16.21516497526055,0.8271426772419648,0.9935810283032014,0.8854308749053285,0.9803345608255736,1.4558002491595363,7.375851656958234,0.3496756883481099,0.007020211992549907,0.15523502971132655,71.40733398476617
150,24.952158907981996,4.32870109559157,2.324608951235269,1.0118592175794798,2.041853057195069,94.97266489819926,21.105482493548752,8.985587573797039,22358.947152527184,362.00473938118114,17.610859989430626,0.16637615787523702,3.685978282028825,0.566865016846807,0.988965671248911,3.4368387436975443,3.565215903436317,0.41769507133329925,0.0326716018314611,0.025350550286846532,56.97089486456006
151,20.01540800319709,6.515508395472451,3.5714713985071658,4.000990699215791,10.046714826690959,83.03673916193645,9.813820612291671,5.071831255775508,4790.0307030036665,104.96449524352873,0.6717730310251944,1.0009878510027084,1.5064945606946354,0.7637769796606588,0.9914069174164699,9.189145947139233,36.65030132999485,0.5442031366496566,0.43836661388860254,0.610394852098695,68.58691416287158
152,19.98401897481014,6.993354602111436,3.5208779630282256,1.0404082373316699,9.005610231644242,48.98849565943228,12.51809519818171,7.92854657699146,7007.027218210544,148.0081193465878,9.337581915273915,0.8663919854805913,0.963892113538206,0.9303669627613783,0.9985838943774538,3.1393531966472303,3.1471838776951166,0.6281225355712061,0.19354105170012798,0.4200101598471849,73.60419492198795
153,17.96490249492869,5.699330991488458,1.5845015740371968,4.0232206832221316,9.018777962879186,74.02536219670345,2.0128062510890166,7.291758118185772,2759.0151434408276,120.00022391517375,-0.016889481416308003,0.8669125659070418,2.2483447837710293,0.747219611622938,1.051989656476303,2.0677064896752326,8.294288568526863,0.2988850164560291,0.13002335464359085,0.8608287216276509,71.04164468085418
154,19.913832133601552,7.8793334337227385,3.3693024032987324,3.9997755760977776,8.041096046700858,14.01607570827466,20.686706541324668,6.773867197876317,6434.9797236490695,248.96426117682344,15.342770388138902,0.8110419481324083,0.16416190321804736,1.0029167815328128,0.9898126848030527,5.422681092808876,21.624407879201343,0.570091044229865,0.015238511369495621,0.10586491423285227,70.02204537176854
155,21.99917455284848,4.5061427664720535,2.408401360280922,1.0065006729249302,9.980757526299296,30.97413079191509,7.606779595326471,5.548063417652415,7937.005106084738,310.02758681640586,-0.005716118691809434,1.0284025131740762,3.5031255828008474,0.5902228359160822,0.9985367765023098,7.6211523172815205,7.570068175632782,0.41106620468222477,0.05628321526185929,0.7333705894932224,60.43702323610422
156,19.05316754790009,4.422976348384418,2.319762986155376,3.00886996654446,10.033320330521622,26.982391253700712,21.526541331630284,6.59840319823657,9892.984598675375,276.025135613843,18.26583004517614,0.9941845259673239,3.6052254264588677,0.5791322890982521,0.9454722448315128,3.1596002623223907,9.519117779495168,0.414783727851617,0.01985607056707774,0.0951695416389378,56.43018634404474
157,24.049837776436437,7.551523396377686,1.347470732767843,4.012098988125005,1.0082618870242963,21.03881453072444,18.406775255021117,6.3955018143858124,15127.969075541676,432.99130788739444,11.381867403997134,0.14947001296628504,0.376540318579688,0.9587791965976943,1.066839143936141,7.062773649322651,28.170861873074536,0.2745925926354477,0.034731567513880776,0.22431125585711673,71.0367539611656
158,18.986287112302414,6.50898943063512,1.1946752434867716,1.9452302601300617,2.027411349570278,103.97673552053946,12.429453576372074,6.206832211221339,10203.989837709647,202.99404256029825,4.6260287026195375,0.20635352981136612,1.5269309653048204,0.8553483385867771,0.9605227779791466,7.90104337620662,15.72486121349452,0.18760770397424764,0.02799050218318581,0.4567348627247357,69.65361392506045
159,17.981933638189147,7.42797304612864,3.2024732529990456,4.99095421112692,6.005582790626278,16.003746028305866,12.414085002219293,7.9229531287177375,4597.020947966094,229.02178791812787,9.307683394897529,0.5766964340275046,0.5839954421956243,0.9114201895414764,0.9787943588653193,3.108372388497801,15.678243713517102,0.5809134059637228,-0.011792365938223203,0.449319397046695,70.50045527076283
160,21.01406322768225,6.187546991331099,2.4889204368952544,2.955466827954197,10.03888770129244,57.976523761410206,7.650189691085348,7.793220503899432,5563.001314425785,216.99398010570664,-0.0010787036517778473,0.9673981434437898,1.7164155693665837,0.788854336155862,1.0208716614061049,7.576560378847429,22.650706081677466,0.38414490457148,0.0027146398959248426,0.6183222375265491,65.2514049416537
161,23.970048436824353,5.221021018363618,2.252616911038472,1.0383484284237845,5.006705712876246,88.99058143439252,2.871365956036113,7.373026215335857,3588.043521297724,-0.05792724601560464,-0.02234580837405635,0.5305439445255414,2.782988999784741,0.6896492840375018,1.0073857731465452,2.8566068278691668,2.9053275540571493,0.3305293292883317,0.25030569580491063,0.8453382864778924,69.03096342627789
162,18.009053756994582,8.184439633334176,3.175463244735845,2.998174514399912,8.955480628215977,106.9986151416809,8.551711098826507,8.779883143679513,15090.022973416184,462.014608096722,1.9498044960292726,0.9038537734721944,-0.008442392337733499,0.9317640073182236,1.049295588108972,6.7260152572126195,20.121533051170378,0.5511379079863225,-0.04739160451197463,0.530345079994778,73.61488978102368
163,25.02298240835154,7.996869716210393,3.3117362798171217,-0.005800228490388683,5.043557798969442,69.97651400469107,2.0243211768189258,6.451681291321623,11682.019760724417,310.9756022203778,-0.04525026185642091,0.5202814213450845,-0.005102508130035382,1.0131389003792248,1.0216004096718252,1.958642188286574,0.06347326514134422,0.5877707857382815,0.01955229147526016,0.8800213642479319,78.99728668812871
164,21.03680799671653,7.5117992115001595,1.5174534531188508,0.026903919960997055,1.9715740777708366,104.97118659138049,3.52033291016761,5.997367390713188,5812.951732203516,211.98830470836748,-0.007540478389250774,0.12026110218640276,0.49402965011766253,0.9592381493533007,0.9975614784628642,3.467496333986368,0.013680380261425753,0.24461249857750564,0.037767534650268574,0.8660650292496953,79.24194608341357
165,18.996995377705602,5.377858287490159,2.7995133064721216,4.012669743923496,10.037591746307317,56.008588200103326,9.768221789298003,7.5944299896464065,9410.991445244095,458.0437361170385,7.916901996639718,1.0073401610304082,2.5806525614907114,0.6237467590234668,1.0313225160653308,1.8470842347254937,7.24777450220442,0.3987401074941908,-0.0015407779280046012,0.5092103574119415,63.49671615660352
166,17.99388978749469,7.0054375348780615,1.4347050134311097,3.966140964568624,3.9972927135567904,24.974657877736266,4.461498743592026,5.7955787132440655,6221.968068827687,289.99598064577975,0.00961430368234664,0.3846467743451129,0.9777543682088989,0.8834546025804975,1.0348392383760512,4.5116472483726735,17.99948741920372,0.18860512404775565,0.024420593567055778,0.8343833342243833,73.16617608015592
167,24.973660522397303,5.813808148749469,3.3119219107037767,1.997872839124179,9.035280329555931,23.97568027332904,8.46424683076957,6.257739432762213,-0.005490086388717123,5.204807621619645e-05,4.578064287179585,0.8581872139224941,2.1910606399962393,0.7011888205892108,0.9801952371585358,3.866647807723224,7.8090561059015915,0.5630885151479518,-0.016631150808404733,0.5366242949328515,65.13443529973983
168,23.975193589378804,4.505845270208104,2.9775763303812535,4.989944990803209,1.034043058446003,8.97182840568894,20.353994994680882,5.9154392071994355,18059.979201716284,247.0152900182639,17.67655869409345,0.09811952971154725,3.4506357173889226,0.5744041884477371,1.0288908815849271,2.6824876557618866,13.419787295968707,0.49969835143451663,0.0011470296853947639,0.1442255814401736,55.52457199782163
169,23.993205633242955,8.569409140408734,3.8915849383976515,2.9476640133418184,1.012904289229461,43.99766275861006,6.46005378399221,5.291645041003019,12668.988671851408,267.01516001831624,5.032440562132975,0.13275440600963367,-0.058727888814316266,1.0721500211076773,0.9933321651190476,1.3456777169782779,4.053548609042201,0.6885284135294905,-0.008193370268636297,0.7608195392819646,78.32758752733862
170,23.011020965204484,4.706190853139764,1.1579140152837644,-0.02070828699711614,7.015256059528814,82.028311049032,20.020938054111145,8.371511899533346,7275.031834881971,334.97242406697865,13.694886375191691,0.7679868485925915,3.302941664697589,0.5591101549248912,0.9968956627724349,6.2702543559399535,0.03624526209510028,0.20218773188978714,0.013794380735003756,0.04136714872411245,61.85668120503357
171,25.027407538787,8.84386587816153,1.1967558302882575,3.994493790339506,3.012678858515777,10.045195859089368,9.56434551806917,6.006154605942353,6435.01425749787,248.99819104453397,2.40234880584917,0.3072645722196753,0.003442046227949719,1.1332899099080436,1.0042879984908673,7.103757810124367,28.4030630670805,0.17778235123177125,-0.0031357682620523496,0.6134134655175524,77.76056128984308
172,21.97590463147959,6.213459072935436,1.8333630185766403,4.996551472055245,9.939585257311567,75.97822245742019,7.187986987299753,6.901542516013004,9572.030213432869,225.00108457583778,6.06473346164176,0.9787256023011544,1.8263820174016197,0.7624490492803149,0.9885765738297774,1.1385977953165014,5.719641232447366,0.30927243372344115,-0.0502853817284225,0.6485832873495241,70.09429463167504
173,20.044780657068785,4.928859615672156,1.820558702541329,2.9555330572896805,2.003549906566946,52.06450932379994,20.625790851538934,5.240641341932323,10816.95197950673,380.00816080689884,15.0162069900665,0.176914923304446,3.0923330406888763,0.6205989138206476,0.9869622655652196,5.580462518005884,16.806356292356337,0.33046836177782235,-0.021543823201766697,0.17607271243584288,58.92986718510735
174,20.991866291968723,6.6928896408996215,1.7420602797775737,4.034549967491424,8.966518074717843,70.9698588541788,17.117101248675578,7.782443793092892,12015.001739240899,0.00867665822749858,14.10446983591764,0.928893970861956,1.2641911836067738,0.8769214287045229,1.0295416254474608,3.0776034291698124,12.171308875791949,0.32387036624959,0.3073377577707247,0.19387089621152848,72.96087367889679
175,24.999358981169546,8.422497007182711,3.69091344268603,3.996936908233257,3.00513561431237,103.03250645569983,2.7956720596258253,6.324354460885111,22026.029001149444,367.0776232368633,0.01421132414722715,0.2700937764254132,-0.05818940445593899,1.0224991651685047,0.9541318328394975,2.7426393946349594,11.00465084068638,0.613336385918893,0.017026055482754068,0.9004073297765641,77.14218097561266
176,22.977583649625565,7.708378035146496,1.7403829938354276,0.0011265922998168873,1.9657117236085035,66.97834910637954,9.04575129886436,7.95165358496628,4935.045188877447,232.96472420688238,6.505906946296412,0.21867282138583288,0.27329411772129386,0.9627414774391848,0.9681511916362244,2.5736172197913394,-0.003764194931089797,0.28535605920231855,-0.06293764451576397,0.5563791551189036,78.35291253323524
177,19.92727279219181,7.971472678109383,1.7942008732065609,0.0120192491501951,7.9644514417632175,109.9738723019039,16.805580846123284,6.6524626069888235,5991.953557348309,304.02940274860595,9.649658961746457,0.8088104356987885,0.012675592321725576,0.9851401856486998,1.0202420194933148,7.2508369900365635,-0.01965187677546274,0.32337815794955066,0.036234562556527135,0.2806038453753971,78.3941682344068
178,20.026521361890833,7.309555630143966,3.3441475524770965,3.9763577123828897,10.048148035052616,93.97765731529647,7.481702918791524,5.756593485555871,13754.989455490915,333.035501274175,2.983134151046533,1.0054930417564865,0.7432434671022679,0.9043346106638682,0.9978130162252253,4.472936456248729,17.89976423947256,0.5275417499744256,-0.03458464067664921,0.6985263917109583,70.83312609629579
179,18.02210531691277,7.47024910009679,2.299344297576736,1.0136906791939808,6.032083421643725,26.998426569010526,9.426631693976704,7.08140402710474,5273.03102680022,194.0147835192177,0.06700057124498321,0.5529564423035762,0.5016225623831454,1.0021825562371938,1.0297453795606835,9.408544635107187,9.416854104864765,0.4054365355883829,0.02680124429182504,0.6375856294658535,74.59728724416466
180,19.991560173286455,8.181013591753455,3.321216941214128,3.9889877606194544,5.999875722451676,74.01739916513101,11.471212868195005,5.524419565770941,12763.994231650615,330.9804905381538,9.232805351359202,0.5892912539332102,-0.03640769671008335,1.0387032765221083,1.0107379683437037,2.2466209464480333,8.906371978113256,0.5430387795600845,0.03876702523656799,0.5373610400028119,76.0233147932936
181,22.002009721516746,5.205679849218772,1.2442533709292956,4.973102433780584,10.00554305950747,106.02009604113715,1.4768197982801863,6.731938082200531,5244.972687469775,285.04994004090804,-0.01134373741108781,0.9562552662592716,2.7736023819248476,0.6594077802986662,0.9599888602286905,1.5136709917074713,7.531574401314476,0.19773272887021276,0.003050700712633437,0.884926742153696,67.00452549768494
182,24.015478176531122,6.4089173282014045,2.494197171142564,4.017203424800662,6.99256251922771,63.97168044953956,7.673588946927008,6.29521703093375,4675.953500024645,225.9342405140578,5.59426079325899,0.682352577960497,1.57453882227807,0.8157226200179438,1.0018850325783275,2.047558512066041,8.02120991932245,0.41674695882441604,-0.02990678667174993,0.634808174266853,69.4957190721116
183,22.953123624293404,5.064323026047686,1.1065516696263253,2.0447502157640542,7.017096291279386,47.97031022137466,14.139201682430986,8.655389981166149,10724.97153895396,302.9795019990835,4.815955161339221,0.7275141598456153,2.887820341953056,0.650407788827474,1.0160364340326764,9.37837884805187,18.649563755268154,0.18722103012414296,-0.021454914196571553,0.32841065338593073,61.43153415676129
184,19.98412841967961,8.931619573135487,1.238665902756189,2.021744881204575,5.979718369003536,45.97250083919909,5.250644711587084,5.268584563316704,12573.949332949944,242.03515046591667,-0.02766673564001655,0.636931737100667,0.033626862749846095,1.0577255938304446,1.0070211897559995,5.1862812695512766,10.374573263638503,0.257413516403026,0.018877744178890068,0.8639365645720973,82.7844524288148
185,18.023827940388657,8.717160188349013,3.6960099050820983,2.027689326954213,4.029812207886039,50.99665936792844,3.430989824506232,7.745570121161568,10499.001753813705,305.98889665189733,0.11405954817291375,0.4064184594847266,0.03596728350470345,1.1564028246156661,0.9859517747911766,3.3273502696019355,6.702456659272815,0.6025972163989444,-0.034064530048770275,0.7578916525450651,78.54396081424613
186,21.96237131730492,4.178858146931674,1.3603732315248152,0.984381081803131,8.992407394769577,100.99369533187428,19.385620333012405,5.741064732367461,0.026889305573359796,0.047893935744005564,12.487978508881405,0.8828897846269804,3.7948323231567533,0.4810689142458407,0.9917817903963939,6.9017792048182125,6.940537007462136,0.22080851439418409,-0.017456794469270905,0.19561976630117234,58.29327411474329
187,19.008806737965,7.453872456106525,2.6642902116375473,0.9520714081249463,5.987404590125063,86.97149473613791,17.832002994354834,6.303200250839342,4877.962170757232,203.95464585765964,9.464399509399836,0.6476429799708125,0.5054921033034079,0.9894778279807884,0.9831974453271773,8.374991111797362,8.291299817500231,0.47673546103776926,0.015386819456678873,0.23630042732549822,72.69212667957845
188,23.9593025458613,8.595652862627556,2.1859070660698863,4.044704125662995,4.0006513905545456,53.008088110821895,17.4411701191192,6.647298675292928,11611.007731892236,331.9666369431816,11.504935725359358,0.38249228098731464,-0.02392673678620397,1.0935404609506676,0.9602440875519646,6.002318803676035,24.003633849876206,0.3800073920255097,-0.01953524190292406,0.24127709519330698,74.57651266786046
189,24.013992899473006,4.886621688584166,2.0047626815281263,2.0616354466821427,2.982265595102232,59.06787706425006,7.435352253615309,8.592229918190956,3844.0253581308834,175.9840508548962,1.6915746514791907,0.26592940524572983,3.0487027466693886,0.6179233705440342,0.9561178130545679,5.761494523240299,11.500933109076785,0.3563600046353103,0.04262344147311953,0.5257168360548584,61.73144503269308
190,22.998930755531074,6.803394213711591,3.734680200083534,1.0462842032130903,4.009860470484894,55.98485853614495,9.346002821773851,5.968751775138888,1618.9999187501946,79.01252197832609,6.186211373279894,0.42089448903750354,1.2536501506038826,0.8408354507177007,1.011700628682831,3.158128802726457,3.2062172899366606,0.5857591513192184,0.4117117835027235,0.6362851191520437,76.92959370810324
191,23.951546045522836,8.589106500165332,1.081745182888064,-0.01007357816939249,2.983879122320598,45.98699464536389,8.957320995923569,5.4068434588134275,-0.04832082884751736,-0.006660604511400689,7.127748641092815,0.3137320212770912,-0.06967461151780617,1.153154816532799,0.9738562490341329,1.8274720976926568,0.018531679966000764,0.19072635869775934,-0.09864470193772847,0.6869573244451187,83.26409830672411
192,20.034942180633717,4.13977629417765,2.969763962603336,3.9653609698381347,2.014055708084565,30.01678984710973,2.313618160187762,6.303777909919021,9601.01158634664,317.9852880224231,-0.00700448707723842,0.18372272267222478,3.7449247904700633,0.5431346868052328,1.0172679528235617,2.2470899902943815,9.004177864921582,0.5243112723989345,-0.023346623034420057,0.8382800315485248,58.679374229334115
193,17.97796225269606,7.488349591850965,3.907612118903245,4.968029519065413,5.036480196167345,103.9832355112479,5.753664948762368,5.407147146957333,7936.998360591657,310.04261189293294,0.052238161686573595,0.5030067568870871,0.5538921756547894,0.9380306419475519,0.982147975376454,5.6810148883663105,28.555610952511618,0.6297689111129112,0.0093037023926858,0.8389880522093651,69.18824044324465
194,23.97569242688957,5.490831426667951,2.6462077080626285,2.9494880229715785,1.9784203493957548,45.020068934451544,19.374919289999045,5.4715074369087064,3408.995304860542,147.04540334926168,12.593851618347793,0.2132647996655532,2.5004984621401136,0.6714421188646899,0.9606055423985516,6.688699528114152,20.11831381016363,0.4688547858431817,0.025899897366045165,0.2643594760907773,60.08475496599675
195,24.00601707591693,8.619009830743222,3.791362817693962,3.9967786414476985,5.996082736281145,112.97844371879663,14.701873409299893,7.287064608389513,2816.983594882627,89.98756860702878,10.682072566086887,0.6061103652315545,-0.03377744721264128,1.0553455519375874,0.9877616909432636,4.051768460742263,16.20635510244649,0.6272014077396392,0.4138108419839399,0.24123781279232598,80.34838842710363
196,19.03445912048286,8.879054009761669,1.2073511599294622,3.0481703387424735,3.0138399213910625,25.05496358822732,12.876517207811048,5.225945670478043,0.0026036227882212377,-0.05129303421988987,8.747583230476044,0.3137681686489374,0.020481108932679338,1.1140183254151665,1.0628312491725416,4.096697567727577,12.41096890083373,0.18063737625407755,-0.008316905079804822,0.4306337866305956,80.78505970863831
197,18.969525345430647,8.750360240201177,2.2919014430952447,1.9957501210438326,5.986924279350558,112.01034324917777,13.666215737041421,5.133393403499143,10140.015294537254,316.93527548512435,6.178641127674471,0.5848285541532008,0.02319159918137934,1.0595819090501626,0.9971316766245091,7.502062189476956,15.099174867618478,0.41372907662045294,-0.0009265916643011643,0.46267877131403734,77.64385930165001
198,21.00185039549544,6.3426507834804475,1.7536964717044277,3.0090696870104483,10.0139296168248,112.9813993115277,7.966487744167603,7.856849954912876,5771.07171944403,288.0071787034434,-0.03801005928363818,1.015787351327188,1.5600194306455673,0.8203895314383425,1.019376000049967,7.920199863919418,23.783085480872238,0.33413739382459484,0.052257367307909496,0.6311478791276496,67.1801086778728
199,22.012864495009918,8.33933502493408,3.2478253386861207,2.041267908929126,9.016661965819551,3.9823392490159217,3.2335337036384684,6.427402073647886,5370.003369962052,176.01967866866656,0.015756028980470394,0.9005267351274985,-0.01598536129408723,1.01813072898291,1.0050641142977224,3.3170469519821193,6.538910783379826,0.5371952000006541,0.01136276858233924,0.853693122618373,78.49588373345689
200,20.020793168217896,8.193270430873657,3.903106144618475,-0.012122859354971989,1.0324978532888291,82.98458600741876,15.493707204315758,5.53312789201782,0.045334234800380194,0.0018899335673563734,7.5464221303038785,0.08584568435390941,0.026287375911171623,1.0551486654333746,0.9578440589150061,7.993958158436862,-0.01705696716537097,0.6635211318580665,-0.014783194876456253,0.37272486433828017,76.0092937430512
201,24.005293246658315,5.625787546170306,1.8429345635328522,3.0610659437015877,5.9818202986174525,51.04118248998746,10.386278681415343,6.014212776023345,15112.010732652503,387.99787275678756,3.664370090337284,0.5926234571330017,2.375492827608886,0.7294776214393386,1.0434688973806951,6.776611066787267,20.36011726817451,0.3397376722950628,0.06155295294606599,0.5830431951953325,63.77612510643865
202,24.9889891648275,8.10239404452176,2.9921989124945867,4.059762832224924,8.971716742793086,103.96193746977197,5.376335795731481,7.583062469581929,6063.997014150171,208.97586372155916,3.613090303052755,0.8970629449222675,0.008464912158414972,1.0108369296262742,0.992565345705282,1.7260427725496248,7.000638320471928,0.48813538824805647,0.0003362471515302558,0.6845071737220515,77.42922318670979
203,23.97517229338054,4.234186666080764,1.5735996405492771,1.9960666598395855,3.9907726783130877,73.97996174988621,13.304337802084786,6.048250436976062,10081.004456425831,285.0196493938174,10.816375209820443,0.35663864988816163,3.842744365590988,0.5424090668956494,0.9606846230584392,2.4313663310870983,4.8970518759243005,0.2771241136872667,-0.062259503079192924,0.4816541247341775,59.49518967873113
204,18.00258431649139,6.988379141063415,2.708075427607655,3.9826739720794238,1.970967429813587,118.98315018329224,18.52447032365241,6.9072720538790815,5160.963347908909,247.05034556136698,9.389803559341487,0.18090022260290217,0.9282254550537664,0.893910917285804,0.9846329947467,9.043757445597283,36.34926819203613,0.4384096964040783,-0.041604802819953726,0.1864748339534108,64.05974356321255
205,20.967835829640432,5.167041387244666,2.3935263862101532,1.0209171413917093,4.016934946121425,52.99952936099729,11.987912127827606,5.446873626556668,4363.009175808123,98.93349366967993,5.512434960946222,0.4019471654677836,2.789762550420137,0.606130051725656,0.993812677150774,6.47797060757652,6.502493228496763,0.3694462600327235,0.4644346022491622,0.47100915943920574,70.0160633455885
206,21.912359485495163,4.642615128618131,3.8646671562602593,1.9895742517244344,0.9651474609947077,31.991866709220595,20.878751468225637,7.3355836972317965,12464.940238048055,225.99767496433637,19.730663924767484,0.05947026893833444,3.407849079957025,0.6269507896596087,1.0224843857050367,1.0430070768266164,2.1495714398844408,0.6381605659314802,-0.0533168167391251,0.05155233617497932,56.4133390435639
207,25.01309679412473,4.396595580623536,2.844093527763625,2.96530334348798,3.0699904925475807,48.955263165058284,2.238541549505023,6.277290680528414,9171.974120009263,291.9708895495176,0.2418515478122054,0.28140229014556256,3.5462385184216973,0.5423276885713855,0.9795771045816916,1.9404542161886291,5.727704895134987,0.43291836000063233,0.014941532538380344,0.9081535924080649,60.64573967919901
208,21.027118045232587,7.5066467542087265,1.98133189331318,2.0384371596056896,10.038877835847213,36.98800531949214,20.382906699458434,7.439732593887781,5652.003295292794,173.9552860201784,13.43669341896981,1.0715393493511562,0.484111658292426,0.958367205402471,1.078610367999518,6.985552837854152,13.902585793163912,0.34610001299408943,-0.023399038831683767,0.07714295279003813,71.76279351889941
209,22.929112026933744,5.737042557421344,1.244792008456133,4.036493421618313,9.00037727308801,25.99701347950445,12.77829197407205,8.27778556193116,9769.035819468196,258.9661007238765,11.760922257923985,0.8661222490553642,2.3313349593242543,0.7342087053315848,0.9718849305247418,1.0432921992039705,4.152727175551147,0.19350125931479287,0.03533148396017184,0.3623687432307001,67.37387888830797
210,21.9697080788587,7.569041342737167,1.53984498161872,0.004665348112906824,10.026021834789939,96.98115706494761,10.852595088336264,7.455116980803104,9893.04291873191,276.0113901856705,8.42858850451197,0.9884855826204871,0.3788705455376837,0.8753138872539377,1.0183598488669308,2.4754732396192827,0.012389437572460117,0.20808838801022003,0.005025385996332907,0.4927546488050867,77.90495435781784
211,24.018574627830155,4.317864726929177,1.6848710595256213,1.9621140573881546,4.950895944070676,14.02060326467143,1.332439861958816,6.220808849788497,6780.992903602611,268.0121488659277,0.005082002417806464,0.4749884816441381,3.6554702069234275,0.5177921241575159,0.9407808177576517,1.403096038283423,2.620962055275961,0.3056145387051027,-0.04911067227586287,0.948675399947004,62.80805092192152
212,24.06172486409135,5.582303157306113,1.7817652832215314,2.9631142124634784,6.075701199941987,95.02758225286262,18.47313661947285,5.993420897525776,12465.004671519586,226.04380863283524,11.25175077749782,0.5964938998813999,2.4339249546948682,0.7252110646127816,0.996289040012221,7.241382548468031,21.68261343214872,0.3203301861028033,0.027426691379835076,0.1910052319462249,61.79023118533028
213,22.000623811230263,6.696034919330669,3.547038372389101,1.0032168786525746,2.9822935616339854,59.99764839900812,19.597033821230216,6.325115798025174,12022.029530874088,263.00026344641435,12.765962179221912,0.2755524497059506,1.3133350508059127,0.8393675737830562,1.0110170283796633,6.834049516863481,6.919887783469695,0.5900920500150629,0.04090792655502897,0.20712141717333382,66.94656822670086
214,23.978159911763125,8.002168368961529,2.75222824459791,4.985003868964849,4.996385077583019,20.00691624760552,21.79942196488151,5.662555877899123,2996.960115192834,155.9472533511039,18.80101162450412,0.49270270630122703,-0.0020656887451386257,1.0206690800901421,0.9664125023853214,3.0630943149364165,15.041950588330076,0.47109605134021126,-0.03830499929028223,0.10106634732342301,72.98983528529696
215,19.994513106766856,5.554993344156592,2.5613155823837093,-0.010232787964248242,7.9443220013843465,44.93516832007952,18.744200235501555,5.744530589391636,5164.012142425159,236.99285491372873,11.321398122239904,0.7784435889455033,2.3970482451867596,0.7027709968433554,1.0449713644312502,7.415196335823592,0.06953464930469028,0.4091504551239622,-0.024083660433543645,0.24384058993627356,64.82333480968302
216,22.041246292574446,7.076634888715387,1.3017534844211696,1.0306588946518,6.014588619142227,67.98736691683514,17.643496239049362,8.152986258972009,12311.97516321398,279.95840862783353,14.54297019959718,0.6316538344910947,0.9308484741331486,0.9243814538140943,1.013034299535525,3.1985754895054233,3.1705900278878447,0.20549717355903235,0.015071525478788714,0.17750479102310807,73.57050709598762
217,20.980621074626264,8.440532186772394,3.6273786096762133,2.021995379522677,3.9668096752876867,5.030144650752737,8.743942628881788,6.554196456270228,12208.99484524866,250.96379612340735,4.8016623441358135,0.40244911113158643,0.008835849750276877,1.0534210166533324,0.9904707860546071,3.9134157767751083,7.847420776840593,0.6122199043241396,0.020451446846047553,0.600196497681333,76.74315408132139
218,21.97602423980049,7.126585735657543,3.2126515079900932,4.041344280414928,2.0030496728469807,36.987296902504625,17.38360110273104,6.773065859563136,11387.986229302485,272.0174167717522,9.67843378703394,0.1699108202911034,0.9193683643880566,0.9302226729034142,1.0127103250488392,7.756880966742934,30.885427567854403,0.5643473879749346,0.07059736915996687,0.2719326448053016,65.08018290133295
219,24.98551769433454,5.198120812680183,1.1982103706402343,3.970281303298682,8.983671767012265,60.97788214970824,21.631081284985203,7.360464711183247,0.013060743811444423,0.005825427167832604,14.736007783323112,0.9252238957149808,2.779223008155787,0.6205991426836387,0.9822005751418965,6.846691388305513,27.366299013172323,0.18852681928370796,0.0267272565963465,0.046185076206956166,58.684803459773796
220,23.971400141752238,4.107293703755387,3.0489500242513774,2.9897042529393985,0.9676676819520897,85.06833066778093,4.627493010916418,7.36726732697469,7213.01650911022,263.01762696786307,-0.016367044508815442,0.07125200151909662,3.842479349735798,0.5086707979156316,1.0375413970722274,4.719701850483925,13.929576996283275,0.4987893735986296,0.0720235216890346,0.7521995279610881,56.28039290949506
221,20.003680109479845,8.391172724830907,2.5757082549269814,4.022769450863803,0.9758691549471215,61.054572315705876,14.288769843451487,5.21336413288333,0.026732360321921916,-0.010724785418151842,7.421055170719703,0.053077594332650475,0.018657411006253646,1.032198012942539,1.0304589580546653,6.910068008038233,27.738559424769534,0.4628085444919997,0.0005823292179706934,0.35908918877298174,73.5054340242177
222,20.048740353754088,4.140697501574839,1.2056340101412757,0.013442350230386752,4.006773641022566,81.01402724737447,14.587503007074679,8.3510750905719,9105.010445964854,288.0237158869028,8.469536265099642,0.3999087253770158,3.933027837649986,0.5241590819218679,1.0112017020132247,6.2048274891529545,-0.01938864624756093,0.2183805925344301,0.011508800029800476,0.32043189295522595,59.96790254449339
223,23.00969237819348,8.393989422666175,2.37638477790039,4.045971411477629,6.961555270813935,77.0341673183444,15.645694259917311,5.768639876303874,3409.005149613099,146.9875979130513,13.803891788178845,0.7572179327301993,-0.006736859030174514,1.0416399616535228,1.0183507614249376,1.8562676920382957,7.36533147356478,0.40446170500470374,-0.017043864035357185,0.35488399024567635,77.55674364150654
224,20.992429394936213,6.606955262764045,2.506100783799963,3.012616101177122,0.9775356498692926,72.93322193746125,1.4775429820740058,7.852666918567539,2547.055620714013,150.03350048498226,-0.003964526704045859,0.045170076132523385,1.4266326975138057,0.8181145743871908,0.9556841136969635,1.545408942743455,4.537297013382064,0.45210023211336553,-0.015678087737251968,0.8805646386609511,72.12570380729291
225,18.991245661932535,8.734380904324262,1.5204523022644543,5.055443273123166,9.019898201437934,44.97637345678114,18.496944890056074,8.087258562187161,7191.954269227894,294.01033916818415,15.05888512060061,0.8600703623529271,-0.010056383795307511,1.0663570091024925,1.0440083532023339,3.437831282453611,16.916223137328995,0.308410165434342,0.004413009917472418,0.19434883992543697,76.96236827637284
226,18.9531042757391,7.976678855454622,3.8288750865740027,2.0162005340516944,4.07807439624623,11.985901263804806,3.1294256316324005,7.886414439027424,5664.050868295804,227.99379009388545,0.02365413120039571,0.42257576989482537,-0.0027209748395541702,0.9861779344921436,0.997019265362041,3.116367371295837,6.267919179059931,0.6443108366891824,-0.017475124992319072,0.8163676638145855,76.3582412453776
227,22.026493293314413,9.046763675534907,3.4632146192656195,2.0318650234276596,3.01432766458659,93.99292059703399,5.67866391638116,7.320942524203997,589.991305342734,21.006362791325284,0.0018869975221992108,0.2807303580116412,0.05257286365161818,1.1246916880824998,1.030751369482783,5.719072905380803,11.347153432339782,0.5656371803273634,0.13495241604729333,0.7095412064596159,81.7484535306389
228,22.997664884089616,5.7540861577076985,3.0658993816493685,3.9902945515964663,0.9724821507346814,92.98530167937078,20.394795060557243,5.064952986544796,7365.017126747591,248.99946417897075,15.885726161811363,0.1183584570173963,2.191254398388807,0.6643596454645048,1.022495266705741,4.529096921774719,18.143609725998957,0.5149192731961257,-0.020004020441464567,0.18099051988060963,61.32666445438395
229,17.99458560259228,7.848889263933383,2.423024380336624,1.0004286163565197,9.988986574897831,1.9234992112545095,1.3319035030762651,6.428270016754292,7141.9902302095825,321.0478831954594,0.019755778872917497,0.9748753327917415,0.18948291822339836,0.9059470843190647,1.0302914430263161,1.284533566379628,1.2816269718754814,0.37540198340341596,0.032300823762005874,1.0041050291013227,79.37212671991385
230,22.095793227035347,5.988819732481441,2.199948575389928,2.027328332115184,4.000947670184577,93.01158073856125,16.24960764020443,7.407155432407363,7670.978923751113,363.00736312867735,9.56609844753283,0.4042588653222753,1.9439006143037805,0.7517743782692244,0.9685671114922314,6.682739471697683,13.348400770791576,0.4039315496520456,0.002184270606698944,0.2761682260809261,64.96169310106836
231,23.00896258725097,6.392719037565242,3.032686097492299,5.0483893451177915,8.98951725148093,5.016309623848418,19.938279575482618,6.547399175392439,10688.014537315783,259.99995161982815,11.7345513671989,0.9523342177615647,1.6207021947994293,0.7169247030429938,0.9723850197305227,8.170474053967789,40.69753579889771,0.4789505169851175,0.002352284426603616,0.15295556931125878,59.471580869678235
232,20.977446268497143,7.043299694864511,2.670962233159999,4.021877108479322,10.027091745002108,92.0480569637477,4.6426181648538085,8.45125014266418,16901.031263849258,426.99284527428847,0.03546705657064984,0.9641623105893439,0.8787047590363711,0.8817057316957578,1.067448243064617,4.59590552981756,18.315370468778884,0.4275391205562301,-0.02290334786717111,0.7015951369575693,70.94285265375753
233,20.987209272113834,8.38635615847867,1.1568383969682938,2.9975048468419616,6.006524204490427,6.976350722056751,7.163861860422189,6.204556762152681,0.01419023864902215,0.02529552657735033,0.9604618444186409,0.6307128243041191,0.004416750330380779,1.0386850871642637,0.9544197377952293,6.174879114036768,18.574986736250363,0.17486970704769836,0.009988510341771395,0.6647699637375453,78.96379775822682
234,21.0344533712759,8.868805804069193,2.4932421207252595,5.04132005088585,6.027235571547296,42.9738951052666,9.002939980620894,6.168019340421619,6721.983736526399,230.0212374001716,3.612266030314148,0.6203912038989626,-0.009451172622981542,1.1287611360958263,0.9670716893947388,5.436404869499622,27.22022247269718,0.42213186463979263,0.049759748173235724,0.5577293950092326,76.2800429800075
235,21.003398112316134,7.781770609638795,3.3286470502038,3.9342406403116037,0.9905666862910711,107.91960046542107,18.70144809441118,6.10705601816128,5002.108340501884,243.99178475109062,15.996991825347374,0.05532267246703274,0.1866262185352419,0.9548394486284421,1.0012973198979447,2.6871568156016052,11.029552122335012,0.5731902953047173,0.042021191251125224,0.2631352887226555,72.17549577946194
236,20.95685166065048,6.095880671026333,2.4057795459794407,4.9573329649547935,10.039765006591638,105.99119299490228,11.956206475892703,6.317425986192333,9129.035957210126,331.9653307545613,4.447738626125296,1.0167670157122533,1.8964681153041512,0.8095854430787589,1.0013493918198584,7.531774247297082,37.53841276894372,0.42227937862700915,0.010976067303102435,0.46495184132753475,61.316654992814115
237,23.027576868037254,6.128733748434187,1.2109618272577543,2.0204490267100517,1.9950054324715536,107.02703335343186,5.6499241174691965,7.192882350513762,6339.028000269126,238.97294095584866,2.0841667663199788,0.2021841838658782,1.898774429813218,0.7879448861969129,0.9837994576860257,3.5777695130781355,7.041131532684722,0.20358926563882984,-0.02561172131876967,0.7092905334145025,70.64823927824365
238,22.97995567743383,7.706228100542019,3.398825136536717,3.000423250687594,5.97086430392586,31.981646964134217,15.609819924667518,7.825457517960407,10034.989411073078,229.99447512381374,14.375094425133163,0.6027328202974118,0.33528237178905657,0.9171311790504546,1.0184823661575781,1.2245625393435458,3.695476323808873,0.5680546780974576,0.05301594189114223,0.2697349123780694,73.45359537713155
239,20.056198933286527,5.209230299602034,1.5803639928700508,4.018165409533725,2.0653196114312666,80.06430334455631,15.474799553922972,7.628561615636271,-0.01875497364867118,0.04046782518357249,8.651849172052314,0.2100955269935511,2.8456063557007774,0.6414696092757698,1.027062503128015,6.761069996760328,27.208666358238023,0.2494502640148351,0.03177728073784846,0.33049323791636576,59.33222629663406
240,25.03240144197144,4.567134418334633,1.7385145645143503,0.0019322256729582613,2.9452506675911665,110.99230215492632,21.886938935188592,8.189849745240343,7191.991604827725,293.9924947011226,19.353599251905564,0.28948902466752585,3.419521453073248,0.6208155543255162,0.9994549710127361,2.6162845437502544,0.01514967603356253,0.29140958071719847,-0.04442532080952663,-0.022988757164631498,60.03017586362147
241,18.98658034313024,5.773577377311918,1.511206010502353,3.0171283708381162,3.9778378382408524,74.00440976852866,18.29668844891215,8.544175053851978,7626.032442196331,235.98217629170102,8.858536285713686,0.40210296876827195,2.238146677404126,0.7040710428380139,0.9919453042093481,9.441214173678222,28.417592738961133,0.20821261057040183,-0.05270382607230241,0.13772046254149878,61.402949102956406
242,24.038430490852054,5.4539617505505396,2.0436630345174596,-0.02443208462979572,4.981189164445088,75.95910690758255,3.605515979339452,8.238691538885467,923.9702818698877,44.94717842060254,-0.027660641349176004,0.5072435727512087,2.625624424122401,0.6734132302492377,0.9993321343115457,3.6254694903418385,0.020808183765034773,0.3751443605739126,0.3899870565078075,0.7703649001872256,73.84605677465359
243,21.002035665315823,5.477943968957103,3.2822694463279967,5.017114582582391,9.075249188191696,49.00861661035526,12.763140861656199,5.061258574994402,5562.967953885056,217.04540624306807,3.565009165671822,0.9223817381665659,2.5148384230580745,0.7296238272756433,0.9850791762407675,9.254344785805927,46.2338220542256,0.547170945326187,-0.014810049646575178,0.466799758869372,55.18576698459171
244,18.025583210253668,5.249686247561719,2.6132017978706945,1.0298324358462276,4.054205766524396,9.94062040615442,1.3320662391854132,7.9446028214115625,0.016186426000830544,0.0170708443794438,-0.002787254095448489,0.3541851689986576,2.843654288058803,0.6337821315181167,0.9490528917343345,1.3463935113855596,1.3124690602492046,0.4825542262814374,0.027053484603659108,0.8193960745623503,65.77158935773376
245,24.014541984518836,4.192708164033574,1.5529556705973986,3.036616518117937,9.044817844309266,94.0208109386504,13.698694335866998,5.78400476213913,9388.009575893338,259.0238802991002,12.530379681051913,0.9387265768947332,3.76074576107224,0.5586893982024868,1.0090277331102264,1.1715352062556081,3.4597421455878603,0.2630357952423446,0.026338544021358094,0.4152160803775254,59.82688147407901
246,22.974609300350274,4.100068638084305,3.6137163919107755,5.060406628839461,9.99008024012871,27.02173284528706,6.988342387867206,5.477752910492467,4555.976890593864,181.02885064155788,0.02119759335876785,0.9653412897082236,3.879466133962523,0.4852000119215914,1.0229750714124413,6.984391419191887,34.93466935368177,0.5429362704428894,0.010221595355438918,0.7360600987422387,51.09934205292751
247,17.980693505030477,8.932110954806898,3.5881985310676603,0.0073229533050715905,3.0727853401152534,107.0407787427301,16.1132762394776,7.570126165835058,-0.032736107352456745,-0.0049419068627688965,11.224818844087332,0.3228488539243916,-0.024627045805682795,1.0258715844956166,0.9953821816502828,4.858858183154539,0.0014839922404211307,0.5864881823277758,-0.004213622375676021,0.26891137209435173,78.15134211323212
248,18.030898824527434,6.138156772658159,3.5771274614819126,2.0082173326054154,8.01105056011523,68.96940093843698,14.341693379223864,6.222074991978277,8206.0431369098,402.0025377190124,4.62753363890911,0.8023833529781834,1.8909583625008166,0.7993558794932187,0.9320476545428329,9.721997082626336,19.4549645739898,0.5999218130698254,0.0711392413204375,0.38642752310132766,62.50593529494791
249,17.989956740036803,5.896675623191627,1.677189090763516,1.9543048260747846,1.0293179011090936,40.004816863548925,18.010648553254644,5.200699669140779,3915.010710132759,231.04465805825856,8.331911813346265,0.06156530971603908,2.1205770107425286,0.7506620512017244,0.9828485486403474,9.670438016716517,19.340762842987516,0.28529384418495124,0.0010196411342164107,0.30207157998673245,64.21150613250153
250,19.98789054610274,7.388352708394354,2.3881916525390094,0.9840576579658472,9.005390861433186,15.016914496781595,14.685073520084346,5.496004813938347,1531.9590939240882,76.00538742667958,6.007321271721485,0.9158443640911201,0.5665468964343972,0.940136928260034,1.0271716621560378,8.656448026637896,8.677754595903018,0.4203051168028894,0.4598071066512313,0.38012946498384936,80.21352324363988
251,22.97134632261952,5.098322386544333,4.011472999470776,2.9942075377798014,8.998516002860303,67.0132684491499,10.569498179677623,4.985415905994535,20030.961191233917,446.0176257587019,6.907253711438397,0.8716378008241449,2.9150839759043334,0.6047111162608417,0.9568525446238957,3.6636005813709582,10.949955576737338,0.6718830812003488,-0.01522735718665592,0.5986336558069186,59.61290893091607
252,18.012707971967803,8.710138725846964,3.2606351039641344,3.0315095865682906,9.992446639782209,97.97404102174596,1.1459882668710992,8.622841762429534,-0.010845359173514079,0.026116521516015335,0.014835138892572071,1.0320638666547293,-0.01761182755212714,1.057099421505094,1.0208765206631116,1.1361341106686433,3.4718044292668315,0.5398901120964256,0.06635979923237137,0.8390937254309573,80.18968836902533
253,21.061875747577293,7.926739110606093,1.0880865400529645,2.981669966277311,1.993710800197425,46.928240543313315,8.023528320907642,5.103370138461971,5709.0219852542095,165.01928793997268,-0.008306412735782517,0.17867495484496268,0.08958807840439136,1.0220130955920843,0.9866375161489068,8.047573295584355,24.172845421027855,0.15588364226277224,0.02162699730634303,0.6771897048009301,76.3282798807131
254,21.967974012572373,4.400126895769825,1.1987558466600254,5.023890200592465,4.0182547494603424,55.01040880890653,17.836490094404642,5.911756201683718,5232.017850264063,251.996154924892,13.970982364134164,0.3551504170718387,3.6060124699030154,0.5572962192221279,0.9994367454797518,3.8109647426345794,19.279652176287264,0.187808949222139,-0.031034640105536554,0.3332175152050765,57.37499717077185
255,18.00072658370018,6.118566588940694,2.367028823264044,0.9999513484910986,8.011015993963262,62.9954250096507,21.06239365294297,6.70260746853367,10201.03395035611,281.9989834847156,18.561663923458113,0.8460153531510889,1.9504374441718453,0.7589763182798671,0.9794230146764838,2.5087903411907013,2.5222943405805966,0.418135775308262,-0.03458889416104699,0.029770193670881476,66.46949289999762
256,20.042366616662463,8.449150791968128,3.7538999560502506,2.994684956546557,6.99905585889389,57.98299988221115,19.35980557218783,6.4020652644953016,11610.955289505777,332.0233292131393,13.344367475481674,0.7054397101371073,-0.02137041156762382,1.056627799863425,0.9659325247114616,5.995811135823009,18.086510122799478,0.6424190479397185,-0.05040112110094278,0.21305375829970125,72.31196109884218
257,23.997610758262628,8.711439288367943,2.57439513559816,5.007466819073998,1.0452857197809657,89.02291836091146,10.19681941386477,8.614088349855209,7910.006715400694,331.02328008579804,0.8282703162699782,0.12601573377283948,-0.0024028018048030723,1.132755165900369,1.0430273940481112,9.395866485161754,47.11384823551328,0.41311762291711795,-0.002903088767992755,0.48900216638127797,70.58730427204185
258,23.013571153887494,6.309349585680144,2.479916892590995,1.9882653088324147,4.910997407937778,60.99865241385537,5.897288234035776,5.241200638229265,11140.04277730997,362.0350469779706,0.03407602549186573,0.474455843637399,1.6676532432320885,0.8092106468115771,1.0244751709771447,5.963015956623355,11.808106077561668,0.4468765603530497,-0.04495431399848633,0.812165294812326,68.89365344566092
259,24.968128194155593,7.0544326752472974,1.270650761505325,-0.012871117442779965,7.015296617437635,119.96042414841696,2.2984007678723843,7.0818771601720005,4212.039984051914,164.0165329094993,0.014628221026833655,0.6432456838987539,0.8783415685096587,0.8732606440784452,1.0193416308850611,2.280539747993969,0.057066179142046196,0.23373858888135013,-0.035028083871072695,0.8653754560434459,77.65352688478859
260,20.01284921291623,4.721078095895128,3.0539544026141434,4.948856422826297,4.02153216119977,74.94205643132712,21.696806266176676,7.737681088218087,4744.010767299443,194.01789816840775,19.767301979857834,0.45025607272263335,3.167379756952266,0.5578953641663984,1.0272566644660575,1.914008826220293,9.403275498900664,0.4733874739636443,0.032050240451820464,0.06542402386833428,57.25493134985197
261,17.994385672049862,9.011651271876906,3.5165871568579843,1.9925613737801633,1.034408886047655,9.966131102046004,11.060768498538014,8.732245554366468,29.070440555259616,2.9866129989964665,4.480528316590412,0.09980719563463154,0.007343552638997149,1.1426416128548336,1.015081446169075,6.529429713607258,13.088911330458604,0.5907344848500309,0.05354238939094111,0.413632545420443,77.21603270519313
262,23.029571899870398,5.197155273061574,2.0719022398126907,1.9856009556155383,8.998053856768399,100.071790368843,12.094150073326686,7.488205647024251,0.01827855349247579,-0.01743448533215704,2.2138815981632027,0.9147405568249064,2.812759263084663,0.6222809596809732,1.028323937673407,9.897476411282733,19.810785940869295,0.36109301188978427,0.0447420593645494,0.44552317574485195,60.65230700231633
263,22.03562158154694,8.684556519752556,3.333186946765799,-0.015479429680472386,5.0062376020215185,88.02168330321798,8.232495706341457,8.175537801735528,9411.031282398984,458.02341892023054,5.934558020398541,0.519697873417948,0.02061148040171481,1.052028691871437,0.9800829776205876,2.2848636812863603,0.010262748032110027,0.5180667159636051,-0.04410960817357011,0.5671960127648618,79.49583188834524
264,18.07768690926056,7.20730590612559,3.9060209608286662,2.0125061918777014,2.0295784514994417,17.00565837025925,10.255921053867041,5.3347111751059035,4477.0013334375635,196.9827744479595,4.623835934975258,0.18993826840952932,0.7773905086728096,0.939472475606222,1.0413306066183714,5.668819258126928,11.292122393737904,0.6092408711782795,-0.030069604004895462,0.5938640061854662,70.16653048833008
265,20.017388995196406,6.998187888124093,1.607717602633345,1.0197589585837152,8.044734992128406,17.994550172184425,7.603840078786045,6.54213694192377,18212.976570741215,481.9993789699065,-0.029224720253341215,0.8067868864284655,1.0152382923563508,0.9011721724027444,1.03865293178612,7.573705523870975,7.56324571047032,0.28088123802878173,-0.018856938389935837,0.6657388935138967,74.09110150307109
266,19.009773889497463,6.633833407519017,2.5896656837374263,0.0069658351392698275,1.990983920444637,85.99257821180157,8.214807443954887,6.472875834706955,10080.973743723976,285.0413706972291,0.49396566927078284,0.24781857777516336,1.4033930023474408,0.8365705778004149,1.0114144590255383,7.59060352076939,-0.02711092629563341,0.4197050536949836,0.04920254873080036,0.609870560684705,71.85866176959121
267,21.00583152904732,5.20258332604777,1.8775175203912906,2.0298624557134843,3.0080092734938266,54.035015879500776,19.54579152408874,8.533844206392946,0.005448456443832604,0.036617108770352666,12.249989355495742,0.2990267631336201,2.79826742508246,0.6128480881718825,0.9913601635634486,7.295837107051955,14.554139775826252,0.3620297179826758,0.001886463553440738,0.05966235532930081,60.25596448350123
268,24.98940501121568,4.877592301447895,3.410132982971638,4.017266857774911,10.050357218930463,100.98528212774289,5.164461466044703,5.655455291803307,10734.993654939795,257.0090536649239,0.02231473381899399,1.0282630394925873,3.0627573151747685,0.6661779818230125,0.9632941234405078,5.228719249473877,20.867704053755173,0.6182986550167264,0.054660763753900304,0.8465760792685467,58.62548736217303
269,24.01015451530385,5.129704987168778,2.6836473831001326,4.991148314305831,0.9362791877236345,117.01730761232052,19.46338985661263,5.606244752391154,5730.946942429902,254.991115812605,15.15043154800708,0.04026259059908136,2.9045976049795437,0.6683660494414755,1.0068597332261258,4.235257868284507,21.145673049303735,0.464159678673046,0.018823326376728063,0.29394793425346133,57.720933731299915
270,19.99113795769583,4.893486067751614,2.954502668887253,1.9861143114285686,1.9792996220055625,80.98954716149125,7.346679623010704,6.372135139075993,5204.969226192452,244.9962986326897,3.6336741045069885,0.23371281890957646,3.1055486985973344,0.6033864319681282,1.050547455390042,3.666802031614362,7.306400577183933,0.5118855365364668,-0.0033726409065062703,0.6972653265545972,61.54659463133305
271,23.005053829288087,7.915796100510169,3.3619212668427068,1.0093846671030053,7.043975079358089,25.058204698955052,13.241746888758266,5.167779616905379,4925.990447892778,195.02602980423165,5.008390765766229,0.6543398710598207,0.10305185333626665,0.9720415982551741,0.9651748847994701,8.302301458990739,8.290242847118252,0.5359510632697666,0.017215138240711855,0.5050067413594373,74.5380041114614
272,25.03952792606824,5.785677678814216,2.2460847031856486,3.017213013297057,10.032776135008248,5.022268655227349,11.222196264148002,5.714336094413228,3008.021818381278,-0.0010949783233849682,2.9056478593342066,1.030282264721005,2.2120015227183165,0.727354692239268,1.030542254455768,8.270119999567234,24.893577227786647,0.32670976608490887,0.13611856981824103,0.5517276112223982,65.84160609828476
273,24.96980372304161,4.280505193435077,3.6966604345360663,2.041935329210945,2.0156733563278006,3.0373667044405086,2.984667193546424,8.813581643462593,11458.999517783415,303.9832515282097,-0.03205522896455811,0.21171893661353813,3.720837869772083,0.5231474400038404,0.9858568337828033,3.023406412471864,6.052733257039163,0.6124242373048877,-0.06162712466724798,0.7682349701023111,57.84100176061955
274,25.03419635683387,8.802525046905572,2.608972572020633,3.035735191348203,5.986542093806726,106.98246770675935,3.3416605920241316,6.673717326383245,7191.997838073685,294.03647324269224,-0.0226457565960762,0.5971223797177836,-0.03294069926873158,1.1663556187035533,0.9884170664555416,3.2797664441498493,9.951120462080002,0.3947365156855628,0.007777731319670292,0.8488137557311367,80.2911778319044
275,18.039513452020195,8.40038485930631,1.524994732998883,3.983755809804785,2.9735454450304375,114.03174408337702,4.785863647671626,7.505153828830221,5663.97039262119,228.00544800417387,0.05150288247553051,0.2970123533637621,-0.006500882592850563,1.0384341487588542,0.964736230262114,4.873867169597255,19.299125803060562,0.25922913126288305,0.0004320613112554645,0.766062852992836,78.49279093490058
276,20.99645794419027,8.614394811061004,3.081092521149867,1.996939811596182,3.9822635314227286,27.99062267723816,11.283374965238886,7.909459288803118,9648.000694982402,320.98268232537026,5.7566420368970155,0.39241806719927996,0.015473028046927307,1.0429635138537932,0.9774252122029908,5.54296206654223,10.97682574147391,0.49315637554730396,0.05800852603837647,0.4965251611928274,76.71185044139688
277,17.936344353029742,8.991940627400707,3.425927451540959,0.0201305341475331,8.046440246624561,58.003301044717986,6.547333633488167,6.478004785132411,5896.039573030824,258.014368205668,-0.0037010431613070443,0.7753799144166932,-0.008051844626250082,1.1726524757499923,1.0194034625668345,6.5155824798345385,-0.04361796016006039,0.5723803408765643,-0.04136849182635376,0.6813842425094374,81.00685313304831
278,22.981765340387167,4.844909206486888,1.9187736843385648,3.0320399333417694,2.9811467193253396,97.04905143011858,11.261165191359463,5.569621290411171,244.00466725338276,17.029136552395777,4.366917072131534,0.2938207116410986,3.128782706711855,0.5954281450013869,1.023133827062703,6.868241642494733,20.53394314136454,0.32814027578876337,0.1680902402280922,0.6340006223837225,62.12314143167852
279,18.038909836396833,5.987016783492348,3.578400314003342,4.028169084061144,10.00304268892719,15.968716748297307,3.7431963402930313,5.7631660132799025,2099.9547805925554,95.96976980805637,-0.036979876303012686,1.0662417723252726,2.002705354900777,0.7735929032435018,1.0070757424322982,3.7483577700451107,14.911624295366815,0.619120571165809,0.3521083569925565,0.8553980688277141,70.18058973524575
280,18.999313958131033,7.823814554014314,3.6722781157797684,-0.0019163349849404003,5.977388770654148,106.00609743193917,13.559048886208375,6.294330786190964,5562.962454316171,216.99398638259942,5.35558441820768,0.6390692013235418,0.14135232076629364,0.9952616281825821,0.9849756140572045,8.141555437159932,0.04651117695161869,0.6264568300785295,0.010284383318801778,0.42957454865276296,74.92924851370776
281,20.970020933031154,7.491078717622707,1.7623948196288473,-0.037620679572855496,1.0252832209029707,42.013140157755565,1.6291549927465134,7.53142705851891,3761.017663666317,199.99259949897234,-0.039033252210194845,0.073869904644327,0.5251828675759308,0.9357431384836484,0.9668932839330329,1.633729810258854,-0.002484934882482423,0.2878823057669575,0.03296838014733309,0.8555293863963063,78.84368540468004
282,20.984856752363154,4.792608497924563,3.9935513548576314,-0.029968091287367736,6.983838211589607,116.01560013142402,2.4190344214716717,6.556511294890965,-0.00672946425667859,0.013568614973504296,0.02867643827042142,0.7080306220698186,3.1964869031943404,0.5708100970643191,1.0018527540043067,2.4457515409230353,0.027578177421992776,0.6256150967137115,-0.0189711673189818,0.8623108727048096,61.72178173798643
283,23.025218600795135,8.129591295177178,1.4115724990454508,0.008179005429582428,7.9970721832953675,78.98647646520719,6.432564317510448,5.0382479234321025,6721.997762593097,230.0189602496858,2.052779798178911,0.8028793748970929,-0.05309132499375859,1.0110545121906482,0.9890513708735015,4.408444159583403,0.023612050665277308,0.2382086509691068,0.024966949167553355,0.7909911271118812,81.89007988330489
284,24.016402007046043,5.078640803182232,1.6210797999549793,2.0102667673827304,7.949498536008715,65.06258792302424,16.124328262374426,7.096133355115695,8757.98161797475,298.9834557826616,14.358642874297407,0.7957311967097099,2.8924313041913963,0.6024041668100334,1.0063354426731228,1.9157969694498966,3.6918674313883524,0.2143923704406598,0.016845753324615194,0.30161470018091907,63.53246247756377
285,18.992832037024908,5.053715903452713,1.6072263027160123,4.967039618796968,2.951598952913852,32.96115204343979,19.189402892707555,8.68031970605,2661.015102366366,127.95521746472282,13.014211409284714,0.2699166733008756,2.861949068641562,0.6367884671238928,0.9903628690053901,6.207349943560719,31.128702294474028,0.3040498739917429,0.13462146106685954,0.10320671013708207,58.437815656336355
286,19.98899526764556,6.695181066414236,3.680029196053194,2.0013370883266783,10.000230195799645,118.04376656165897,4.026950295189101,8.254455930469245,6174.990972468602,182.030953962638,2.7007537284449525,1.0133769395441996,1.3225939385678245,0.8606834439937897,0.9911300563994361,1.3163467961473394,2.7347902854174224,0.6325346890757918,-0.015334907112492507,0.7238549301056347,70.48045645290787
287,17.988247255528684,6.985474781462538,3.011070493134755,2.0189367307091537,0.9602452853440672,7.036451968167749,18.53734324523335,8.26534910478776,17297.994401603348,322.96640164188267,13.38563062985852,0.1253821488974391,0.998924770595615,0.92653340198576,1.0047688205833738,5.207246371108475,10.422521100746385,0.5252832371686093,-0.035586100426554045,0.05104783544024824,68.5714573479383
288,21.972327694465044,6.871012610407402,1.5037285708455255,3.965463200274786,9.063152599180036,12.057026663688111,4.052526369895338,8.202797385295295,7603.97446329825,352.0081355261513,0.03173931096204404,0.8749830394479966,1.0722876390559466,0.8298645265216714,1.0105657739393117,4.054511123827969,16.212844341826244,0.2209154790007091,-0.01885668690180722,0.6861339920272604,72.38505038435416
289,18.048461270684083,4.494738646323039,2.32808168503808,4.033149916054133,5.9381543066366325,104.95235318703877,11.685325727534542,6.260093987157294,13272.027650738944,306.9960405730381,8.12267168149857,0.6586662425186762,3.5243254417088856,0.5549862418801221,1.036717638702932,3.561324135946073,14.358474082496274,0.39401576648262915,-0.03189174889289978,0.5012319688821641,58.2606826442305
290,24.99033038592366,8.414745169417404,2.8233081010879455,4.988674065543205,8.975994741040077,6.973935055363309,13.45029938991684,8.041832910340897,-0.006633983748492643,0.004873317156122268,7.109089909426256,0.9456600974770667,0.013755769979887457,1.0342556674732417,0.9898903499777593,6.289725848045103,31.53504075236183,0.44666858249318014,-0.016949339508719023,0.36340977345894093,71.97210938030196
291,18.036514755624765,5.2997213431529655,1.300914292417619,4.037728393377299,7.000501026018027,93.04475829177485,3.004092048218045,5.589464054484548,1251.0182364099935,67.0495370191512,1.807847638580393,0.716444966768537,2.6929270578892393,0.6707121813252246,1.0163648355115682,1.171672583602295,5.139911390346233,0.22113875806214353,0.5098256674172605,0.8790757933207641,75.56436659021486
292,20.045639481557675,4.609209432180587,3.5730824098151626,0.9839964266267229,0.9890460118661265,94.9436888253611,9.305207016170712,7.666118768950307,9571.96419225308,225.09114844840866,7.98170320646396,0.0630484089199356,3.3626320768139095,0.5293457487106754,1.0541086617709623,1.3581788816491547,1.2594500453003998,0.5700469161074595,-0.027341743885885433,0.5229629331021831,59.448165352153964
293,18.02994932694444,8.454402230955463,3.3804114953250375,4.9692012355134745,0.9668756363000824,98.95180623296879,9.880795047668343,7.61757323704139,8275.052016494152,372.95099687765804,1.4736747002082247,0.11204225877953687,-0.025274213806097803,1.022140119686251,1.0171622897268269,8.354265833974774,42.007456533600504,0.5641634108472545,0.0002332073639580752,0.5314007962733601,69.6655960108609
294,18.987051390618458,8.789713634153275,2.483506319210859,3.9862558903047485,5.971262164815142,109.98535076639865,10.270154294216255,5.131673947153997,8242.038321221155,316.02951718466,6.062573019406182,0.6084593400469339,-0.025723737291181166,1.0492395032579411,1.0349275298069494,4.215320169402536,17.003136817851335,0.3753107516572709,-0.03537051272750675,0.606354394694807,77.90121051315973
295,19.0121119027101,8.30835045903934,3.890542009982512,4.9971455563076805,4.970280377675023,93.00575981365867,14.221801350334092,8.140277834485946,2945.9427060699104,120.99531256681968,12.065786532495427,0.515394658286555,0.022394916097931653,0.994350863780047,0.9813811798219383,2.1523179216028137,10.729279068680341,0.6451990822897713,0.17359565396817334,0.3040385529858429,76.4857727917468
296,20.999274131808274,7.984723599122026,2.3080415128276925,1.9883456027968556,8.991398349155398,64.04776675220947,5.494583491273428,8.563769007926986,2482.975941875748,126.03143563541137,-0.03497010256895648,0.9477139281686922,-0.05042691856932681,0.9801868661826374,0.9783893307895497,5.49035479616268,10.955642749924968,0.33400188134272407,0.09033083268870483,0.6136181577597289,78.82408746459302
297,22.972888944178095,7.27460920840339,4.0214552317038414,1.9935199573528066,2.058557872685523,41.994442022552086,16.659110342329228,6.112151667568087,7623.01432903173,362.0287178922854,8.761267100097461,0.1947207783615014,0.6985829555031077,0.9626264783847766,0.9952187761484519,7.994420895362846,15.86499291626305,0.7190800779345852,-0.003636930783815724,0.27634862873895133,68.08516324598627
298,24.009730778451647,6.782452770397467,2.9984664392095386,5.010018954490286,8.002338118896747,37.98175282555806,2.2380575388024364,8.29112087966715,3489.9604081403154,164.04229234421595,-0.023440464047122918,0.8614347973896723,1.1924914682768375,0.860428014307979,0.9984118034435878,2.234722800807584,11.411568717399222,0.5048121496120684,0.011800739202996027,0.8392277735039959,70.74859677455403
299,21.964628806265207,4.38563724285435,2.900483743637014,0.994864618906108,5.0354870146816255,80.0093416981309,3.307923116221257,5.309840715399395,-0.003947822464899774,0.008548947454880915,-0.09028023428049521,0.5121951303798125,3.6310661705332623,0.5519498762079942,1.0321247355134784,3.2971616328770006,3.2361435634035463,0.48350373981752276,-0.012546932043114436,0.864454349087344,60.99085182429444
300,25.035630381653846,6.010784273926414,1.5042991891500002,0.9980166281814398,2.015209290374844,58.01408789449883,14.876105549092063,7.4276356711347375,12692.01279895358,379.97331270545135,13.115421509291584,0.19128610473016205,2.0069820967302596,0.7904065801208545,0.9781094815245593,1.8095447232154298,1.755908783265073,0.2702817116634779,-0.023338877129647054,0.3403263009065054,68.72318595254333
301,17.986061481081048,5.970472273601023,3.58452284060603,4.948723208023922,10.033415871939466,83.01323719466511,6.664441249962068,6.930034666182078,10386.99445822264,235.02782948466128,5.199032442356494,1.0719813162011924,2.1160563085543096,0.7490079364355026,0.9973411626940724,1.4924083820704186,7.351329896069888,0.5610207953783327,-0.019635857119956822,0.7240921229512902,65.4407730140319
302,18.006034789676185,5.278518696911725,2.2722382322707113,4.011750940480314,5.916001070922192,86.99466041376147,9.97551000907542,7.225038306505351,3790.016165161106,118.00353992728432,4.143138962607877,0.6248967570006027,2.6842391998880997,0.6768272833419102,1.0322447574103963,5.825371049407659,23.163114084073108,0.35991080432633393,0.2842353649487687,0.5121014667893213,64.47245245738787
303,20.008498636146385,7.587501240831536,1.4473368630806787,2.99732390106925,9.990866259365554,112.94134741658246,14.920825818286971,8.684554060127885,11494.979200102862,511.99298470354597,9.061541301472461,0.9863579833912758,0.3630700543748425,0.9358092660446059,1.0064663075019602,5.877854454452441,17.592522581432505,0.2659317944484271,0.03828945084528222,0.25291038482843925,73.25777715875533
304,22.992232850788877,6.498106309606663,0.9791455192576939,1.048308789414486,8.039214062694521,84.9724715203268,1.2556259707768471,8.549359538626454,6087.932674553735,285.98571328357883,-0.023323432719863448,0.8025264976683933,1.4902357207237051,0.7933801493317275,0.9996754908908625,1.1889024100835541,1.2855896450192432,0.17151030661386465,-0.015446969786398689,0.8742038324913485,74.79260644213632
305,19.017600814044258,4.411873965461293,2.714194363598034,-0.02818695501761874,3.98284792531752,92.04260813255803,21.456718487914035,8.163583616427948,678.0294634593649,55.03019006707316,13.949530782521078,0.41905699065563606,3.6233148715777928,0.5106661915080575,1.007154928644008,7.550267553937433,-0.004687821832997436,0.4284104975887579,0.4960723395423979,0.05323495250919956,65.08190910905591
306,21.985752890301324,5.1079065243586435,2.578912656858813,1.9457511401450145,2.0528741949460882,85.0056120681393,16.697156742119187,6.14392634534058,4993.029274439608,238.04810108476022,6.87033169274614,0.19547416919643976,2.9232467189345535,0.6194673130187582,0.9661734249546741,9.7382484534071,19.55064299966742,0.4527747046276714,-0.0511319600395389,0.28148949434846626,58.68214986588408
307,21.026138918923717,7.438522873818444,3.192865788877222,5.018542054817901,5.044516704613033,42.99032433642679,11.081840309927227,8.636086081910504,6093.075109099269,241.964139423239,5.460573432921718,0.5040172360713485,0.5870823728665288,0.9165842975770284,0.9656874065727412,5.630852266340284,28.274222974376475,0.5424152719486512,-0.005458218323037491,0.3792768313508867,68.09783533098067
308,18.959620609592598,4.327208237883944,3.71399293862237,0.01039581054939001,1.985926078516176,8.033545056451219,11.03063605897376,5.402150888133326,6909.933784404462,231.01865856727437,7.095097267728791,0.17548389189011837,3.5741776858605427,0.5603415684255076,0.9523535874509917,3.904265793539741,0.03961269068931685,0.6318333848476403,-0.04354666497843387,0.6030629590142867,58.63505850646429
309,25.003791387386393,8.22839210389413,1.21562068489268,4.969747009384066,1.9849050944286093,35.96609650102893,9.63736229225314,8.38092162404967,108.0225249632804,2.9888283844373205,1.4030783347999347,0.14944416407576278,-0.03170037374721559,1.036397247548659,1.006200453621088,8.129343877381205,40.76477550057072,0.21169215440749942,0.017099876599599526,0.5158490606368026,73.62123090544225
310,23.058167869971747,6.485123654839695,3.167614014435019,1.9541075313498772,5.969591824729366,72.99323955598861,6.241660966402521,6.335319677563575,20158.940939535856,316.95598182805423,2.809627616196229,0.6031925796823413,1.4959012019182032,0.8015479160239694,1.0275656424952906,3.465871595469602,6.8520229958481575,0.5128912433378183,0.03232117241787663,0.7403522251095194,69.43071051402633
311,24.969990060261832,6.432919005626312,1.6299117806936094,2.046121901920529,9.981112173044085,35.00413275215522,8.90933399329694,5.246971245985113,2497.0526947984504,48.00443117462289,3.93358039953734,1.0042008346667766,1.6040965351515797,0.7726496974430975,1.022967594538116,4.94433005904075,9.95441711970573,0.26439123756202565,0.5110055111341758,0.6887177644186516,78.96769338965704
312,23.979667650884256,6.953030559051832,3.6338205026806647,1.0424233117182033,8.963022328074933,99.98675867490117,9.389533585390692,7.751910717546036,10677.014636005011,205.9750058665943,7.7366004396655885,0.9158135877467356,1.0441957453892727,0.8869738042386563,1.0343088397769444,1.718386679010528,1.7030275732376496,0.5442883142817116,-0.027060322815654885,0.5031967419419807,71.3500254979875
313,21.015417235489767,8.009771029809187,3.466104504283443,0.9253762972388161,4.01286433541299,91.00302288468704,20.912044831046277,5.944461193916589,18192.97144213457,285.952667403166,19.668781066297125,0.3827143087868141,0.003699922728566236,0.9975670173889848,1.0436266665716163,1.227874295868305,1.2282552627715986,0.5680083672232135,-0.02691292280830122,0.1446526377340437,74.84363600838346
314,24.005387453458187,5.7171353821865765,2.5752848939107653,-0.013746690877695028,5.956318605199607,26.994369182057348,14.118840810794564,5.991722826075183,9648.023406674238,320.97654778583325,4.449872167450112,0.5597833711637801,2.318412979814214,0.7231138952397597,1.0043394215346448,9.66762110689153,-0.00756742312043807,0.42597303441418544,-0.05006560305573258,0.4056086709002071,66.22180089532412
315,20.010518902978205,7.407309716711082,3.135732720494386,5.049925761643517,7.018111990485707,40.958019708566425,17.177518093228905,6.205875088704886,745.9834086497685,12.969166782462585,8.637543090404128,0.6710402659075795,0.5765859603628731,0.8676018367121939,0.9980617684667935,8.497215066077048,42.65875374816658,0.5354692696662847,0.18083949765098178,0.2951660079236382,66.96096473422513
316,25.01467561390443,6.767293747796017,1.8955943943623408,1.985718123266664,6.018842360907008,42.00544433645637,16.37731309296561,5.266241381179057,12692.009012482986,379.9805993944081,9.16961252554419,0.6316690127051947,1.2012510301478738,0.8600926348890968,1.0442789408452737,7.22854661148723,14.591860854612237,0.3320311937575839,0.008317141014032218,0.3706378177148436,69.57066157690636
317,20.019041644056852,5.270433811978372,2.3334066615764444,-0.014718367020799579,7.950163867844482,83.96014944625462,10.38715357549508,5.698603263739373,0.00617882148627252,-0.039776522308610666,5.683145162806727,0.7800016606337729,2.704202353666106,0.6849072070838871,0.9789695440996874,4.675963439617662,0.002099598878882622,0.3774375459710936,0.054265626451243686,0.6097132659575302,65.45457219309607
318,18.033290995258685,8.370907688410961,3.458009554858019,2.991517220171119,4.04649455818985,87.0049684537529,17.828047401362063,5.02347582276526,2091.0523250440842,107.98814579674121,15.288791320088215,0.3867375704258872,-0.004215915835331336,1.0685859257809125,0.9646440213885026,2.5306654523291656,7.75147830361537,0.5601071551683158,0.20082794801987094,0.3167068292720667,78.82317988106111
319,24.012294559707854,8.003316059524218,2.3925189112448253,-0.03362690921304478,1.0154082788324565,41.041224074724504,15.803430428067403,6.785235469846374,10499.054447777302,305.9786025261575,13.425407370831168,0.09062759308506665,-0.0006545639060977839,0.9940983872394792,0.989833616422927,2.449740055188501,-0.016635226476555378,0.43920922896514003,-0.05316454116558813,0.31543716461143456,77.52359372233565
320,22.992762270361442,7.281210541714509,2.065108720491462,3.9488567276731588,7.022490940643346,102.99156930408172,17.027547637539964,5.329430853799525,3586.9820820388018,113.01126841631437,13.745968611114742,0.6814217149213962,0.7037865540286034,0.9399595494627313,0.9863277007199736,3.2108930309676023,13.000260272832566,0.341182748015722,0.3107603978973936,0.3268582104542544,76.18839986656512
321,25.02017721103608,8.314821917569267,2.4875972868809066,0.031576419322042464,2.9772400439537168,64.96485550610088,2.11153365243274,7.73188835289626,12386.03174316854,299.01780616959195,0.017572756804866706,0.279203675174015,0.014431104392829467,0.9993112335113247,1.0014498023746305,2.150110069331321,0.020192627805605306,0.4200941642412268,-0.010825134738950696,0.8522529285506529,81.01399873687154
322,22.056996458046857,8.214361200112869,3.5009718864105075,3.9447118928125695,6.018671373554193,53.99619036560385,2.135125232325438,5.928741144908598,9148.010645204668,336.00780445730334,-0.06340930243154855,0.5738662930609857,0.035073541302412845,1.034823818043804,0.9744994092657064,2.1690607538258186,8.6154902781065,0.6068907925340717,-0.013998722326486772,0.8937708244608092,77.84829288248993
323,20.996020987608524,7.474294444046166,2.043867638121042,4.007418143563263,2.033791803491662,70.97504086675764,9.203276872870683,8.758608066248984,10929.95761953799,213.9929366662638,2.287810373587225,0.242019697237046,0.4320335662508087,0.931698125965179,1.0110919943429,6.943856197606597,27.786911931421802,0.3309482832921639,0.044340792286467055,0.4905517742285578,71.09318118838404
324,18.97076412085988,8.166218381172667,1.4912863825131664,4.02659738478273,8.99704174802986,47.01783527007895,2.6161406102719305,8.522299939545068,10685.979113148589,265.99212717212924,0.040213174078952744,0.9204030205002879,0.033412125424160624,1.0560919906712325,0.9829266387882855,2.573792012523402,10.344445159600907,0.24545020233494433,0.005092870873410125,0.8004034326157861,79.97619767248155
325,23.03321242007861,7.492309779648825,3.1321762539871827,2.956463211032965,1.0600576737774507,89.99556033757432,5.467869413124055,6.165262409254792,0.07008438298798872,-0.025112249622340963,0.03594500004369237,0.1374346231945071,0.4486757565104607,0.8768852048842636,1.0368461147906762,5.519707630970579,16.453676232599943,0.5072067101933799,0.027125874422287453,0.7836810662399295,72.84242660545604
326,22.996388565081393,7.383858567245296,3.542862804861103,-0.027728052077852148,6.001321939047388,21.05129289754994,9.605731429226646,8.14041198816601,11886.010735632033,295.9756101602177,2.003720908609414,0.6434801926938251,0.6092628846311022,0.8932561084621811,0.9641630348968088,7.634943999940286,-0.05227509065371493,0.5680611433488815,-0.018679420550332226,0.4913035474488526,73.66838364835314
327,19.934819913619577,7.123935313396872,1.3430292900805623,0.0363953756517477,6.034223574013574,100.03488968787032,21.86902905129927,8.166280856930435,14335.029993387385,346.02110811604234,15.86828826763716,0.5295036060770105,0.9706688690726546,0.9399175242589154,0.9958158155184369,5.998200698436644,-0.009713709731440149,0.22095374248180696,-0.021754339478114528,-0.03229895946074249,73.32650935079292
328,24.025422650314514,7.744219896850198,1.708542637801567,3.0159867516068113,5.00879026421776,25.995407584865557,5.756116054833711,8.962703749954912,3587.993638670629,-0.052791077959513925,-0.003200471534790674,0.5103036392608423,0.19872379134722673,0.9020830162846512,0.9899525712526747,5.805254695011194,17.352528350874934,0.22865942353311894,0.21328880448638987,0.5859910273806617,79.12956511984842
329,24.983940154421383,4.8013647442899225,1.3411013255648307,1.9814814287936333,5.017565645985706,120.02146827203919,7.223625404027193,7.405912703919257,5564.983801742558,286.9975782518506,2.436710235456765,0.4824146409830504,3.2054005741824394,0.624432719150625,1.0069266976801141,4.796479845925918,9.511965431339465,0.22249983935128415,0.02011099824098595,0.6021599412022122,62.967655565124694
330,24.997284001530875,8.416750092696352,2.013824745962116,1.0360674701008352,0.9498600319709568,91.98820290772511,9.075948661944118,5.318049841319337,10520.00081793523,179.99029412815315,5.902862332040915,0.13350428933060046,-0.009307791417614035,1.0289901851091858,1.0278011344848013,3.266774741538848,3.234936648185287,0.34954085981904287,0.0015270026636984627,0.6333966124364864,80.4809445299879
331,18.00995940991707,8.45569942309686,2.431451996634406,0.03619607170362907,10.01113161214646,66.00101870655496,6.054049191507111,7.652550890287821,9104.992016878343,288.01797396304124,1.8116953469478574,0.9777558639027232,0.020017870417948107,1.057641078109383,1.0079863271916683,4.219889340071178,0.0054426516018385275,0.41271036968095615,0.014038829246997314,0.6691015430395355,80.63257787300206
332,18.005714990393372,4.085547020867195,3.1975679868369378,1.0080715807904712,4.977950746962282,106.98915697410949,11.249312020035763,7.431323182074478,-0.044797587930947944,-0.04275035950267052,3.419581565113235,0.4683755073090887,3.9108662565791925,0.5549134721157806,0.9961422640494636,7.792076963532944,7.815585732206638,0.575665273263103,-0.07809697567487016,0.46109822999911027,55.87246954880365
333,21.02128355451417,8.109733758130576,3.0523375161022575,4.97299519316379,1.9746080508266695,12.02299367879549,7.184157618124409,7.573531014073116,8862.969900236276,264.00037442116457,6.08807996082084,0.15697862418040695,-0.020281417343372132,1.021296206132365,1.020737651132959,1.0671477175829842,5.619919578884746,0.5251225252702656,-0.05645904979777597,0.5988494476419314,77.356876959038
334,19.986935408882903,4.545884116223129,2.9257950068440235,4.987596538895846,7.052323095533979,44.04298964830129,2.3795650365534704,6.251384144148647,9715.021236535433,395.01028953024075,0.27513365998962896,0.6909197526706359,3.3965694083444555,0.6180360013028304,1.0252907430824845,2.0509847764409748,10.230475930535741,0.495581064513821,-0.06461037697105712,0.8377070626062054,60.558496900567285
335,23.01539317394528,5.6282413138706096,2.1170482013145837,3.0085916023186616,2.9935868925581297,9.023959446215734,14.084921806715004,8.456247487959981,-0.011420720673072326,-0.057141936558719846,12.643635971080528,0.3274483578758493,2.2664469048866835,0.6977295245763959,1.0080759939011303,1.420787672829446,4.237801259436792,0.350859888260616,-0.011378815628579876,0.3142135681212128,65.67040735811095
336,24.992213599672482,7.725343231273452,3.5325914213361753,4.994342155125575,3.969900945070735,99.02765809803856,7.081694906060197,8.845286381169158,11423.00077114646,329.96777016081415,5.763608377755289,0.4076850165058394,0.2964317573630304,0.9516947123247128,1.0116277548191948,1.424337115324048,6.8622484045906,0.5696373372635454,-0.04192979623578658,0.5883923857178097,74.21348018184581
337,22.022164314426625,4.799833191190558,2.4100010955378264,5.028168715347046,2.989226051156734,8.027691003117072,11.998985692868583,5.8865203796787515,10677.007047691515,205.99724630459562,3.2972420603725894,0.2639205520459157,3.1874188343924983,0.6236052674654318,1.0193990663888683,8.695670037591137,43.45694208489338,0.41509804760435465,0.05068964290550944,0.5236400722515823,53.69145738916558
338,20.01846102452039,8.135355380693952,3.825215685018139,1.9541067775967198,2.9609864931323426,53.016537677670044,7.873689081147572,5.3760452643866765,3790.0093915014645,118.01542440722903,0.5043961598024866,0.36457977271085673,0.0040962285477215005,0.99931708619153,0.9506821982245225,7.34415550351364,14.669260416839828,0.6597046859250333,0.2529001176770419,0.7248678071991208,78.09433474446219
339,20.971936838938664,8.158797913330908,2.8850258314558888,1.9551720941280128,4.043016534045888,118.96582141522369,5.999678816564241,5.75822337248504,746.0343973718394,13.00547497933338,0.7443980071201705,0.4194861591847471,-0.021297416914258176,1.04292039143114,0.9894758436563063,5.290879753958897,10.496973631072509,0.4721048723244939,0.16145898692040364,0.7717707421518437,79.77121670589695
340,21.032579463485252,6.5155970641858625,1.4359150408174355,2.005426133344473,4.979129577675004,118.05102914558249,21.049952845778805,8.288975868665402,7327.967039125548,318.0168136275885,19.176240878657097,0.5233223034727306,1.493567049297414,0.8480141264973305,1.0112870179362599,1.8959096894886387,3.753902672009064,0.20732058286512006,-0.032693763491817,0.03135669573252155,69.59379061154657
341,19.98392109664658,4.056064535216316,2.975772259797051,4.985253667585793,1.01587899801831,26.054132324800953,8.407498835492268,7.7045004947393005,14269.017107581707,397.9676188246208,3.01821280017145,0.13855086482042975,4.000263183255644,0.5260501068286216,0.9912517754867688,5.44986118980601,27.089861980606397,0.49840705563727217,-0.03362964272280496,0.6041968485127265,52.424974345137606
342,21.024241733948433,5.412591168250718,1.9932958248428918,2.9811885415590678,4.04068320142631,32.9929836119006,17.228307135916506,7.507186947993235,2564.0226508338055,115.95233748950815,11.992113907840174,0.3507935323412266,2.6023525309386994,0.6276326530366025,0.9913555933108543,5.236699657781315,15.756219434080949,0.36801354223614635,0.24012049243961864,0.2602217697517835,64.4745507682047
343,20.01101861940204,7.108297445167731,3.0686549105829077,3.946958298424768,7.984995419563558,113.98887906254352,7.933263547175824,6.631515099238399,10735.02957555337,257.0025351741727,5.3616931450126675,0.7726569758423636,0.9082285114711757,0.8772585766885143,1.011247046283998,2.5295258391771136,10.235151932277391,0.5199728880586056,0.0534723697378415,0.6238663798210172,71.48831394333817
344,19.055145510303852,8.90025668242473,1.253517677856053,4.0005863753439455,10.015960672968184,0.01837234958746125,12.137946875424625,7.293069187259478,6156.957612472018,309.9631194028536,7.235281061842451,1.0246903407077281,-0.00522502995842959,1.1209549745216447,1.0119293492204628,4.896248018225058,19.60169058357763,0.20085192525888104,0.01247466037474506,0.46144115347702097,79.01946881634427
345,19.993296020528845,7.152873556286223,1.5504447737225404,0.9984173467599771,6.969097418352867,31.016524385055504,5.749556779643961,6.185064239756616,7711.007644576551,375.97404033021854,1.1813989264670433,0.6756778501593557,0.776399190232049,0.8926831938111183,1.0140117806371265,4.521320617885569,4.630543454582384,0.2626950096069703,-0.06095243510792637,0.7316913660527476,76.34514943615967
346,23.989520496116455,5.34066718807131,3.5734839331457784,4.019604369458552,9.07337308707341,87.99394161793741,19.403532916159207,6.89382668017895,8247.051482278392,233.02796835064478,12.869865896110435,0.8917495958323486,2.7024621981794876,0.6648809804017459,0.9762332961483908,6.541463494761909,26.205978473772763,0.6144396170693255,-0.012764343918713533,0.15990436567173347,55.98271932082085
347,19.99941741182337,7.181674270805848,1.7044189400116725,4.0020671839936295,5.0280914040384985,91.96249923033237,8.809467766246454,8.146033033057206,7705.997026384425,251.00567298670302,2.161611832316348,0.497667780415061,0.794634265232127,0.9088521223280778,0.9574658991833745,6.696055365036548,26.887513999564792,0.29080055119877635,0.009398024594770472,0.5729195243479183,70.42711136945684
348,20.99090460651497,6.715134497691491,3.4795851785670786,1.9960218776527852,9.994221806837176,70.00917103572249,16.12484655247307,8.950854370275703,3809.014504841059,214.98295565284235,14.737736909959922,0.9616778383411024,1.3307393692632161,0.8217029563784729,1.0241316034705752,1.4174024879572324,2.8390208397236494,0.582070923392797,-0.006838988101613763,0.197206634688615,68.1294430036275
349,25.02399825705826,7.853108970802863,1.8184483391709414,2.03531001910371,3.9768149880733312,112.01654309614527,4.102315203744591,8.734595794216743,6175.023411867837,163.97905905486078,-0.008920246353465678,0.3891754845359908,0.13452224502731042,0.9816968335863241,0.977727534775345,4.082047936329903,8.18390791713393,0.2847545387020377,-0.04433414938439112,0.6872710274345075,78.66317831446088
350,23.951510681746903,4.464616210064767,2.9152904923172698,4.960625980896544,7.996580103414812,66.02177463444116,2.50028535519823,8.781471482370698,15111.969235904668,388.01862764670665,-0.006884981513447996,0.827435096520555,3.4588375869368893,0.5270689581597944,0.9756542393118317,2.469537015620961,12.539143880808094,0.5134790350596642,0.05548546728126362,0.7678903069962755,59.02869157295362
351,20.96838952742561,7.843052621976667,3.124351167148398,1.0160916765654273,8.989800488329454,83.01047878317063,1.0707371462641986,6.590003313063009,10544.05501474187,245.0063591280695,-0.027561799050163375,0.9218836166945352,0.21851463645253272,0.9606647463927803,0.9729474542376393,1.119325705890272,1.0711787164748006,0.503857816792912,-0.02506481859134559,0.9009918869120582,78.22670068489414
352,17.967965912352625,6.689580931331265,2.509957553431237,-0.050134414943860464,7.0585883366199855,18.991866545549144,5.2526571768738615,6.906225096156895,1532.014985023909,75.96356330073031,0.04340729834461373,0.733390439859024,1.324532324832697,0.7916996419170256,1.034530904240066,5.28247557312624,0.06358115809433808,0.46383652430251376,0.42218219284619335,0.7111069495539488,79.94988462724409
353,18.02850922775921,8.843598264281278,1.9880621861916539,0.9748491435999758,6.963233958333553,116.02982006118519,6.217305494767676,7.905188687444237,4597.015585084426,228.94156528800698,0.034188862638472844,0.7302962762137238,-0.040374938875924186,1.1034949008707808,1.0063608043625938,6.195885765242759,6.141734255405714,0.32129742484624174,-0.0009262858794564378,0.7032805352742454,81.433112605454
354,25.051318401177458,5.697653080228244,1.569162287049678,0.9636202860213006,5.004044042698706,93.00197545492698,17.44486062355962,8.700680974013814,4731.95013917866,63.056454054979206,14.96719926139839,0.5121762177710775,2.317384184567381,0.7067033338692436,1.010275701951536,2.47191527755549,2.4325450759471363,0.268247403419326,0.8062776039368151,0.17597112504676238,77.65706890296468
355,24.996866523443877,7.144743066811264,1.0486818993669047,3.0234582760635575,3.9994498580009887,33.98605230956906,14.947547784217852,5.595849465869695,2718.023836343946,46.96332562324047,13.328999717655307,0.409800354949291,0.8268786475329889,0.8725261436385412,1.020686535496824,1.6490385805400805,4.863506954773284,0.2061326859285203,0.5769321604030281,0.37383005522077906,83.59632815901112
356,23.9949353483043,8.72676202799195,1.888207293978956,4.998037692992138,9.996477690989654,97.99458039853863,12.205363927357787,6.240805529926762,6564.015192310241,345.015830895099,5.382876344225189,1.0075999228031984,-0.02848939913635771,1.1410577942648654,0.9987288840875336,6.740943632117297,33.872241520107,0.29707108206415594,-0.03946921959535275,0.4521349198531071,74.5918190766037
357,19.002101564893394,4.482303230467331,2.952960352033192,2.999594902662211,0.9967415003518497,111.94762092902575,5.76108837877915,5.517337740177225,0.048725739831661924,0.04532078797014522,4.550956882118734,0.08118858498238118,3.4929097513063687,0.5551376555085947,1.0303806538799714,1.2769448999932853,3.6669247096579007,0.517216017229575,-0.044417808266554906,0.750871131098778,60.63717187003472
358,25.034856349078247,8.72096066440551,3.75522613189982,0.9667980103681165,9.996517875696386,101.99453274527464,2.8037282922582114,7.467574518924024,10428.99066204357,334.00442792706497,-0.02089051353323026,0.9691016582883816,0.005589598074606649,1.0960965883223885,0.9640959053206133,2.816360449511289,2.796422895761377,0.6367910809893575,-0.06574736191357232,0.8017415305021504,79.38754787870245
359,17.972179405974284,7.400756326026203,3.569960560374061,0.9910091951220134,10.026191981989964,90.02065309559624,17.988892302323766,6.239193689619487,-0.02962974988795325,-0.01801310029401614,8.57872484390573,0.979312079616403,0.617113741802978,0.9058410050546362,0.9674317898273798,9.461506963804444,9.487686829400685,0.6123264402685372,-0.008748138339620284,0.2737464130295199,70.31020275594808
360,20.007151069482042,4.253706453161714,3.272334332837051,0.9770960409007267,7.018269533394773,89.01019349066418,2.629801512675395,6.292207578498051,2192.9795328301566,117.95721852874912,-0.05788529068625015,0.6902191205032759,3.670346817686572,0.525069559377881,0.9657769160300188,2.6386400628161977,2.6310241223333333,0.5294921648836574,0.13953643863487053,0.8746139674563428,62.17938025506296
361,21.029255928893473,5.504928842961117,3.3713614569414982,4.0115036504456265,1.0125673483411837,77.04561992518944,7.4257218594693954,5.253478908773854,-0.015149347050218967,-0.04320031608960091,2.860509537190964,0.08032522165771672,2.534710200934468,0.6972324041254561,1.01265005492711,4.523607511665484,17.932558616171445,0.545877554275837,0.01541611813939425,0.7860317647153215,61.838912677931205
362,18.015032825098196,7.565886694264584,3.0155465685133622,2.9702672659400515,0.9089803191356419,15.99211075257953,9.22284505680476,6.420819497209812,2502.966434604456,96.0113008454603,2.3944671230363035,0.11241495215451747,0.43911955609803194,0.9275324685057934,1.0151925308859606,6.778433959857865,20.354691513461972,0.4450244724007051,0.3358721927166196,0.6000578237590849,76.6946305206754
363,18.005687448497962,4.3147895937554335,1.78481432816744,1.0398938309561523,5.008993846224895,17.0146193948916,17.79609958080235,8.420827887811681,18258.038704800714,299.0435292896885,12.654696740074867,0.5060568564819276,3.739712366467765,0.5375991007066481,0.985822538898595,5.076783601983714,5.1495205929321735,0.28628239674192696,0.029211224830683915,0.1389806554517766,58.23550738722842
364,19.030031382777015,6.898274467409837,3.694614562753826,1.9497325865112771,8.950330819194898,44.02378220528917,20.831250436216507,5.994009368140457,7671.039830935888,362.9881362270989,14.894250010045418,0.9092797049616066,1.116508024033697,0.8867047384606039,0.9930268495363368,5.899953184611914,11.810844344335917,0.6013754751411696,0.019640525658773538,0.1628330766943816,66.60738895613099
365,23.91890303121002,5.732260302058707,3.026826983235028,4.975804405026303,6.019389604894075,115.07028571024863,10.126339990858046,7.783425072504644,13367.994126248966,443.9833283861355,0.6286925719348374,0.6105422419774733,2.2813468546657156,0.6969592146144344,1.038042118023857,9.477754963753368,47.3419649540421,0.479978889961826,-0.021866449365116575,0.4565623951003739,56.445556833663524
366,24.020336259585928,7.106320053956093,2.6770103242565573,5.050316015298983,3.0442349210271153,92.00434296473352,8.354047728447977,7.483300788566405,4476.988217202337,197.02092443272434,3.9114050361312183,0.33586991813353595,0.9259321752812127,0.8475351645028634,0.9791669141214072,4.473950546444767,22.329205171126816,0.44653614857059265,0.011735237837183386,0.5956534506387906,69.43672371370636
367,22.980377729506177,4.206286026907884,1.2920636230388585,1.986945837561139,2.9722128266223433,82.96867438463408,17.551481462922343,8.434580111650149,10180.9455355426,284.9794215823829,7.947395343689357,0.299742813228387,3.768566028691936,0.4792120713096476,1.0088629837375986,9.690242059135091,19.288747836618036,0.21859462781507816,0.03986916273739468,0.12946810831215227,55.757092417588375
368,18.945081013094306,8.367251244835227,2.310972799582787,4.960553640067868,6.992146578329719,52.02543786260066,10.291430496473417,5.521655969851306,10055.020878837659,291.00823448722883,1.1290878052433748,0.7302510830150383,0.0034480816318162573,1.093153171091606,0.9794285238694039,9.119358705936994,45.71970200939424,0.39832557141025304,-0.028821178497354768,0.5245360997000686,71.14184429626529
369,20.01533607798575,8.907015440773689,2.341752965981393,4.00657214687613,5.98201932884841,90.05597182067905,4.0386964838536175,8.982371299617716,3570.0496032032647,139.00125404350257,1.3007853668808629,0.615497560739375,0.007155146214257854,1.1404344010172671,1.032879229748205,2.7371214941896644,11.04588965776934,0.41697367858725654,0.058391830516084674,0.7081372352428189,81.09357451971604
370,24.04120975635489,8.83106330249251,3.5284528347314827,3.9857382327335635,9.037062953272704,80.9903235386932,4.429668886098628,7.303462331595715,3134.9808841584822,133.98771595824266,2.7889053243340594,0.9338890060990526,0.007084044418770432,1.1196739900156323,1.01885278552818,1.5925103128261615,6.511298213586351,0.6195143553113257,0.0722871875650244,0.7837932875403006,80.13536071712339
371,20.99587654456117,7.674918135436999,2.6103835198639316,-0.025076107668549168,6.002850836558162,67.0252324461582,2.5626318025401655,8.976513482102458,8246.996496464226,232.9995338552379,0.6138632439809002,0.6484388950315971,0.2748084732865394,0.9494184158238397,0.9580323572198624,1.9198642452485644,-0.00847413937038018,0.45410231969527454,-0.010731451114151351,0.7768344456772666,77.9987799446415
372,25.02858623641609,4.742734874637408,2.114760428417007,-0.03287612432396152,5.05184988141699,64.03686184165687,14.33002899891253,8.63386514890405,5583.01302874384,266.0528945634395,13.157646902145673,0.5172994873993721,3.2851176848292725,0.547507599670365,0.9921759691105616,1.118215418271733,0.005544215891570015,0.35825938987275563,0.024056889292545555,0.29572872785527127,61.440881017801956
373,19.04836834773966,7.797248819275646,3.9619266040455723,0.08305120816877828,10.012412626088421,113.03051196631911,15.335531622920813,5.90497775456745,2573.051732550818,82.01813598832302,13.527734488511808,1.00311304749016,0.20380234598452462,0.9665309515951156,0.9376297962681124,1.8722993387443545,0.01416015448523808,0.6516568064934137,0.5039116440254906,0.28828656487494864,81.47975974857275
374,25.03944743360752,4.073366914653843,1.3047428462760045,4.992453442994476,7.007273505419074,0.0037667556742073376,6.2522979858955985,5.204343497588848,11140.005993286655,362.03277502412766,0.027379774126551758,0.7029192345232992,3.878197687711003,0.5096993688614186,1.027013667430325,6.2320134643607155,31.263105731456008,0.24453977493522516,0.012200195734470632,0.767017758215287,55.84371461587658
375,18.04919893588114,4.129928962307607,2.3245921915177425,3.9422329791900137,1.002046203478085,56.979045787253604,12.931105255872607,5.985828300015808,9105.00586289748,287.9724391691724,11.295389433013954,0.08589501761314486,3.9081435838282985,0.4785534499975816,1.0614192685276431,1.6175047653494243,6.619372583481688,0.4041319088275355,0.010768053224080792,0.45522767354950594,57.628473779830635
376,21.022263824732157,5.591396172927851,1.0941358206924208,4.044811292770166,7.02453976297772,24.997561613559593,20.20385978492605,7.104141162606115,4597.005379555035,229.03287808442823,16.260870639232756,0.6848868356027182,2.381576220953203,0.6559103106085413,0.9345867663999835,3.9238874304435867,15.460879862349882,0.13887435805610007,-0.016866252661449824,0.13238785352753546,63.606237631759576
377,21.00226300916705,6.422785446624584,3.2089168166475526,4.018332127153317,2.9478694140526396,108.01375801361633,16.052597881583395,5.681018184700033,-0.042750975207110194,0.01917061426406955,7.486187980889006,0.32706351489934604,1.630000000782317,0.7480906218078821,0.9571870392718885,8.640855190585961,34.43100788239153,0.5281496931701258,0.009915838770369377,0.3120060551083999,61.40065453018898
378,17.951941025643084,7.891247241032244,3.850017705252486,1.9770060070694064,9.002560318665616,19.02724667572275,13.197671947702785,5.65223266867128,9422.956596280384,288.9550121171032,11.984551809660958,0.8710898912265733,0.1468805485171277,1.0072217956263154,1.0050196025070957,1.2130238211551392,2.3848153152384572,0.5792313197880221,-0.038555089325145564,0.4882230051553252,75.02484547029442
379,18.992618125356103,7.398205215694103,1.736280215456231,3.972006427339416,5.997898606688161,115.01001835143997,15.857595887963605,6.833835689233086,29325.975760144927,552.0161937220012,7.536285859335526,0.6484431790668668,0.5910760747602819,0.8888392505439097,0.9994462356913164,8.290885198784142,33.32416965161194,0.24531123040698288,0.0743562603610166,0.28846866964175233,68.71139753085717
380,17.974702602140514,6.214806806130029,3.6124084877271505,2.020204183884747,9.021762564814733,85.98860276100378,15.025790663981537,5.16554087393643,1758.030386717221,111.98460177589617,11.442213732361626,0.8954483024128794,1.827607762829103,0.7842823096214782,0.9876746448458463,3.597125646660125,7.077787904558383,0.5847337441373924,0.21704965853660912,0.4014376730130344,68.20067443223627
381,25.065128281524935,5.4087269117277,1.9640676019023209,-0.0074075498246836385,4.994368951823779,9.016661389684494,15.799075246198417,5.480407793571975,8239.989939287883,213.95362588971022,13.783594287061819,0.5858623367936844,2.5936308637527015,0.6630660043977826,0.947871399482466,2.0575938020218305,0.049772979461133446,0.3128268790885087,0.028696101284441996,0.37750485105782955,65.67170594480363
382,22.99472342562703,8.940134046586447,3.7084610265762805,-0.05777933455335304,6.96883796697512,58.02580255203228,21.113053855173792,6.625976170125647,14334.984111878535,346.00389327196984,13.874026366095068,0.6792065371951115,-0.028092935902240317,1.1426891372632841,1.009703404899254,7.278061917571402,-0.006978570148755779,0.6039413400959517,0.01225012136719951,0.056400563992154644,77.44643197729346
383,21.003696144203534,6.0663626877971675,3.3495171888969852,5.05361719893814,4.000220520247591,74.01138830169243,8.601459037782817,5.236136521086005,6814.983584761876,328.01617127773187,1.9222657771312983,0.40750566759941004,1.8872284677833455,0.7725747353590705,1.0266254155584094,6.6878436340922995,33.341412191570605,0.4967173035831354,0.012275460504863415,0.6968095248532907,61.652115262084706
384,22.016544561281215,6.327882299543725,3.3811236355141165,-0.013019713866478709,6.967514784133949,39.97491438656385,9.485358409138206,6.591630069783962,14460.995870293646,273.00454824205934,0.5937005716426732,0.6894445218925473,1.7025670922226865,0.7805418774632614,1.0854095634626268,8.83836126554728,0.008713748081918335,0.5899195429959572,-0.05070363622843894,0.5406107550793098,68.75868514276092
385,22.001308073391172,4.796035902332953,1.0990385751750886,5.044867152094473,0.9422421336223754,103.99455781895848,8.253421122960003,6.85991191090346,15112.051063238023,386.9967258424546,0.6810029800123112,0.07620747725370186,3.146391270067188,0.6039136027562765,1.0392186376641046,7.596438274280024,38.13376018172124,0.16212505185853046,-0.03775834599291721,0.6371552647799594,57.54142905631693
386,25.050851531212924,7.984288060916858,3.9010057410716574,1.0383530487389714,7.021813674444565,4.028434623292374,17.90732696426726,6.858779338800192,15565.995464078429,439.9900824398463,9.750872354119767,0.7319140105263615,0.01876970284336489,0.9966899167486987,0.9610385202417628,8.229286131262626,8.177925394455228,0.6646812859031346,-0.03401909225282352,0.21085253430835285,72.91455877318228
387,19.981320519147967,7.459242779542276,3.1334722676192373,0.9699697136655155,8.01737184718084,63.95850946573766,15.730987163112815,8.506027384325188,10198.97641107784,253.07399764028025,12.240328486075736,0.7668333741680659,0.5025806254680909,0.9190395854810078,0.999643257665147,3.5422327444931025,3.5527762286120783,0.5129502013175521,0.0017505213809800109,0.2341369062823739,72.595660754689
388,24.00583822365712,5.067607910361724,1.864954665164494,3.0309956959308946,5.014012728319807,15.937204659328264,8.945888595959728,7.162905182308563,14131.000757368873,361.96452291834413,6.398412798321089,0.47971776479077294,2.930016318724075,0.6669024835637358,1.0177623316434614,2.5578476887554147,7.710680837667173,0.30173769603139206,-0.008445625744126847,0.4867958368274857,63.65345792652304
389,17.97772588242906,4.339346040801142,3.46709374761848,4.98045672350409,2.0390878526583744,21.04524248550432,9.450846146085443,6.881763843764631,15764.052652508173,416.02618765947074,1.6563686012982346,0.21758959126744734,3.61824412661314,0.5373077874027401,0.9793521565743011,7.765322894607153,38.7759217397409,0.5963438575108981,0.024339850575816335,0.553943915259392,51.12740417692245
390,17.960399324663378,7.396961578438955,1.8246619823409758,2.9439989823958816,4.980049043290882,97.01534245765066,11.37048619798452,6.577189076496096,8052.984915258432,142.00046268912666,3.1040422344519967,0.5223488243284822,0.6035984495149163,0.9223944956124557,1.0234003600462867,8.262524865523533,24.81516773432757,0.28952558506986426,0.28438773607227064,0.4932766693543456,76.25205584028791
391,19.98164692727284,7.282046872582568,3.6261645931705218,2.9872620550193356,5.957066575716862,119.01820190007561,14.655037472604217,8.316060011499156,10816.964569849748,379.974366004812,4.730568820338916,0.5582434373631744,0.6893249519395163,0.8700462470102748,1.021101333698108,9.964565807476838,29.787007340379198,0.6051152274108569,0.030798401690408546,0.3418753946363381,65.92148951136532
392,19.99888889608855,5.371002363270441,1.309721093281196,1.0119291250532885,1.9978991066957588,107.96769549079119,2.84609463181364,8.554092949208703,9316.984970261909,362.99854802848114,0.03769328921389147,0.21745030655646122,2.645685851651089,0.6832213381153445,1.037120791472075,2.8600087236701714,2.852158736608098,0.2249863379876605,-0.024611408522899336,0.7735057418634445,68.13076495869852
393,24.98712093326448,8.797956297244962,3.1247230869056715,4.98611790056011,5.989574991008823,40.02212584190399,14.86168551755177,8.386534397679938,2718.0038629120904,46.95821202087234,10.54408574702607,0.6038669974024902,0.06509618060508099,1.0816825520856364,1.0240672825980255,4.340085098516788,21.732096994388687,0.47385276944021215,0.5490027575574287,0.26082762000664306,82.80008951682177
394,24.979227370603784,4.8109191189255816,2.595075517618347,0.990788549772247,5.974731128496898,92.00825746062705,12.42775656110046,7.694689754318664,11423.020647228524,224.98213528779578,4.406827532997963,0.5724682992641541,3.189825517848206,0.5856945402252629,1.0085543095032328,7.981834562069431,8.004070511805715,0.447666995249136,0.02686334269376054,0.43667641283281233,60.09609147876601
395,19.957810476089843,6.262795937966299,1.3360579500861864,3.0343069813478585,0.9976045253953661,66.95247017266455,7.791335792894544,5.591346895400104,9108.030206507361,358.99859197022494,3.722330192230048,0.07633355393993338,1.8312688042110763,0.7498131741734668,0.9808620475897334,4.097666765386847,12.27718686252101,0.18853823809595555,0.015139637607147828,0.6802617518407098,69.82816087296642
396,20.997506832821138,8.654643497413103,1.7002636532789621,5.003194819408702,0.9816518456138624,68.04272850242822,10.604379877429379,6.141598614018572,1757.968628481781,111.95346648824203,1.2589183707503586,0.03899645716154799,-0.021202489768959075,1.0837801065633494,0.9612076421652053,9.385324659091596,46.88634101287819,0.2500014409939617,0.1389979870038407,0.584716374352131,75.19697588032908
397,24.95485838877907,6.134781431299015,1.0017359214228028,2.9747010506614515,9.944919841499296,10.004760499708562,14.761972924377902,5.20718843360528,4499.971474639966,196.01519147615465,5.989749903212323,1.0515233328339273,1.8823694213893285,0.7023058215488902,1.0065704841446186,8.684580764266519,26.205975392830045,0.14486860204358618,0.03192181869381132,0.42867381502002927,65.59597473029633
398,23.02280167891069,7.229193046830452,2.3920322210021276,4.02106090971002,2.986764699276187,54.988117481017625,12.868624898358696,8.710645188413764,2944.9903021322184,144.97108716877264,8.004307166738768,0.3304626124493102,0.7884126514550449,0.9204707103873978,0.9878849772486895,4.923759971433873,19.43090441681521,0.42443463980768475,0.002669588979603035,0.32426329986129393,69.8347193355076
399,25.002473192588035,5.976627217818699,1.9205335143290927,5.005930267008627,9.965908744998885,49.98866030762044,5.30146611179557,7.630171774217236,2467.020534790741,152.9564483712596,0.014820050019090533,0.9613256496946534,2.0205404806281906,0.7488400567596232,0.9907840828698057,5.290303939212541,26.63211283411118,0.26865557583276317,-0.06426619722588352,0.7381359661702989,65.04563623111677
400,17.956273455016053,5.406097078637582,2.7873640355016125,4.924351855956139,10.006949442148327,19.93954334283703,16.145085979283902,8.000378310039402,1250.9621997630704,66.96758746792514,8.343615134737629,1.023967230183754,2.5677526011698277,0.6609814319639339,1.033653714721581,7.865254953064125,38.98161101256106,0.48619660190990016,0.49457370942126233,0.2617810864980683,63.43286525495735
401,24.990723727688504,8.886271002519871,1.9292929413159419,3.0128505874131433,2.98031895725278,98.01780009798894,18.988176055806374,6.246097874761494,-0.018219807312530915,0.0652786248550646,17.070426491850757,0.28277932968151,0.04649892681012703,1.0660530800262724,1.0410677204141758,1.9409534671857833,5.766029048569921,0.32685325560378925,-0.012288795682601786,0.2243712227008067,79.46760521797522
402,20.977435307832284,6.005570657412562,1.8660355257785197,4.011754861231483,4.033348944224231,75.00785571621738,15.456526440658521,8.406679537219881,7006.982217688118,147.94065807574393,6.319548147049448,0.427444316090491,2.028136167721191,0.7629920005943991,0.9629390015124009,9.103912921425922,36.5152238241125,0.31889667896093904,0.1695240138474274,0.2528698464080018,63.88380926849886
403,20.009575235312575,8.545273930402136,3.1670325123581544,2.000603633887426,2.048115982018036,24.994177596030006,4.147848471411634,6.064903529934857,10742.028252465661,271.0130836926631,-0.014874667104943534,0.18511779292522754,0.019845456162866433,1.0434701731911478,0.9936870818225444,4.088989019476437,8.34474351676865,0.5407336282746833,0.04028137930155741,0.8430339340798596,78.68593840533622
404,18.040213513380696,5.118168186978939,1.1206228026537952,1.0267510174320873,9.020381441190358,114.03835455622355,20.10604581609601,5.027740239635181,4493.0158478228195,235.97745091186943,11.721147791808194,0.8890993771467612,2.89118556001992,0.6766826061074493,0.987003844891103,8.461420129047125,8.460315476457724,0.17463023018010002,-0.01124276546817617,0.2601146517138856,62.99929172779482
405,24.943744825910628,5.115258251197003,3.69734367356251,2.979828192470205,9.953469214540501,17.958484229430123,1.1795933412338044,6.434221161546918,1219.0271115508315,83.98949615485448,0.03914917322549284,0.9913495819672701,2.9248846276957026,0.6520895688698934,1.00944725926008,1.123490682431424,3.5087656217468095,0.637135287136052,0.38999298943435334,0.9351420332187563,68.8922062235994
406,21.003450782374422,4.187090720401361,3.5863832575154064,5.010094993664627,7.045155879966371,107.98209682570896,10.637084986808825,7.283839650910318,7303.040160339227,316.01811792786043,1.6146010987936104,0.6802793397501605,3.712479114160908,0.5710396706606137,0.9320116693307151,9.07042789321685,45.33541805006317,0.5872031790829957,0.006197629895774199,0.4913740556298724,48.387928700709395
407,22.995196016133,7.255478300052269,3.026701731974264,0.9529912188649794,7.047271613511213,58.97449975235719,1.328837055377255,6.906734383578019,5545.990830497148,206.01664456144516,0.0593941380950837,0.7419781412569991,0.7132270409047752,0.9166091012236571,0.9561748604487166,1.3780089810756717,1.2919522408135005,0.451254213765049,0.021172361405092762,0.9534021217783739,75.74727875508655
408,25.020140202293515,5.793745953683787,2.781782157577417,1.012212711501965,6.000563715339238,69.99163615060685,2.336694417116815,8.455040768052784,15102.964377815355,327.97957910742514,1.1797391682085812,0.6269558097924444,2.2048036620298825,0.7573346828348646,0.9964751520088478,1.0634084973657818,1.0978313047291273,0.46435001244629387,0.05019151924695006,0.8229299364245427,68.09956786817908
409,21.00639589884713,8.336198244645917,3.693993962370989,1.0585917908661968,3.039687784810066,46.002024100757716,12.517392124177865,5.397370260843608,3519.9645710914647,124.959265279801,3.346878244445699,0.30329845614999834,-0.05658646695653684,1.0513831313589466,1.0235834561291595,9.170579450135563,9.151779863031875,0.6407073656727239,0.1986043498454932,0.49023539448063347,78.15593067373406
410,22.977440920047837,6.354184964302311,1.641976838502135,1.9701543094259737,5.9834497458586,118.01290040571435,17.830810316629055,7.180256422688023,-0.05514322695176519,0.018664229211019175,16.018039800357677,0.6307370449195743,1.6121875894819646,0.7864705576338862,1.0022587221236072,1.7972321026294649,3.6783013704231893,0.2814278266605441,0.052278425285566886,0.25830379800764125,69.60754594407344
411,19.990428381930002,8.7683473189547,1.2461742703743195,-0.02279406395963325,7.944012621954513,69.98959079640684,18.49774729847382,7.063894154399251,10535.98623699511,226.0165713157903,14.664365323936543,0.7511878485426363,0.017726751776282187,1.105616300554524,1.0201452121917312,3.9078172244168012,-0.0289942568055601,0.25443205759322773,0.021067557576921147,0.14764749032109267,81.41863975181754
412,24.976119224295896,4.903788032087022,1.7471719463081097,2.9786995367132536,7.977191466841353,24.97367932794535,16.945001125083742,6.119310960468038,3587.988473321555,159.99145091473636,7.425707665765806,0.763146236643469,3.0443880176549745,0.5874804120062319,1.0059192513306097,9.552532383855889,28.658905964658985,0.2757376990263255,0.003945958318134246,0.30379160728581783,57.35158299381723
413,23.032280214157957,8.270460356454583,3.3915362266919824,0.0038999467740478584,9.051879025981343,39.050580208493116,7.111331383076359,8.307240789811226,0.023626602204151432,0.013258331514251352,-0.051336120870359665,0.9142366428707389,-0.03560314252956242,1.0995633829892313,1.0382886872123234,7.089428098064393,-0.014769991321756711,0.5618441114608107,0.00964368312521583,0.6435613264918438,78.28924303813643
414,18.000639349460158,7.876224296586544,1.136921087149534,-0.031891088185611545,0.9552676022916559,4.072349205753657,16.234868768810145,7.9898725686694565,6083.0005074265155,220.98662511557075,10.1152061685512,0.12206609667423667,0.16193167455552818,0.9844740467088376,1.0445766264649654,6.1971596424538316,0.0032835800419665074,0.17633405444063158,-0.0787610561302311,0.27048568251554783,78.85122907634958
415,20.05703572057259,7.887292042548155,2.67153141516694,0.012637421360729404,0.9999856384579449,20.00429860015646,14.894229108889911,7.97247731921478,22769.98529014667,435.975188873049,8.10214199097532,0.10838222638767256,0.09440939361692566,0.9882863087455596,0.9771861133850352,6.7052936827627,0.011768800533330532,0.4267106722030356,-0.013654663813444852,0.2746675933374547,76.49002700169443
416,17.99818017558556,8.159031477874295,3.972792913758338,1.025405198364075,3.001024316800206,76.97729658898938,12.580432496879066,8.530031945277123,15928.996520038216,288.00011886543365,7.515111603866895,0.24351915974765043,0.029268781784951615,1.0366995758490054,1.0265093601936266,5.011869026649143,4.997656907584532,0.6524722782724979,-0.004307476659909294,0.3344498558099099,74.78675116944038
417,21.978747796992685,7.770776344613509,3.5294863244212693,4.016030416403614,2.984610772680966,3.044263623931269,2.8214654517962843,7.898904813256376,7364.968830795488,249.01557098223276,0.021986694330897408,0.26812996426986757,0.23380405772869042,0.9423916402704982,1.0152435864540117,2.8736134026526288,11.317921813796183,0.568833444558156,0.013141629066671283,0.8106351900015514,74.73514114098303
418,18.954588568221617,7.121102837503619,2.650186046056956,0.9469475372308578,9.986694352004887,21.956597286810148,18.00000064421126,5.923601347598422,10060.030762197122,255.00927750808657,14.056045604517285,1.0124977559951251,0.9118181044198583,0.9271411331699972,1.075140044352504,3.911906113808658,3.9708158486192144,0.36451697612844236,-0.000765288580642464,0.27322578172553014,71.66558947414761
419,24.945905809712322,4.660778906533071,1.1740806045277177,1.0298550299547582,8.002167474027086,104.98995680025885,21.90490213270327,7.845572266333946,3403.9764225331155,138.0152748804023,14.858262329548129,0.872794168677238,3.330517240535678,0.5567401134769585,0.9760649494295764,7.060937017562774,7.026908224113416,0.1825933160327735,0.07276627943084059,-0.020255443622514788,61.12240404650116
420,22.952475921709837,4.152063835965155,3.4962040226075883,5.0281210224276105,9.983135129741958,82.97911648845961,20.705259945804332,6.2417764344571225,9316.965802061843,362.9771826338013,12.962005936952844,1.0365373799517528,3.7366133492550584,0.4874558831291582,0.9964979340690454,7.746684824212442,38.846618448610606,0.5840379871061288,-0.039695698346561455,0.13530348459967295,47.93205992760448
421,19.008013799530346,8.581099250613983,2.772690269742151,5.024904841170389,0.9573382450849621,13.965213933486485,3.0649467776730437,5.977157525637918,12209.024536459001,251.04745643374275,0.03319218949173467,0.1473191289541232,-0.006915882350419725,1.070004279618909,0.969031791000524,2.955383258773264,15.044825894194835,0.48558829202914316,-0.04744028616729633,0.83252540637456,78.52950644125784
422,19.015261750696897,7.121958665075295,1.3208549574499042,0.01118526745967475,2.006450958288304,112.99159927301234,8.439520539139561,5.3212859622867885,11495.01722492625,511.98972857433984,0.28626429368037626,0.210191762665709,0.8075820381847826,0.8491210750663124,0.9708119130369399,8.072537854856993,0.012475528088194635,0.19939699691385984,-0.03549396528906751,0.7114086626842775,76.75159112788725
423,22.952564278939036,7.994092345760094,1.2887309901784798,1.006605679426154,2.0322009974733493,114.97407483762478,16.299528893355912,8.0227960846322,8451.948289438644,272.9964325304557,14.390497517874891,0.20997472942368134,-0.05238280993701744,1.0468582160857414,1.011566920649353,1.819377741842995,1.7919085351327033,0.19974498992587647,0.04713583322549233,0.22244485626576282,78.66259022013146
424,20.026851149422285,6.3860625676565315,3.660855493287012,0.0309716819437919,3.026087175559603,108.00037963392445,18.238287129826308,7.802427664465434,8701.025650049041,252.96044032272346,12.836979035137107,0.2689954359823177,1.5836195650904512,0.7930789019095084,1.0061663026161733,5.46027454524769,-0.02350515281493267,0.6475852567463117,-0.038036965740870926,0.15674586184737038,66.64280359733809
425,24.985508168449496,4.601330763925468,3.013249876925582,5.057705404628104,5.975707935978305,92.00081531503018,15.826162398113732,5.908488476779506,8939.977752220828,359.99418434531106,14.236905364479126,0.6285546615915485,3.380038466830115,0.47836497506478703,1.0162435328172454,1.5497967950857805,7.608887960222928,0.46006479732046757,-0.023658150131953687,0.36926284614416094,58.14831338135624
426,22.004403790359568,4.54762877701421,3.456988099255693,3.9714087860990546,0.9624631625386697,6.9813600482943405,19.62627259194042,7.976592178235636,3808.988776864173,215.01596713210554,13.600658432010407,0.09780454892376993,3.401242308674275,0.5809984555437512,1.015592611823472,5.99004103619543,23.805383626888418,0.5784351368848704,0.0031546043486047636,0.12355276837509441,52.80293609975766
427,18.048366618847663,7.4148411696132515,3.5748778282405356,3.032343761873843,1.9914743635353567,39.98888459930218,2.247793161980732,8.624927262070694,12200.005610603232,284.0228753183808,-0.0264883958699571,0.22078197126391158,0.59938048465191,0.9416051796056213,0.9929308374152677,2.238330614413121,6.700885963089143,0.6287176404305342,-0.04774868830478049,0.8100517186401033,73.62352644980491
428,21.026905179475968,6.21150305094211,2.6367933265612176,-0.0025865129402235826,1.0470337452938698,110.99307453096289,5.499936726860987,5.428117544232925,2718.0175987464786,47.0468582221156,-0.03023128433310562,0.10092059058642805,1.8040122728994368,0.7623570325482935,0.9927238279390551,5.516704201633876,-0.008743896904388556,0.42874761442538406,0.5353713218454714,0.8242178005845007,78.8577079039746
429,17.991944080562824,4.987720745777128,2.557281256634072,3.996109808439142,5.0193679423687865,18.024295381833582,12.27049718734074,5.9480034936573345,4732.013364375241,63.01560704687476,8.115413362898803,0.5083735527425222,3.00524128945892,0.5843232092271637,0.9708760380258425,4.189405632178845,16.657230957503682,0.3873272647700174,0.7910534538910229,0.5031047313101471,71.2971406104871
430,20.97326423323754,6.530177735353893,2.3053558750916143,2.953904079288539,7.021118940303827,110.99554711796807,3.82644191585982,7.99935745115143,1663.9985054500728,72.00830739587398,1.7551348174456138,0.6973681565110413,1.509987681738089,0.809400789500005,0.9789653708714622,2.0351639033211852,6.151452715091448,0.4345388207705545,0.4908587279952907,0.8000926501203011,78.80659585983123
431,17.93544553796012,4.266175117031409,1.9410639188569123,1.9914563177145381,8.026695708553564,102.02474105222359,16.741896864965344,6.0839763507516125,11681.987260700133,310.9866111466546,14.430896281616908,0.8067387409346868,3.671228659677641,0.5230488359831946,0.9982959467032617,2.2390567026045822,4.548209535192698,0.3573121928980538,0.05050458698203808,0.24617647701210055,58.72561961603911
432,22.978425400422726,6.933837269797608,2.2555656282613485,-0.02991794873905246,10.012622996875558,45.01757438950664,6.985863365071309,7.533793732713875,3325.012366620807,181.980147787753,0.04625507234522322,1.030002296726357,1.0782562304190857,0.833232842404229,1.0059108892552624,6.968170345373281,0.04759843679191849,0.4082443944620173,-0.050956682057710465,0.6465463311644152,73.9415461068055
433,21.99366609283517,5.304634809967857,3.2999289325160155,-0.01391563288517837,1.0036182564284073,27.017145920907023,3.9623696058353017,5.324216692096202,2389.9964483648796,150.02910745544006,-0.020344336391756875,0.06201311412792329,2.6988936582211576,0.6305852478971574,1.0213236367476577,4.059717355554405,0.014663884326921693,0.5473207149876602,-0.010368095697430905,0.8577713582962562,65.31305095644912
434,24.970384614185466,7.989903422303655,2.783691793117208,1.9670544084866555,7.019869206899439,109.04163537911037,14.529677574189765,6.820289489020989,9105.054160633774,243.02853211055216,12.532972885300465,0.6552123272105467,-0.0006402885201876704,1.0046870724681216,1.0182658197937653,1.8854497356629007,3.7966644428579293,0.4858854794654276,-0.013133343134543157,0.3550975448736308,76.38539110880633
435,20.99606229098723,5.5994037909389505,3.7597610990787795,1.98653274838061,4.983615016873459,119.96641827360762,6.051230898752146,7.994627044146993,13154.017592270298,264.96768961897453,4.322211193774746,0.5127759373291669,2.3675421790411115,0.7270906540116896,1.046712302966972,1.8157859499399467,3.5179501671702984,0.5419549998132416,-0.0002680246307119841,0.67950619724527,64.42799699966484
436,25.002305556488764,6.296782057025672,2.355016896380731,-0.012183310710702097,9.95756610965901,89.98580450681078,15.77116245537647,7.746302741834466,10244.97229753125,342.0216928766146,8.457535885127095,1.0432172289372286,1.7324467814303917,0.801346315139913,0.970819357225073,7.326213752697156,0.0008188332900083523,0.37021451342991013,-0.036802907923363555,0.2751698800558349,69.04500401065229
437,24.99325432054576,4.1366084868925315,2.773962326117465,2.002902647553164,1.0216899080387296,67.05289896400899,15.65970799899394,8.32180642217874,5204.985672001459,245.01951151074186,14.038583913903475,0.15078233850403244,3.9217440203265252,0.46066006424234857,0.9930224376806779,1.667885916616688,3.2992365897550715,0.49509375947620726,-0.017414336345304093,0.27557793826781923,56.426431713426716
438,24.980499922575298,4.36769962617587,2.9167141285521043,0.9515575041312601,3.0371321431724767,13.992280504982322,19.733528367065233,8.496565549883847,11034.001445765318,317.96658573344956,11.374569740827368,0.2632676934686978,3.5742084994391057,0.5684643401366796,0.9734408633140669,8.381239950649178,8.403747029936076,0.4414561958203095,0.023673702919621988,0.036983807299823784,55.82045835170719
439,24.005059640159,5.977124422825602,2.8224784767063835,2.9566344555676403,6.966453041819319,97.91554628930282,12.805321949546176,8.149938446135387,6799.038982936452,279.0162137041437,5.3903752270279774,0.6879137849379288,1.9937490196124994,0.7731742203608115,1.038318612080862,7.386698707455772,22.040684303396674,0.456663071385895,-0.008082039326387968,0.45001634921100137,62.77886625590105
440,20.01325821948708,6.431089086762174,3.082075634259268,3.010857428121916,10.024657644472477,35.993910949705565,6.687944727273943,7.6607579445426275,2826.0423331502734,139.96851360621554,4.9132830761863655,0.9556235423666527,1.6602861895239132,0.841810902525433,0.9849257833541073,1.6864076819628142,5.222626281308341,0.5262565245896969,-0.022133503822869813,0.6395208366841286,69.16495659070758
441,17.967288027676716,6.982133951944484,1.655133753905054,2.976076856487897,1.0504229714016458,0.004048185904897493,2.224049153590027,5.1455245470864135,5861.988115958389,262.9271212109698,0.5098481785319898,0.08348165120838641,1.0048173111350285,0.8465033673172432,1.0346508235733392,1.7533457133994261,5.290433445113072,0.25980502988563314,0.06240150779698195,0.9506860242226205,75.79664776352078
442,25.04232797139239,5.527015992319948,2.4996310465207583,1.0322358937068978,6.999932613947286,65.92148660647706,9.35051443023138,7.1207240349358125,15049.971990973503,390.99519692758923,0.03449822491827257,0.7336854428514809,2.511870578656002,0.6858019208190612,1.0435835840117818,9.298005102921133,9.271716370306157,0.41688792241735667,0.0014729943200113083,0.5579794194596018,64.264724249282
443,17.99704235603147,7.550983079490261,1.2948146297555767,2.0067580916604513,4.9754599344577475,110.04001806919663,3.906939127907061,5.183586983509433,4596.968155070764,229.00773444115765,0.016106164879195344,0.499613246493248,0.48173193346606613,0.9545257275091149,1.0124031089038235,3.8307320174955786,7.733155433822418,0.2282372143104063,0.018400318698555622,0.8765986661981909,78.12064382334465
444,25.000565488688345,8.287946149191752,2.1869270650908814,4.0182028645061925,1.0036905602058026,22.978588626084033,4.733121394431173,8.215653021764247,5245.007572862716,284.9965478758535,0.3206140092484691,0.08878377761128638,-0.009393363255850244,1.0216733890558118,1.0087917648317508,4.361668947261489,17.32464130007271,0.3757258414750193,0.02292432937605445,0.69395268495875,77.35471252278123
445,21.021246432697698,7.920440869797259,2.5132695060449346,2.0423207696126267,0.9834839809539789,26.009856893455627,18.421042474744578,6.2887261357193225,10688.069113529276,260.08601320451567,10.011354209610564,0.11635257269233631,0.14533977957350172,1.0040572955103988,1.0011593543645374,8.325430259615251,16.540680021497984,0.4046443740322832,-0.002122734683532271,0.22950742374690633,73.06902596195236
446,20.006996483937904,4.1653892315598045,2.977478111789832,-0.009291324354197177,0.9814980967013079,38.99322055363968,11.824646923738738,7.2304837401187525,6175.016172823128,164.01136553687704,2.276186259464358,0.07614843730571587,3.8033988328187758,0.5242792102134628,0.9904868189150073,9.549377941610553,-0.004674426431489554,0.47512841481856627,-0.00442147580308723,0.473652902125434,58.63278809442567
447,20.028594099017397,6.4226419989420345,3.8654400735726258,4.982765398837512,9.012995522018146,61.96134945742388,19.56047957521878,6.1481167552099985,8241.9521826242,316.00441425457893,9.658661443436241,0.9477893509464558,1.5978721534338132,0.7746063555003336,0.9868784570851581,9.865660574138133,49.40115120737153,0.6618845259792024,0.005975930277223442,0.10878131424890822,56.40618468140458
448,23.008613724956057,4.505982719579603,2.803272489110495,3.0261510775679645,2.951888115749103,59.96788475596094,7.645898638785011,8.110327462180827,107.97821987690261,3.0128877390994226,-0.009818254618175896,0.3002185491672442,3.500229232578094,0.5396627328392836,0.9955774982885708,7.699552386559192,23.006765550390934,0.4768412356261792,0.010746651095449176,0.5818102328949282,56.60016616130838
449,23.981626878760785,5.214191148464806,3.2115791027770664,2.0152854069178905,4.956682132325233,34.97194751490717,2.06882195456864,8.600502445342281,5231.981282573945,251.98676042986799,-0.029482700785225018,0.487946172711203,2.876361483652455,0.6874786806882457,1.054731351714373,2.0523142526894556,4.121244321653719,0.5420341437314162,0.01114706389844082,0.7973359479221256,63.86273745738346
450,23.010845105756182,8.880632837838938,2.4647006516829983,3.994380090705361,10.000578726411218,97.03257015727552,19.126503738328136,6.560120086791158,8198.975339924396,335.0278843718628,17.326326027219658,1.0176054770438683,0.0011942250944365397,1.0826074401280998,0.9687443435510146,1.7373420602688459,7.006280651673378,0.42010153284653384,-0.004927210199780886,0.24838205532064592,78.13317134928414
451,22.96568821378038,4.650167497532985,2.927842718329732,0.04174373900867826,8.999330743832626,91.99557385435699,6.605594870080131,8.409631162450156,3291.988363185252,135.01083005838532,0.0602334515343906,0.9281785848063314,3.2750976990235916,0.5524599914749116,1.0061382767132798,6.5708333370330685,-0.01369112372376113,0.49353769578515777,0.1116324502902105,0.649135468736355,63.021409121306455
452,23.003256791173296,6.515097561942485,1.1468855658667176,0.9936326707048021,6.010306637311198,22.984344034503447,8.699462431425761,6.0985465623423725,19542.01108184583,324.00945515111675,2.695175080971923,0.6478792572044777,1.480339472951543,0.8228313659419543,1.021339178925622,5.966151134623499,6.003690203246942,0.2263089830729082,-0.03424501377029701,0.6787517885715588,72.37210706671016
453,22.999003100280667,7.038097905425616,1.7826565962385308,1.0009832091266735,9.056256761654502,22.971961732622294,9.743842966530769,7.122250690792094,4597.02045943508,228.981276393314,4.941265570443236,0.893700932812255,0.9234226800716435,0.8865828164697251,0.9914687247597294,4.852929222325295,4.779514240591184,0.3092985741191849,0.021555507693296855,0.5634101426869024,74.25758487453406
454,22.993756494281826,7.490479485232724,2.092259743914072,4.000636679525027,8.003135421082275,105.03588450664579,13.785494154993552,8.439782880596514,5454.032752904727,214.95307009020652,4.65299806935489,0.8325816956808115,0.4571455662005967,0.8981513586771979,1.0124824711372473,9.188716620920667,36.65653082619638,0.35293184514883263,0.01841340805291947,0.3253873977315585,68.1357137411474
455,21.99614387465683,6.828235455992599,2.380913288620442,-0.028037816846954132,8.017945164510044,3.0439260381757074,14.475586037001019,6.290332765384928,2237.0157260771916,119.98495841732768,12.540613120203776,0.803036348357,1.2135174894439271,0.8344173947773142,0.9548619456194968,2.0885984077019084,0.021922461277774464,0.3841941786804489,0.13264180130605321,0.392591386973929,74.03497560394877
456,19.94354452863507,4.005756932076191,1.0830481857934644,3.002327561684592,0.9707340119315611,66.0355423169612,21.07994913705735,8.78062175198542,837.9413754927901,60.0084790156878,15.61451095938799,0.08165859937078916,3.9782854741705167,0.4754965556521834,1.0397512943894553,5.423587347478018,16.292529065139174,0.22490967634433906,0.5742808663220988,0.039105898467507436,63.207590823155556
457,22.983538252767772,5.658450279343694,1.4561322344692433,2.041902805321955,9.023038129905496,33.014773120174624,17.374928330549317,5.48769019007585,5471.968280862374,256.98665901560764,16.284203821320997,0.8766956541298729,2.3442369133064402,0.6807499736125928,1.0339344613432326,1.0821789948385174,2.143637643417337,0.199642291629818,0.01256678605268262,0.3479202154100204,66.69848063743991
458,25.002785347034234,6.630753274577453,1.774473477328833,0.013349049461285274,5.984208274046679,56.00869490125612,21.683215593943473,5.107947476849169,27744.995257178893,351.00875181501203,16.416619538311835,0.5670904966910099,1.3705978334925926,0.9007491119041994,0.9970472230187906,5.166902721269409,0.014162518591246146,0.29391630485505765,0.02001455338107144,0.14447820191882713,70.68333516434575
459,20.004795691759924,4.380383048350233,3.9732366516741573,1.0009319027919679,9.002142624977433,47.96352186546072,9.79999006388347,8.650094110099166,14131.004418395672,361.9930291436943,8.294857280075812,0.8777491800333266,3.6008260142903596,0.5409226028597792,0.973604924040848,1.535528471450509,1.4795861687402903,0.6347277924373768,0.01810548330392107,0.46422872465683074,57.56649935602972
460,19.96916974577222,5.800819401395543,2.0131138033919314,3.99514698156503,2.996734541247925,85.99262542619867,19.78979689047589,5.276953782878778,10999.025842550796,323.0129173845388,17.71627402580549,0.3334711986528025,2.241855021804785,0.6985624716748355,1.0237869444276073,2.0912560394490174,8.281761456855449,0.2785202424600639,0.0015036111702949723,0.23398722989904003,65.00488536975155
461,19.037971235225942,4.198578878923667,2.4027616541193595,4.00992601085219,3.030989227047421,51.97948419389961,3.6615076277920524,9.003368048791053,11663.001295525286,312.97069527622375,1.6404122059598474,0.3212012880535811,3.827399882358399,0.5856536247239895,0.9655564160109381,2.104289618572897,8.184707476312902,0.41061438614471674,-0.017886128922111968,0.6977381164965463,58.93110723956012
462,21.974014754553565,4.352534697099617,1.6142872106016302,2.0224929988546756,5.96070070336875,118.94523463673046,11.0181363442584,8.778214442459175,0.0015212176159102306,0.005786700356552438,4.189168105754688,0.5627636503217415,3.5911892932148772,0.576647643945772,0.9698612780227119,6.815393458461915,13.688545407638058,0.26056881356783573,-0.018232656296990866,0.4358786067970035,58.66861384349703
463,23.0290837160158,5.9717880325054695,2.8758978324775586,4.018277164926692,8.93150284096155,115.03171130257496,7.324129012093555,5.54023637013285,11181.007133920893,270.98077137560944,-0.024255365782490126,0.847608272393552,2.029165612094543,0.7717447668175623,0.9983917152679395,7.331490966933955,29.236060487568224,0.4676229497029537,-0.006439392613428953,0.7346060782046714,63.007712557757564
464,18.01281583085615,4.683177172790605,1.7701922098820566,3.990044054145341,6.993597019087362,21.979125101608233,13.392048944472558,7.161874148221907,13952.992349347836,194.95385151173608,7.153658853393218,0.6666312053261076,3.289296605122828,0.562507171170959,1.0455412470096404,6.234657668584077,24.928984027808184,0.29463521476794974,0.025294300569374928,0.39175771987376795,57.44939375681989
465,20.980613180704687,6.738913384914322,1.5663874624319085,0.009743447823303436,3.0140559377071536,108.03587825722306,10.282003240181528,5.736087555195487,15010.002606554197,392.9950453763091,0.5933978795837586,0.2766979137525855,1.1560046524576235,0.8857445007305952,1.0192174556780595,9.699864422089302,0.04853876083309192,0.28926496640546073,0.01896746645781304,0.557438721785543,74.27456722721207
466,24.053259326778285,7.40142480404755,2.4773540141028425,3.0143981922344483,3.004568081274225,68.0264523920228,2.2070258245449463,6.7025953000857035,4926.03377496537,195.04608952721455,0.02072524709572005,0.2909020286826897,0.60063262906898,0.9494882376469852,0.9805901449003215,2.2160864536447686,6.590229165562648,0.4431106305139434,0.03017944431819511,0.8651134647149313,75.88053819707461
467,24.964190895047306,7.992527844660409,1.0009642944089368,1.9697841503741906,2.0369661271224175,94.016701539299,20.261921465350532,5.213980688030367,8595.997482673036,323.9562427077646,16.75607102722262,0.23518590569026143,-0.04517801985020354,1.0044126874551405,0.9495370617545349,3.524737955606522,7.135039390606876,0.1336286956849912,0.033188346613020996,0.1775907116933499,77.79957339805127
468,18.0275746252083,4.949813182960653,0.9482268662556228,0.005046916235510831,9.01312118022539,52.018386522152895,16.6427981310395,5.837559758340719,11662.999093618197,313.00358176751183,7.913926609170105,0.88356849423301,3.023742249224552,0.5735109063138326,1.0012456124089544,8.813456242514805,0.016040309134899247,0.21962681306456933,-0.006509800447461631,0.27797555789172185,64.88396572238833
469,22.03001746954129,4.81212638595832,1.7006701771795583,2.935160883410929,2.9830845500442043,60.981540583537786,5.63307838971698,6.474535992748489,3587.998992437857,0.023927311897926733,2.628334866321573,0.35041499880531823,3.2241764026702064,0.5994023999256651,1.007542653577048,2.953919120603781,9.035567612079491,0.276128081686205,0.2831226503031511,0.7355004486621972,66.44424917964069
470,20.979881393727702,4.521476182340729,1.1508064140024103,0.01447601129463555,4.930237395375809,40.05573550453872,19.950021493094216,6.757296647197567,10145.038933214413,313.06900092055434,10.277953061209624,0.449594003230359,3.473600901814092,0.6143979214249613,0.9978165975523359,9.634104403597453,0.010919399599084062,0.2009607476456634,-0.0031194014633010568,0.09477441073232186,61.3517038612028
471,22.04177395900193,7.206811034365947,1.3045422217187435,5.0198102916368805,8.992880632974144,56.00129376292859,20.40423090447155,8.937059951346303,14989.966758400195,231.9852120105266,19.33305938324474,0.8895410243771308,0.8043679252047696,0.9066114845922613,1.0541917504069502,1.0763063476435377,5.512619883431218,0.2220760999385281,-0.014816893852347301,0.04606717159199157,72.83168214528422
472,24.99249860456203,7.490277954743731,1.9912194362307416,0.02242638377359378,8.030838770067733,120.00905795055355,14.426338375125521,8.21688292173525,4562.053275406844,198.98103998186187,4.663571946541138,0.8235664600740921,0.5040814770257432,0.9262060041875441,0.9960421933117466,9.709681196890823,-0.004265446765139435,0.3365047403019961,0.009999989405819906,0.3166668882674677,75.71845766477018
473,20.008660808878396,4.217743264552555,3.3814551865394913,3.988148594434913,1.9882385665199866,58.980527709993,20.051224514193517,7.9286166634551725,8277.964708544365,419.9649992341218,18.654465914717083,0.225416157570993,3.826158901453017,0.51814627970734,0.9315363887747269,1.3805586340350444,5.496477314637904,0.5833717327360999,0.01451135912882542,0.09088761677958296,54.644398059730875
474,21.007809655163136,8.7204066108143,2.726955351136547,3.009271405050721,3.000849607910333,52.97206504217669,9.730129779562668,7.1501964389990995,5318.98037339216,0.03421549004538657,0.7099146189301176,0.2899285813083482,-0.03735204761951543,1.0827224307955854,0.9877858132547084,9.025225516134922,27.053734654772246,0.48954952173574995,0.3101906988178502,0.5359230714339489,79.89097341184763
475,19.995970737755883,4.309222107091591,2.4752250168028587,2.042718615366235,2.012640807629201,69.01431888026428,17.27737806942089,8.385625989458385,10771.022342148091,360.9739775701228,11.474995735549475,0.23005260301352592,3.7179846257070457,0.5135115735866919,1.013639337356423,5.752746352800528,11.541972000147195,0.43997837361764824,-0.0047595600710433955,0.17535519605213956,55.90733657116681
476,25.024324248194795,6.675261632486957,1.9553918776179773,2.0424130894487376,7.969541228772505,100.00652540487816,3.2169588360019143,6.35305643355037,7802.030909500864,259.9888821070467,0.017783084565697653,0.8243658932752065,1.2604969224698346,0.8362626551191156,1.0116069192625592,3.189284205117995,6.334820404370186,0.3093662840708176,-0.013409142642604784,0.8272149712072263,73.32480554107462
477,18.023804661616566,7.508298022965335,3.8580007924314303,2.999124819023203,6.018697076899165,55.97631942902292,5.553535329784239,7.864053555529854,11874.95789502949,282.9445318636789,3.890535882377496,0.5795365602206247,0.5233156621301861,0.9807820358863665,0.9946996514129491,1.6741406454600323,4.98198479928898,0.6308058667686072,0.004246287230823282,0.7072384550374538,73.64549863751611
478,24.947544040802853,8.435864419524764,2.207702523959854,4.004179588921887,6.049113653700052,8.956847198436737,7.278800955451488,8.949810759832207,9556.967218944103,353.02651915528037,1.2996257372503492,0.6094478540533327,0.031880922039994375,1.0898836463673294,0.9897334544178154,5.947194720371661,23.87503629625567,0.3497618659307934,0.023875770410189342,0.5305147988254584,75.59267872828357
479,18.039130207286345,7.582101128241648,1.2996545473577006,1.033327334342033,8.994815599443198,38.96190230738017,9.021642608420745,6.255156586004904,4744.008335284284,194.03474774842334,0.0007759953086489792,0.9211083985223054,0.3799122581908036,0.9273699226902781,0.9400113134560529,9.042195361435144,9.040238403413163,0.23812240576366128,-0.00797727829851105,0.615012926989854,77.07572363743704
480,20.95012524035893,8.062938180173973,2.930919794247247,-0.04502406045786524,7.966128067345031,6.035884011512733,3.887854719716542,7.697896575677659,15447.070332581632,252.02537325190752,0.039152447764152484,0.7816839569728153,0.03657386599624619,1.0382769215365208,1.0025731226866461,3.9130337707955505,0.013985237898878887,0.5010303897060906,0.017181449655968125,0.748905742663342,79.01382614428023
481,21.03097638613025,5.684231071980439,1.3328439550668199,3.9903077277196894,3.9980019691893407,101.98160238556049,17.393464369172207,8.416791698317658,3570.03738788343,138.95184024155938,10.657883370302253,0.4508297635080749,2.2527790111094363,0.7353342393795825,0.9898413167176311,6.659613658411445,26.66985524513934,0.2064031466252886,0.02312623916375396,0.23188597813763434,62.829969664093404
482,23.03380115410483,8.100972210400204,1.9758202480682174,5.040067113666103,3.933268476741734,36.98983274362973,3.6497783768540377,8.666228821940477,10929.992557088512,214.01821453122338,0.0025964294285393,0.37493914160147074,0.03298750335631644,1.0315001561283499,1.0074774964613038,3.674840182966994,18.281943957757566,0.37312861109666917,0.026693574743244967,0.7524701440660871,76.92252282329
483,21.967271007093544,4.3798254321198105,2.484203346005899,3.029256016250543,9.010107097919299,84.04351020776278,5.433675130351644,7.922382325548826,4934.927426125858,232.94981988845828,0.33899997545717875,0.9043227864988354,3.6431536871448786,0.5629573564492041,1.0147386782206087,5.102918324260759,15.208283655517308,0.4488806908052537,-0.013602910707745981,0.6962366373036257,58.229114649832134
484,22.98767557136136,8.506698125077607,3.5603295769595014,0.01107791332949714,1.0135682313294574,59.966335483155405,6.273318423275618,6.089569456001575,9282.002449282032,247.00174120906192,0.01377565568674827,0.06250668050741476,0.01037445582454595,1.0345887086366163,1.0372320511613393,6.315868052918078,-0.037246766371654534,0.6547051833129375,-0.014137844379647683,0.699319303979581,79.19833424352107
485,21.966828859945423,6.647733349220942,2.5122719481500217,1.9548250278400814,2.0502690888153667,82.97819015522849,10.180780988672527,6.313897567132338,6424.010868904109,300.0061523273995,3.9412459787096634,0.2031008059598768,1.294134226569119,0.8253326544512866,0.971333046960584,6.267442974300023,12.555351880495971,0.3929718615746912,0.012010196800597365,0.5207610928363959,69.63883300025243
486,22.993552369091336,8.083618746035498,3.119998836503707,0.9985026930087652,1.9941801562230013,1.9769369951431792,16.809710524092676,5.085381941175413,12182.988519145767,336.0093054965432,7.730085737020109,0.16798780351787534,0.00937259460299769,1.0374875520936397,0.9611805353645285,9.135783051279882,9.136791467062027,0.5136609548128684,0.013587042946875906,0.3519573411440501,74.95416573301829
487,19.990758971474428,6.267236363989543,3.9595022308641616,4.982302538112502,6.012254560144394,50.04854205443498,13.047525840698919,8.058602795927605,2915.9744782802836,141.01603909597912,11.669510466139158,0.5911761257601221,1.6818872489380663,0.7512938896837515,0.982780998066268,1.4242361644484434,7.042346931931291,0.6607714026980087,0.0038807606016243337,0.4227138596082516,65.37109179341822
488,21.02338981596808,7.204060150436769,1.3863440328555152,2.0099311670845164,3.974161356928423,85.05980150501748,5.380603051887232,5.145599201906533,6799.00477495781,278.9997589918932,1.7873591619649105,0.3524020731603671,0.8787388003748822,0.8687767468381238,0.9779322026483108,3.548387256590895,7.062206209098883,0.3114446943763566,-0.026663961179871985,0.8243519351126546,76.27110078100476
489,18.03930926238359,6.629833421265267,1.7595823824725596,2.9757195994561534,9.989307186384247,46.022546896762066,21.26309609241256,8.510533390182326,5651.971732164183,173.94112711461815,11.7561621700687,1.0239944020097715,1.3824040612869717,0.8341859227429771,0.9752377127585117,9.566967185957381,28.630281507107718,0.30029527755889884,-0.014387067819524781,0.014008715664276507,64.26095868100792
490,22.041870514323698,7.719380185613437,2.173036005692685,-0.03077170184923822,2.954244436900134,67.02350154172463,5.572085153087981,5.4703889182441525,10288.056173459825,245.016053630264,0.014092880689023245,0.3106884014922482,0.3395220350897194,0.938814020180227,1.0433471932260476,5.549796319565119,0.03871898711732064,0.4046218263956443,0.002857272516242041,0.7952757361578067,78.7944286688099
491,24.98313495920265,4.3288502191742335,2.3165305118067887,2.9380540416694907,2.994156311361503,90.98258934991442,16.9246561631395,5.657387974611953,4832.045502343926,226.00292824423383,11.863896209755273,0.33262231660910097,3.5777631774772756,0.5747168306110231,1.0044524761461489,5.065787844670638,15.281157839546418,0.41437636168760883,0.01469523429763559,0.30934055900069285,56.60550812576708
492,21.993723343787664,4.361262089587836,2.1779955379996516,0.036654140549301044,2.990840725394443,75.05841985460712,18.943468593539134,6.909519250287592,15168.019737378947,370.9729214062589,12.384775832468849,0.2895658450608049,3.7479042483851095,0.5148734613123036,1.0591718038788425,6.570596556458703,0.013118272887347715,0.36414834379278804,-0.024688472530612293,0.1777668087011729,58.75049472784673
493,17.94949685423337,5.208858398218626,3.6909752213190314,3.9880068846567083,6.008975992982667,37.00803088763076,19.61129567979216,7.940605154313597,0.0026913170735794936,-0.047081922634098265,16.094292452857363,0.6340154210064299,2.860369857452655,0.6573314043458944,0.9999078873092572,3.542979862675485,13.945885547302689,0.618331991393972,-0.019204262425355428,0.0827785611213121,57.496088625409335
494,22.975823898005114,4.77670502578521,3.0511806481615804,1.004714373511076,7.981292093590021,114.02559330793349,21.43603200970094,5.64349705426742,11199.980195077402,408.0462006655777,18.748275424968416,0.8011783893618452,3.2115797243305804,0.6098421469395219,0.9648437065280212,2.687940846196033,2.6877442362635637,0.5323501609730436,0.007888309066758734,0.09620965073849523,58.94270804040792
495,22.028945548992922,8.404713837569728,2.80560970629174,3.9999328565057746,7.002500360529253,34.99683425183687,10.971038115224548,6.7914983079857505,3671.999376384483,153.03693901614872,5.818015052140675,0.703395023782862,0.008599718057014512,1.0355371596630758,0.9757547624740669,5.182572429002599,20.73059569599879,0.5044019637343404,-0.002496837793834519,0.5132769970430817,74.97705710574083
496,24.048467484706446,5.10528569467508,1.8986718004046605,3.967976982011185,3.98999859833177,109.99195902238017,17.402314486025105,6.931489840671246,0.04917891405621828,0.021178722219223636,13.208773022480932,0.4634215997605582,2.871302629256463,0.6303106011103622,1.0307336604113186,4.121150862558797,16.692272216012302,0.31150650060938956,0.004394948492999727,0.2802191980958568,60.151400830216986
497,19.9629695338436,8.879994538491454,3.4781312224990053,2.9622280526565543,3.9900550183510144,40.049891267787885,1.1970355633867373,5.846642499444023,15148.026059621752,297.97971100266295,-0.024591264036802583,0.3854597210518419,-0.03227002828704854,1.0920996555988014,0.9659844478911843,1.2258122570200432,3.6824807226211105,0.5680759246462119,-0.07843323228551728,0.9787275856679093,80.99458935916967
498,20.982226072225412,5.705937500020262,3.894329571069526,0.969840546220083,10.00241086977889,68.01619171039215,9.938693629837633,5.488531705874444,7213.006110768354,262.92449013343366,8.19638398335335,1.0368237709346455,2.3089374381549685,0.7119418588304329,1.0167362993279163,1.7021889732373618,1.6671887475193081,0.6779685320033543,-0.00884736803007734,0.5713306435051663,64.69036904340638
499,17.999207827291233,4.8817758313713915,3.5054088464151034,-0.021695053164881788,2.0012156882695105,12.043541263832111,19.10518675054363,8.379965864809845,2283.027719230025,129.02294037526306,9.334663817509028,0.21439054821642842,3.143745774315433,0.5836493827973622,0.9892974241254202,9.689353700260705,-0.027057330938030255,0.5489272737958687,0.0932855841747732,0.09859432214265136,60.19505025521153
500,21.008404834764587,7.8878691402192995,0.9755539555327197,0.010998187410414148,1.0228352211715492,86.00765984515235,7.596867243196857,6.92265350242038,13630.0163683199,301.0110006032157,-0.02586416347361016,0.08284285323263552,0.08355392532552873,0.9807947674550883,0.9721052328200572,7.548726668259124,-0.0002692582266901192,0.17424887072193102,-0.018476249112598837,0.6656198953665712,81.04316432911902
1,23.97571189440235,7.679411625927347,3.3557121236799468,1.9761284700943818,9.996380708976105,36.974549003907306,14.102510977020069,7.429289794642,5372.011888326197,219.98876013072783,9.774279240914222,0.9605292732860958,0.3662378765338254,0.9849547302338565,1.0415955919644466,4.321331652926605,8.770871342621941,0.5984718546726108,0.014595767330730081,0.3967560786746537,72.79369527059072
2,21.012721831333923,6.2570198613078105,1.9541672329806044,5.052394718947839,1.9895034395263098,73.98249971201365,8.728955630557262,8.21083899631936,9603.029416897769,250.03374418920095,-0.0038277204188659165,0.1690074484863353,1.681695621811105,0.7533974676281798,0.9823430189103994,8.708239525052639,43.64105443073007,0.3295740926001725,-0.036262339333353814,0.5979052902771923,62.20187629168689
3,21.985784819587874,5.104375094106461,3.881001818858692,5.030814531076794,4.994575776647383,53.00308895727394,19.990532969223963,6.840665685346391,9423.015510829344,289.02543992601886,12.443374379437273,0.5339202439356353,2.9068817582224993,0.6228879176406631,0.975172869261989,7.617779636700895,37.958284640037476,0.6329907371444993,-0.04688355207613365,0.12367851221031458,52.009262637830055
4,23.999566431873653,6.31755898309549,2.797097196904393,4.024250786489971,8.97856007649477,54.9812049935187,19.848396455831505,6.716406424188726,2524.025756544103,168.00528286464692,13.459937360176175,0.9520319858051087,1.70696049399211,0.8030478722995484,0.9976332076134153,6.392649903578461,25.586029489575417,0.4366296542891183,0.012534527378339095,0.1701435953524341,62.37529149778766
5,20.01638852744011,4.715446507882291,2.7303251920506098,-0.003589767074194504,2.9892026671929997,84.96677615774117,20.99064454354535,9.047385640406748,0.004841611489035272,0.0010517525361333831,18.574190981880452,0.30274319709630676,3.296953968742934,0.5251706565495802,0.984752869214744,2.390714261252835,-0.023134457517262938,0.48561220228970825,-0.0016339485637885754,0.009144817451922352,59.011508440093074
6,25.00019266809433,4.924597757579058,3.3058716556271146,3.0454284220716143,9.060934761392197,96.0360425109536,9.817710866243448,5.056703878404833,1222.9923762253043,38.00152903152799,7.434014421656185,0.9043164528786337,3.0386851745102126,0.6681675210919802,1.066449577017996,2.3879284270454084,7.1660970812076705,0.5280633603409713,0.3830275581398367,0.6280748336664199,66.7390247789014
7,21.986908423284202,6.509730206300446,3.362665406503334,0.9934598310663663,5.972619637179124,98.9836538978753,13.060352585580453,8.613012853267707,12911.983555113631,370.02039819618506,11.46687703520658,0.6232936029946946,1.4814278069870732,0.843857737420928,1.0318107188012673,1.5102127425048002,1.5120870447722423,0.539624460017124,0.02539399250478235,0.3506204004826243,68.26819705401944
8,21.996711705882227,6.084018235053493,3.013494816411795,0.9990621575753726,3.991640309983621,108.00414578243374,10.462040266241495,5.654123572758932,14726.979980711836,332.9742757096037,1.7507313045185786,0.4021990608805956,1.9059891787690866,0.7163499325928804,0.9822792273263451,8.800411980609141,8.833777966996351,0.5341657233712584,-0.009355222527802944,0.58182209166032,66.64115373995823
9,23.99734911122384,8.625189915932935,1.3787734314411768,1.005099236192478,6.988375340101909,86.00888400769657,11.096337964894792,8.115092135478399,9591.951844886727,461.01277949365357,4.670739885740258,0.7329910011391096,-0.0028795528794064162,1.0118741260020474,0.9857398866622471,6.374015819967004,6.385655392305635,0.2573633994540047,-0.018978577456577363,0.4852549125901339,80.5079849583517
10,18.988899669103535,5.759274473804742,1.9838362908626987,3.0210546912163,7.992584851632668,43.98235540624038,14.67395514713847,7.414272856644992,-0.027358198404349932,-0.02761772833408772,7.280430898386189,0.8087486675198956,2.2190860797820835,0.7258885276200219,0.9394165517479679,7.406385724208809,22.148408092652453,0.30178109989633867,-0.022224600192050366,0.28619924608264147,62.87084603904082
11,19.992236118119987,6.872979858524626,3.778393639369796,5.019107242370089,5.990062820733648,108.04352398398926,7.797465893751742,6.389705981899285,3799.9717743941123,193.04009665515258,6.557998760915216,0.6040662394095733,1.122705077359755,0.8288926741229365,1.0041221095327433,1.1508335382958952,5.91842722738922,0.7087624861947159,-0.028570355423172735,0.6748777182541491,70.23415495879954
12,24.04795941511514,7.171073997857303,1.6662303509659824,-0.014253758353338091,5.00837720303663,32.96648574716386,6.107921505115216,8.492571653906756,8579.98477964412,330.01596385714726,-0.013142020983913929,0.47902361457517645,0.7927976461646326,0.9288447987059524,0.9775882197118357,6.018188274014812,0.05268636249671762,0.2671173742868592,0.01399943119726012,0.6890992054676481,76.35855896548847
13,20.016827583438236,4.132401681774179,2.0987612591464604,2.9840101884172214,5.948694746958246,8.007848757907423,21.70253025301956,5.008774796428853,11388.046867326319,271.97935315215085,13.216296759663548,0.5716419876158015,3.871127088830537,0.5243200648639506,1.002640341464798,8.521718361162208,25.543313963216043,0.3735214800987083,-0.009362941853419982,0.17878695908261047,52.50657575454123
14,19.991135590459127,7.328283655424202,2.255764919388553,1.0191970887145625,5.03111514417596,87.0073835311913,17.694429772123524,5.907654901915926,7242.995273141333,227.0024178747209,14.757910385401454,0.4052273595936427,0.7464495311615026,0.9162013704901181,0.9410117771528731,2.8979443563827023,2.9419958715185466,0.44293086276795435,0.03427562827630261,0.28540253665962706,73.46444157877765
15,25.02090863213532,4.91461915711135,2.3284042269953558,4.021457097516737,8.018977483989266,6.998372361914075,7.031329187153599,7.2918264212137185,13372.007253006697,300.9743864085992,4.4036270962538175,0.8370235039982562,3.05933613008453,0.595392308449292,0.9991973099203317,2.638538492583679,10.496300735114326,0.4099799366688177,-0.08856995007514275,0.631871821052577,61.812494919109945
16,21.98998541530732,8.832157895956355,2.801650088081001,1.9881994662553137,0.9627138524181059,5.961092621601841,13.873428242359262,6.405530850057069,5862.008199589335,263.04512338513103,11.207504509288103,0.09560178834333025,-0.017859216702964458,1.1480002291936806,1.050960139187005,2.670279519191189,5.22918431960547,0.4744420499353442,0.027685208145824734,0.4278866822278552,78.73995327880894
17,21.0351937391276,4.673621516527641,3.812673049187043,2.9523843579096463,6.931927681811428,35.026124526555904,8.0898018826855,7.41639517107795,197.04762742738527,10.048686279534136,4.323924381973704,0.6879880796579265,3.274501202280786,0.6101035630216506,1.0016242348369697,3.7165970781990025,11.21637587679729,0.5903653262701692,0.10643472179633512,0.6426648700254857,59.37717742097035
18,25.011089265765943,6.110457853595829,1.6860143416416133,2.9937805171197525,9.970687835615758,17.02230532011004,14.709284686955918,5.093294788191105,3587.9827324363846,0.020886710476885437,8.993048272640435,0.941448781108437,1.9223937286540635,0.7805949742706193,0.9767595343884837,5.726922257260743,17.19562315431412,0.3445642015550057,0.22152527647273915,0.40912912193447354,69.6791232386326
19,24.996780935679872,4.396244767148506,1.3889838819736475,0.01870577396477576,9.992720006157187,1.9797329441422635,13.774418260337283,5.46941570604096,-0.006675662407741849,0.04669969702963732,8.9255904509541,0.9807966170268294,3.6395106592344173,0.5860016789388233,0.9993859982527052,4.906951617226699,0.015030300169655552,0.25928742941368155,-0.03874239798835685,0.45822832326642515,61.930876271516155
20,20.013431507774307,9.025406463116548,1.60862691715502,0.054162505392593416,2.077408756960723,27.02122461621616,18.71895666545111,5.452115532121217,-0.003185981153225501,0.004553878466175013,15.04903328370277,0.17684940625151313,-0.005210801265328347,1.094434174095214,0.9980725379144174,3.6703593083586266,-0.021707788272218156,0.2242210506703158,-0.04979631961520884,0.2363419022851509,81.71833986404248
21,22.952873715437946,6.496543273023434,3.6650784810278254,2.96406126112978,9.016297708949228,69.01124723058902,16.58888886096511,5.755716751404879,0.03409604567324304,0.022905377015243908,10.117768474905137,0.8761568073830768,1.5068933028100473,0.8510421360711727,1.0657549942226887,6.491344285726451,19.47544858674215,0.6630054685644042,0.0225327187120406,0.30074705085872544,63.946018717250745
22,21.966196975932707,6.988451713347698,2.8892602869675996,0.9872028624150828,0.9457723105245562,106.96158163563916,9.292842154274986,6.799669785835653,6731.040323170812,313.0367417356573,7.0355493779973255,0.10998508429457884,1.0128631546296745,0.8670617511091209,0.9900147421233794,2.2415563298576116,2.283338474711326,0.48516790034690016,0.007264398215115312,0.5684615680213712,72.64690224619676
23,18.96418224980803,4.3162272555568295,1.8742115945836464,1.9883178931542387,9.979310334852972,42.97438213256286,12.911648227647794,8.029770778560632,16433.01423751459,262.99982769213455,9.270676903868049,1.00366745659588,3.754120122957666,0.5475418908980735,0.9639012009033143,3.646201635396722,7.314361627222963,0.30833693248480987,0.0066965619620531,0.38260591737067673,58.75461289765182
24,25.00428829284291,7.7262850750157375,3.3732829356822696,0.040674160182945035,5.99840362691181,20.034148443346687,5.829395635502115,8.573168722732396,14687.036987281223,281.0021331157195,1.4628602100925545,0.5591611219914088,0.2467927967336045,0.957806109709842,1.000643745226823,4.303514378564991,-0.020101675755814088,0.5495035577834477,-0.003074125228354716,0.6241195856552046,76.07924907016563
25,21.051975449984553,4.979949644154596,3.536704852781231,0.998951754986241,9.007610506628943,27.009282485554262,4.06604827434201,8.370380766136527,7833.005329829894,241.02800969804287,0.036576904127761156,0.86106476700278,3.022326656973808,0.5686640318087924,1.0058659971351789,4.095888927215155,4.124756379412598,0.605134852524712,0.02549422898808418,0.6992033647075268,61.83251019243092
26,23.06693900438578,8.498167729859428,3.5401797976844,3.972780203218832,0.9605575341906873,102.98307091162567,10.604648844648512,5.777725047923582,10992.994821902572,165.01939493896788,2.522938689668742,0.06100964343008903,0.011295742438185099,1.0912204478291674,1.0168688789906246,8.11436435201238,32.344422631399325,0.6075722470027773,-0.017576155309033472,0.5391451518521244,71.98694897079325
27,23.01914153304322,4.96824678099075,3.7794038374053867,0.016760858487654573,3.9959502931606883,52.97424572326482,6.03858286947659,6.74371072879684,5151.035361722597,161.97733617839395,3.2493956093336944,0.45431578262701533,2.9888748142426254,0.5702655003127763,1.0226728555069415,2.74659092134589,-0.005691612076123396,0.618492552645405,-0.010092154397795787,0.7248370224768693,62.241068816584814
28,19.015025334248335,4.925058169475212,1.8349012816549066,0.9878608443987716,3.9784708258716837,52.98453818605654,15.553022022846935,5.808833637919059,4744.014628530257,193.93439511886186,9.922492211145174,0.44478167886074893,3.0097868020716088,0.5960043819996228,1.0586657825652939,5.585457582208769,5.623025375529561,0.30382750927482854,-0.005297867767750567,0.31602561261972895,62.652734537927564
29,24.945968267975417,4.206013788942412,3.3320637696418287,0.9632683817992613,8.966887243121931,63.98666561410367,13.29736555329982,6.0340189666432975,3324.977934080023,181.9947341581221,7.053037133779276,0.8744310300270121,3.8222248692748972,0.5114152610871564,0.9821300889498239,6.281604661565721,6.3485230809337345,0.6514184346717272,-0.0064097965819024,0.3772406139883694,56.40810090977503
30,20.983719786007978,6.418267160687639,2.361420008804505,1.9732168007817155,5.0077878694009685,98.97462110902113,7.016040324449768,7.018362372623901,9317.029922628144,362.93709257462325,5.604102228643793,0.4407021704001281,1.6174948813744838,0.7413915336197217,0.9794035076746544,1.4541041133099788,2.8275768839677475,0.41427098944818297,0.0400971747379737,0.7061751147096257,70.73114913121393
31,21.976366487442753,6.807862004272602,3.4673476629298148,2.0520212586326787,5.0232163152032845,19.947747076628502,13.873808196055448,5.248036736759349,14130.993745221069,361.97026947991685,7.418442844596738,0.5038413272903756,1.2647550181774891,0.8169813213158887,0.9443759056853606,6.483345366749559,12.975984323813064,0.6123105734649161,-0.03763313815821793,0.4212700235034973,67.83897046932476
32,17.981374572052466,4.2415131484673685,3.276815088780671,4.011526276649484,6.025231238308849,106.03420039859202,9.644272145998844,5.853297964630257,4492.990075294319,235.97377139128398,7.123833444708615,0.6014082034871301,3.703824447633811,0.5448446027235209,1.0198496130014716,2.4935947606696187,10.126748229968065,0.5045852614672267,-0.05863711554308565,0.5979297263329039,57.126438647138265
33,20.994955685442456,7.889474517097706,3.352527778257814,1.0032328016635763,1.0172315905340163,98.02911901017835,18.09493676525511,8.752160625079874,9135.026790131045,401.98294073067177,16.553843530216888,0.10950750960965194,0.10080715549870944,0.9771004642539339,0.9733805690368257,1.5817733351270402,1.5845328658144904,0.5092779109136466,-0.043620787102087354,0.1589186686977329,74.30568916979387
34,18.985837282669085,6.233449567198467,2.999054444600157,4.992503187925639,0.9850789140057921,11.961802336445794,9.409305274815486,6.825842577987969,15102.997335035774,328.0246131443249,0.005093553493642675,0.12224121677432,1.6945610364299069,0.7795754137882455,1.0267529283974386,9.399169732199832,46.956726667373026,0.5439359837656345,0.020509528535742966,0.5293522170895059,59.85600262459459
35,22.940621005688726,6.641091033229626,1.5077211931925205,1.008764465263564,9.021436492843906,56.00408933886691,3.9434270304022783,6.742069880947129,5472.011668756081,257.0311303862219,0.03493042485120769,0.9135511186018783,1.416589365114377,0.7975498064703422,0.9852509525924247,3.843723411423893,3.902932494501333,0.2853720527664334,-0.003023238705573522,0.7614000806668475,73.75393812796176
36,22.022437307683525,6.167418362536457,2.5810746079115843,2.008407078380075,3.0092716331431286,47.97293285391856,3.780310914094024,5.06744676522231,9753.019858187523,270.01526222159424,-0.035819135490777594,0.2665068140549924,1.7990382521554213,0.7763854397127367,1.051778739152811,3.7656483138383714,7.489772610216957,0.4847490781341357,-0.04796161611391744,0.863522506013979,69.55591587774158
37,20.967817709227806,6.037662108283797,4.012970581426011,5.008765064846219,4.0040182564885605,116.9921529833032,6.816430400414956,5.989193004425319,5696.976511707622,183.01897520928185,3.025493424697382,0.40882123261492054,2.0003962743519432,0.740242559244102,0.9569947933305979,3.706197540696337,18.718001532738683,0.6642787878527556,0.0029899509104825855,0.7463391402207588,63.09454449886931
38,18.007177405923333,6.828376089310524,3.7784845429783256,0.0034453527083325897,0.981649206348946,52.98965700260379,6.372577552345201,8.475060782344283,9632.01154551694,259.0196836136911,4.495825582459934,0.12561470726006962,1.2005348958001878,0.8007710379694489,1.0306877651005808,1.9002490824641851,-0.04992696564564724,0.6709627483135738,-0.009719561293987164,0.6322672714569306,70.754854747802
39,18.062222480092498,4.772982289423918,1.0390293870710485,0.026063950149166477,8.985093716179755,8.987164973528463,10.28848484480356,5.669829177101643,5135.040484193158,317.9250951002634,3.1222310548340917,0.8782799483098989,3.1959617429152973,0.5939724399128722,1.0271152768843836,7.123689001236018,0.029396627837056717,0.10670542550898059,0.016784837885623575,0.5855910496863165,65.06880800467421
40,19.972418462252406,4.866016451461968,1.4603533264046684,3.000693130380022,8.002216608083737,52.06008841252229,9.715240769218708,6.66172126661421,1731.9713059856879,91.00030593046021,4.720754038193329,0.8089986940626758,3.0817398159354275,0.5752426451924558,1.0157972931539265,4.967947238272043,14.857982139936611,0.26623662658676406,0.3737446587700105,0.5586373084422666,67.10307060208692
41,19.92409137431761,8.31051110649159,1.4006327824355176,1.9706618349334208,2.073196234009565,42.986790229459714,19.166832407873507,5.078242778719011,12692.013497266666,379.9461062383649,17.051979748448478,0.18341657847596576,0.012543196145907326,1.064430913358277,0.9664820890303738,2.1371812205867045,4.250212088211871,0.26432412816038875,0.07554476865046561,0.25644737614759194,78.98092120604858
42,23.991419873343595,8.674670278884507,3.1660679829349228,2.981627313272974,8.009037274402742,45.97575208524799,12.668264655090928,6.91292308860936,5651.975115967963,174.01527418427014,7.199079584838226,0.8598850916282369,-0.00855142695049856,1.0757547979590418,1.0159345246092566,5.485828993431829,16.41089929480586,0.5126845789804356,-0.035464524604033994,0.4767053949452787,75.68330491306892
43,19.033028789049958,5.903074539264747,3.497981676052594,4.940629439195309,6.981664344932492,51.97712255711509,12.514289434019693,5.019780883009741,4978.030641930515,152.9372067555804,11.220567076227772,0.6601951858339894,2.118410385084613,0.8131457329219236,1.0038062422239011,1.3247116365484801,6.563552814249513,0.6150083498960569,-0.01975780478196095,0.6057707351898124,65.45650850879528
44,25.058750423626616,5.385515172275793,1.5677601688170142,2.060804513481272,5.975028316650917,73.03131330869205,1.8919501697986274,8.227563462160143,5454.030357167512,214.9945868439395,0.014021387091803658,0.634678468095858,2.6033230288678397,0.7040070760956436,0.94509231368762,1.8675599327067478,3.693860305061817,0.2612729934190782,0.01767352630758361,0.8226407643684897,67.73213975021943
45,20.963113512166426,7.1465652475660315,2.4765293823249404,4.02588263775858,0.9852470016203139,44.950436930049214,12.960403476637826,8.357838475407263,12684.989370329793,258.01643309328057,9.611108365601522,0.04987561715724193,0.7884027537101285,0.896091924741385,1.0467481896920399,3.284016707287548,13.297242671852587,0.41427564788285304,0.02960137911070387,0.41036176928776424,70.95489843167995
46,21.014900976697096,5.933085959426267,3.5255949591923956,0.975097885146123,7.065318803426472,11.977121312506934,10.480902735881429,8.150002156011766,2547.0662888595657,149.96646726155052,3.5088494164913486,0.7537915805564982,2.046944912151052,0.7673843649967176,0.9896316575224903,6.949527683976854,6.935811880381811,0.5755753439917625,-0.03827083154863032,0.5045612775248179,65.15736428466656
47,24.986040686296597,4.106800527454838,3.207424416429203,3.991544654518087,9.98802230062162,36.04340468520335,10.765189894316997,6.158507249551513,11404.033198759274,293.0288514788154,6.981488320594494,0.9657535279772678,3.896930622433591,0.4498060243386511,1.0444365308807315,3.7986194997265117,15.198464946309125,0.5807728701357815,-0.03824186457894139,0.5525931639859565,54.803501904931295
48,23.996821549370875,4.783153267610081,2.5997100673605997,4.980893705773807,7.027206116038308,101.00731958563993,8.672952484527233,8.339628882831187,6083.021207869554,221.01519866509855,2.986105415448211,0.7056901463196801,3.2186846904368545,0.6288713822072927,0.9979701564969405,5.6716775202958,28.45036451907738,0.4197024123004331,0.010330988610308716,0.4762001935782796,56.64051890840943
49,23.07933030041051,7.5834073054925755,2.8263689191921193,2.0462764163412235,8.988722152635859,23.005757660151083,6.277190588854797,7.168259547168182,9217.019518326882,257.01142474087516,0.4461626887476534,0.8511242043990959,0.37900051282023733,0.9253912850852752,1.0294697818989622,5.874386846819928,11.836205714448107,0.4493667272789899,0.05143448457300877,0.6778300517608664,74.37110912904825
50,22.954910890148145,7.320875915172813,2.5144182578004206,4.957403685071872,1.0078355362383888,1.063964393804311,17.23699950073776,6.486399060371875,3121.029517807276,62.02094004762532,14.594531518307724,0.059500566489348684,0.6392338200660648,0.9151919911113305,0.9742142466477915,2.6767231420744597,13.298714584098258,0.39094977411614196,0.6520975708306342,0.2494354355566448,81.08599146324687
51,24.00761218984484,4.135203268298973,1.943396898737541,1.0034342817645634,2.0237523582202614,85.00739043858846,10.886823467055345,7.573977819943841,3089.970130727783,144.989223997367,1.1881363344429423,0.22693241142873866,3.882990024969689,0.4906713246144996,1.0064330486298545,9.690834179711267,9.703824365473249,0.305609394354281,0.0026120038603721675,0.49409735811400063,57.81489755717507
52,23.014030795152962,5.091823658359146,2.686204222130546,-0.0032558352769454352,8.982842914505703,79.97875441515922,4.734512979777626,5.057597272670924,12405.005838227953,274.0045575659127,0.011952324724503369,0.9308448693440842,2.8358765388080065,0.6188604487426991,1.0043182597938303,4.70638326830817,-0.015955132620785472,0.4558500963347703,-0.05697434180244517,0.8394926633988788,65.18202427532974
53,20.032573589748182,5.189782038792704,3.087110950644175,0.02480515892127343,8.980766650375417,98.9915376882937,12.258368494005252,5.553954262834814,6307.011495711561,247.00030154716703,2.818670388710095,0.9071807679710294,2.7928941139954224,0.6445660373006172,0.990291969178221,9.459931109637264,0.01597858478257171,0.5358243367376809,-0.005957566232091952,0.4897706989141407,63.34867578028541
54,21.002939494604128,7.415004290993417,3.56096672200826,4.996879723168259,6.04976609083366,12.965937030729084,16.14024710585587,7.920453808597094,-0.012004081899076804,-0.0003764683384843434,7.116151374511398,0.6222324499647072,0.6440594104361712,0.9273049832501986,0.97392331558256,9.082824032689272,45.21841805763137,0.5774012715009746,-0.0034094324795416165,0.30590029834530513,63.05320335655864
55,24.009241516185124,4.059291932909012,2.8871305784788275,2.947253733700337,6.029537786846874,9.03767811120047,8.24423685958111,6.039212003282076,9601.013943858083,317.9798390677006,1.883264826369628,0.6313463622796192,3.872841449337701,0.5116925235763212,0.907995978074817,6.409857603510127,19.146244786197478,0.49452045063008687,0.04402621336212523,0.6963286489607547,55.10033028659465
56,20.988250542977347,4.506694591642431,3.3289430968290734,1.9924664649607269,4.023720169560722,34.0172368515261,4.695541388497056,7.38510164844315,7626.036950829013,235.9627240365583,-0.014131607111546839,0.3794746940860206,3.436818684272174,0.5624404612758591,0.9746272177451925,4.7623379492481455,9.412706404988953,0.5683591262157465,-0.02120033381216929,0.6855652935602581,58.80089503152278
57,25.008073808237352,8.016556579154665,1.538999621167864,1.9708351334617003,4.0236182887936875,24.033732424499128,20.646555718025965,6.562326873586848,6046.987346927367,239.9898942495213,18.913063854711407,0.3580311569704956,0.0450077097303758,0.9512295187755567,1.021015273407272,1.801888948624449,3.5408040971190324,0.2220167390661592,0.020592311814765774,0.10781737855444433,77.35731346394182
58,17.98970423173508,4.920406906252529,2.4288091550426,0.002387386396696819,5.0137872646493316,2.036389517856481,5.6942963924961845,8.445679918709196,14726.99836727099,332.9882415627842,2.932204225652297,0.4995888984139162,3.0857393571002723,0.6824614881279233,0.9581431135332951,2.7521439242780086,-0.04252580775523506,0.40189409931335907,-0.02315285697543361,0.6810110189145177,63.76882108196977
59,20.018647156695682,7.241897418924926,0.9461742440035169,4.04302531109561,3.060533274395252,109.98757367657217,4.78226784724595,8.796115084297089,7874.975382441125,195.9778980703745,3.3314103872102465,0.28268396442308374,0.6995278485349395,0.9194594098720403,0.9643559908051414,1.3959220444514948,5.6267511804798005,0.16412121248369674,0.0027099678351348686,0.7249272014503569,77.13154543414346
60,21.98891168991869,5.177159341905732,1.732494356379822,0.9478172426730317,1.0013172490563147,100.97165741443973,12.319428679464362,8.550173583261584,13480.946390329706,279.02556161345433,8.455323098846044,0.11165864440602986,2.823648399073932,0.663127020369114,0.9569541157490588,3.9728560561095727,3.9712024562907158,0.28554882411556143,0.06231963562095171,0.3690673639237406,64.33409278446439
61,20.011313011817066,4.473652102415296,3.144844441301838,3.975993317938003,1.0173178710160276,15.998448606660759,1.3166650410330005,6.061875851397452,9202.023367965416,404.96483380146435,-0.0034864013146680027,0.11644085836263779,3.5156951829496745,0.5523002666761482,1.0062666434893166,1.310392937522321,5.436081843724382,0.5174336478166733,0.05379304287964925,0.933955553759002,60.71618235708947
62,23.99912211558945,5.202996608632277,4.0269435197236705,3.983419211386495,6.956472612142179,10.973817167876344,5.469669622851989,5.7502872091388175,2275.999227986155,67.99485472523327,2.04550702927765,0.6795504762829215,2.822515372588356,0.6237753591632714,0.9731978024472022,3.4157975486192678,13.750311050418233,0.6626016749216485,0.6344003714800452,0.7836768674473319,69.06057854927359
63,22.033781507523166,7.614422337393039,1.2889664642028684,4.988551067137604,0.9752511794022628,53.00494870626227,5.7334541779969515,6.934933940775367,14019.001427382515,519.0349901913469,0.005263210337410087,0.1211232562889933,0.4270128696863631,0.9545310719291052,1.036610289316004,5.757109752821944,28.792278653030042,0.21759879184737688,0.01192716623884192,0.7427720907718445,73.6496558643369
64,17.998458188292346,8.34490131222338,2.221075999418016,0.02220376992315732,0.9639754300049488,115.03396290642505,6.301588184047044,5.0252543186053344,3076.9703967914547,172.02727388057798,2.0853232214291606,0.11962415127853925,-0.05238343897768363,1.046178307319231,1.0220385912135783,4.206196016621628,-0.009588801013536917,0.4225881049750118,-0.006307873907666092,0.7318505600707113,81.24872609747389
65,23.946809025953794,8.185151035588957,3.360026549563163,-0.005206332526841625,3.0382219075054846,22.994955810618524,18.87991355014687,5.115555385008079,15354.994434894128,303.03648881655295,15.325049353964893,0.32169952736667057,-0.042430432204200584,1.0640542663236419,1.006003721918529,3.557439920917577,-0.009846206101008326,0.5680088415246495,0.008547770448820909,0.192038664620872,76.23847527136273
66,19.03785764502142,5.9850728250507235,1.6351350289811846,0.012474081771613355,9.923423795439378,28.004499852697233,17.435533516119374,7.222327629816453,7379.032897813676,318.98227658267876,11.530385254303017,0.9877662286896822,2.035135089878865,0.812328530505444,1.0091184899972756,5.844103951299854,0.002820465081407622,0.30681909264027,0.013981448175185875,0.26055317628534186,68.42603352496924
67,20.97282803097412,7.334490160566363,2.6560507576168537,4.981226808688047,3.987930699317418,41.9971846315133,12.257355353933889,7.099137958801658,15108.000024640103,252.02352864377184,10.009578276822827,0.42339766494485725,0.6765478257072496,0.9568106721197064,0.977111557820509,2.2663096445438677,11.366774071258488,0.4924233296188986,0.011679441692679461,0.414464423902766,71.91911468815675
68,17.980387009840534,5.008897308155909,3.179946352674405,3.006897730362538,3.910188801920181,24.02408182717313,16.513329344564585,8.933303891973951,746.0008755127417,12.968110888090656,8.18747655236187,0.4156000684202558,2.979820624651093,0.5720041322974012,0.9771192212201577,8.214162474510797,24.64104853450451,0.49376427167779274,0.13361673710471142,0.25367978655908713,57.90944275550257
69,20.982130161178695,5.53802954533564,2.7700571611669287,4.0233339289263315,1.9750613631355434,98.97996652817135,13.306286179750149,5.792441284060509,16358.006225848336,365.9917237813255,11.57010211434435,0.21920553934269685,2.4621147243350703,0.6736874557757062,1.0213307963974605,1.6387884739979623,6.67188169350677,0.45793099062905107,-0.022546793487086682,0.42867615524673364,63.7765824667861
70,23.041233142795125,8.508661840090294,1.5473714544153252,4.978031013507888,0.985271531508044,58.93410661215071,3.357222438463196,6.020265745275108,8359.962908536148,399.9945473256766,0.05477173641505546,0.15033365689265582,-0.012148436680424462,1.072574513598631,1.0274017607091113,3.3663598036189875,16.662554971695172,0.30915186596168215,-0.01788773745410835,0.8540346008228658,79.84251540565218
71,18.93592977358064,4.065286501438601,2.102835827027654,2.0234407435941955,3.041546132813821,89.01412606578126,4.748743948459054,5.425055639812955,12312.018747613924,279.9827247936341,-0.03768540080165359,0.30983322569776234,3.889520518089466,0.5004914304276269,1.0210678711574064,4.687246471311158,9.390530795430314,0.3554332538831012,0.03210946280959705,0.8385579932323277,59.27975099928362
72,19.0941324560098,4.360006149356666,3.454182673535109,1.001571183061827,4.011898838176644,101.02963503263923,8.78469433764382,8.68287020544049,1328.9623440565526,48.989145580357466,5.922760100631343,0.381791133280076,3.571876179369445,0.548685195497628,0.9858825203072981,2.784418895482133,2.816441309506439,0.5631751504099313,0.5267669471327473,0.4593746277699561,65.74623100902019
73,18.031681704271982,4.953454632528232,2.7800071566696003,3.0313638072144675,2.975005754300131,64.01339122734275,3.9204041857406744,8.145606792327877,474.9718115325616,41.98519872217508,2.893358460815593,0.26668636407001606,2.9684075176537275,0.5606459126772045,0.9882603376743915,1.0249579503943684,3.1789359055377364,0.47250089857784217,0.47519051754825486,0.8321817379715954,69.26448094030162
74,19.006697167423876,4.119861555042754,1.0029146736125873,1.9939574029976908,8.031978911591954,82.98079308513596,5.564979972736411,8.330355539660388,4362.9685235569295,200.97052818566695,0.05220171807590202,0.8338380847998147,3.9095598927652717,0.539926390029499,0.9720472965458491,5.528904032516438,11.039002585331195,0.19869242291090955,0.012769373147974442,0.66190009469104,60.00265658831332
75,21.99835317998151,4.935657904692611,3.3335004382520257,4.011437339654863,10.000534967635893,117.96594963705442,12.942239746286441,8.599823857043702,11192.994743251002,300.02569240518017,5.574528053163265,1.0107192302810635,3.0757699219933468,0.5562363428358063,1.0230476151177366,7.331067266960937,29.4353774836858,0.5491188659028783,-0.023652873802046843,0.3248446445126252,54.82690455941514
76,19.00856662224573,6.955480864241592,1.1069628391378563,-0.0012181869503559,1.0011270057612176,27.01483492595341,17.793560161057474,7.108758975873737,6505.989426418894,264.9945264999138,10.190261062153368,0.15010065964960673,1.0818106322906518,0.8153253142755801,0.941156333138791,7.58697750392982,0.037364037730175985,0.17498570764988067,-0.014366702414758539,0.17834230834847606,73.70369710531531
77,21.01563367285138,6.125293159969697,3.2149664958430466,3.997113632138783,1.9639198547668402,15.00424436858804,11.148587692776122,6.813369305134703,15928.99996324885,288.0060430963175,3.2148211052969775,0.13911343426398592,1.834411649596778,0.7320598764712506,0.9338729108542889,7.972417600076171,31.7726975558789,0.46242625397512044,-0.004725065107710492,0.5108526044132059,61.2211883204487
78,21.0193564675785,8.53488515732605,1.5897355404661828,5.007767912846771,6.970299588582906,45.99622622117025,6.525994337688003,6.338637682826106,1509.9728423152067,96.00491330613579,4.865374258480486,0.7273200126335932,0.058146007275930736,1.059573981386936,0.9398542188264747,1.716803711350881,8.333032470564662,0.26807827160042286,0.33956245868878865,0.7228922976183907,85.21831250548429
79,24.016668133980104,8.082599510020389,3.905852307762678,1.016104224076747,3.9752470810016343,80.05467390028981,12.829086464111704,7.333655947807821,7018.03016485961,355.0016417927533,8.600727816156125,0.39216587993738117,0.028254720884241014,0.9638182393446342,0.9357193215191701,4.239213158206097,4.2265075526692355,0.6385653276351149,0.021988164533957803,0.37435443974234034,74.99057619638452
80,21.002687420437656,5.665307525497685,2.116124361138193,4.96251305264228,8.001393838194625,102.97159599717456,7.976896426783047,6.874617408047949,18213.025020827063,482.0027841363817,5.942755769072021,0.789394370153565,2.2851558184001917,0.6806882329780551,1.0407142270449443,2.0326449779267737,10.230351435036127,0.31980417707045206,-0.04040425819992604,0.5913417512189008,66.09456179463719
81,23.99407984739078,5.3255023799725265,1.98264620813371,3.0430090082645362,3.0023365718094204,91.05325111063382,20.009534440084263,6.837795605530393,18192.994785594612,285.99083748339905,11.30775318110181,0.2770557647955423,2.6730275719302687,0.6969683512692864,1.0236041609071083,8.753861936187471,26.312369976595146,0.32717327781969224,-0.0017053073644637973,0.16374102152333955,58.45512546716594
82,20.995461801490396,5.912530422567182,1.3976751710032103,2.944210108783506,6.046322779905721,57.00095351714612,6.3209768516108165,8.778579480310773,1867.9856489985023,96.04255190605545,-0.035972259529126444,0.6269871304165543,2.1003266639169933,0.7341291894092373,0.9640421019495083,6.304719441312209,18.852738422300973,0.2208109768901555,0.27260570404164375,0.6036621106313497,71.17875817299716
83,21.994152751589418,7.003223331230227,1.8982470964300753,0.9794556367078331,9.011551655038135,74.94493288569387,4.908581412635213,8.976103801707012,3587.9826192752,0.022822342849060765,0.9488521429346437,0.9184060853184968,0.9995039923120704,0.8880064093609419,0.9968220127993767,3.9841081303106702,4.00451400915642,0.32174161587794614,0.2420243384086468,0.6204528452149919,77.74898856783271
84,25.034013102906012,5.311621144418989,3.6247920995199157,1.997171927877053,0.9187730291898367,25.994623920370426,7.176354226385317,8.20602407826798,2275.9906956501495,68.00055146098313,5.598132884815409,0.06572853924881679,2.6617210029145606,0.6254127164725076,1.043973711215451,1.5667989081839564,3.1079637536563225,0.5916299119601546,0.5543790994994193,0.6059790138340094,71.5280364902447
85,24.017806701668427,7.109695564473745,3.9680190348511695,2.0123706790725784,1.0078792596361508,117.02878488229798,1.6610305108117809,7.99918059730847,10734.957992643138,256.986588366921,-0.029406277862164314,0.10494764313775214,0.8234839131323296,0.885884919263283,1.0150059586273728,1.6821376426937258,3.41966373272336,0.6800765879197717,-0.0183370224659616,0.8329482124263451,72.33926722073282
86,19.911788340960072,6.0385145057956064,2.0984537337417706,3.0472851758322412,7.956499509314974,51.98904834901585,4.634315012708236,7.715830818053346,8953.971211780634,323.99643537471815,0.7279478011966743,0.8211834299204142,1.9842177227745,0.745924001810659,1.0634312880391241,3.961785610863898,11.753071068366951,0.35521716968152717,-0.056361939639771555,0.7935008976810084,67.77952377121132
87,23.01967702329589,6.838849567544509,2.3573601640715807,2.944251255353247,2.971020872261654,40.95575664376285,3.0497151779898237,5.610468398148143,4926.025803611759,195.01252864549116,-0.011994314836599233,0.3053403157777772,1.1530987640730148,0.8261418858728082,0.9965720159772155,3.0270445796854886,9.13643669826123,0.42153981376386646,0.022704552152368725,0.8718344565254708,72.73056652476241
88,18.005842085841564,6.216326610570211,3.2349218045775783,-0.015230823851691317,4.97563491584821,57.99506456404612,2.370104147501443,5.252452175290973,0.009054374582276061,0.044998202776089354,0.01122927198569568,0.5332352090008081,1.8051413984017062,0.7734676868764643,0.980345231608823,2.440400277805081,-0.004942888528890287,0.5173043963738237,0.03626000146148785,0.9224198858783571,70.32584204829314
89,20.999438737306622,5.525374086176888,3.7404753714666614,1.936194995366022,0.980099850294631,45.97428482878325,5.13064838701268,7.754923590255033,20669.049028234578,297.95880857366006,-0.0032399775457695908,0.09129884368332454,2.5053424469998204,0.6307362412153125,0.9675667249993866,5.175464085820006,10.32570866599581,0.6700621376743654,-0.020788267874640113,0.7178336855553161,62.82497089863598
90,18.988344446407332,8.715421876572742,2.800732955205341,1.0009486592173074,4.958745518238791,93.01475443203263,7.854756344517367,7.918784328494192,14460.991024145495,273.01979324275925,2.5285497367754672,0.43236926980686574,-0.02919638095025725,1.1006582623300838,1.0007093396739835,5.2388979019600646,5.290661454135538,0.4986839020920603,-0.004860448676189759,0.5762072780624257,79.41507753438482
91,25.03372338159958,7.786164908038962,2.209629926910581,2.008150507535001,6.006104460103568,104.02320199448202,21.913692411980218,5.2261200339025695,6798.989154603187,279.0338017091034,19.84283474793826,0.6056015268230471,0.18396247197033658,0.9630152184734057,1.028081931747609,2.052790136085441,4.174983610222258,0.4112689914476603,-0.014379207856088837,0.13531203846004727,75.08983070238871
92,21.028425793863686,4.722696940247395,2.230067085001088,0.04772387226513758,7.957675931447271,32.968311887767555,12.21762804941538,8.696290178843308,10146.987763032264,334.95539844590286,4.862910664453668,0.8054187730821525,3.3528912507593422,0.5797834182452957,1.0029737509980787,7.414567343108972,-0.001768539906960357,0.3742497083038298,-0.006547796592295087,0.34741050737315654,61.75512761388668
93,18.976813669965292,8.258165147934223,3.146807665885928,5.003619042826804,3.0107000282174954,35.978825878346534,9.996280612803298,5.352436305236838,9260.990425065504,354.99456547369806,2.1576319369898784,0.3093355949011306,0.023253855788128885,1.0630529740635035,0.9892541500107096,7.8621664076686235,39.287682329150115,0.50822717254484,-0.024589661496477584,0.6024039501717227,70.89356324760418
94,23.012211568613736,6.431616746568877,0.9414519126135134,3.0313207538832714,3.067109132311849,5.022699273953208,15.624670261630651,6.140659198878896,3760.9802013796057,199.9680644608075,9.541566660318535,0.333209372939031,1.5864324168787325,0.8129610043237403,1.0376956130595163,6.040184389373646,18.183876810167874,0.150528240588055,-0.033007538999309555,0.35553775077050515,68.39671382044915
95,22.97085029796376,8.46416431180702,2.8605367607885044,3.017515112446172,9.960119228231978,5.974234671651031,15.321664397562962,7.634800232517591,5164.0081296464405,237.0129158883503,7.426475762044221,0.9414261024012008,0.06875877980807937,1.0529498243281668,1.0158667628839901,7.964214686180462,23.79194954082511,0.5359050255337658,0.04105859137575498,0.3253791221649253,73.28579487946483
96,22.95861145505633,8.008574098603843,2.1392833230420796,-0.01305744591015505,8.991464690869824,94.96753525592516,1.8272870762213376,5.67201809032714,11548.000873122015,287.9892494720293,0.05671148708602414,0.8928455008700202,-0.03590812235914934,0.966502419126639,0.9965969051014028,1.807191234907149,-0.0678104488523917,0.3828998440782165,-0.07919146499875268,0.9199143851517981,81.17405084261625
97,18.9811984832623,6.0746453812472145,3.3916933193269356,0.9577311775962388,3.924296279124626,94.9646392660461,3.1941526469905885,5.145426152631415,6374.984702564945,330.9960958279936,-0.0050638623476999215,0.3723202657599535,1.8756191582555037,0.8023598421436277,0.9770022617966474,3.266256462528266,3.2732058149465404,0.5364231770730198,0.015123428070443881,0.8783061976443041,68.63508622392814
98,21.025871804171484,4.1166016694922325,1.2798483763222577,3.008250068948754,3.990971941210896,116.01056115838874,4.137926871265021,6.302434353143128,9685.03753446739,352.98766832578167,-0.00656041845661544,0.3637590883564455,3.8966845748787624,0.4722963399421694,0.9923667162540462,4.131399167925255,12.55150494164467,0.24599512606513702,0.008499966739018443,0.859153614162937,59.839224121002125
99,23.02859375136128,5.298982243222163,2.762375170390132,3.9552369394856393,7.019281514578944,24.009274731585524,13.444643096836895,8.085655671601785,4503.056897487674,146.02160490298306,12.238830526373,0.6978310300131132,2.6540697880387105,0.6813810070780345,1.0141824166827071,1.245556445800987,4.933408082737267,0.44190586445557745,0.11438840155405126,0.336362057927841,63.605526058429064
100,22.01539256260292,6.652157321255101,2.3833494989536765,3.0388562121800895,2.021619176940718,31.979478619088628,21.71452602885535,6.663417996747532,2718.0349973161674,47.006870988817944,19.688740690382904,0.22105466090842027,1.3537092749388353,0.7895781816738091,0.9765895337165472,1.963007572132652,5.960287440462221,0.4097287226878704,0.5544500905811154,0.06663108870302743,77.05078430602677
101,24.02175287360544,7.212620988930555,2.857928921497285,3.995138136938895,8.002320911908523,54.000152561883844,20.325576336508668,7.592155390686378,2524.0167437203927,168.00692780292118,19.028403552458595,0.8090283981457749,0.8054945611612783,0.9275361990943538,0.9629904118369752,1.330228786400686,5.11350129928082,0.5081113111714957,-0.011139087259806673,0.1376325830071527,70.51681955664549
102,19.01548534861345,5.2826623766950185,1.2627328281819743,0.03585532234534249,6.02667790274277,57.04581397152465,15.459085414660521,7.321223946546715,5002.0228530917875,244.00481865475246,8.763754555252453,0.5793743273251272,2.6763015342930063,0.6928180255865071,0.9855954623019495,6.748838001892072,-0.0035167249166746096,0.24373928345103063,-0.024253832611999843,0.30369038778721735,66.01571837621297
103,18.98075555214331,4.7264344016244015,2.699326918440583,-0.014406433023971982,3.076381636078284,5.9707781952924535,21.677727452476315,5.057750312986088,6222.055692465535,290.01717472641354,17.835735510489947,0.2956358520136884,3.3134336085421427,0.530121674704346,0.9985237092376679,3.8317388228987688,-0.0027882482055955234,0.45712633268319713,0.010666910675202984,0.12756733774518264,59.6747715794018
104,21.012957676340218,8.200039770662032,2.698261483747119,3.00806552359203,9.051369140623128,114.94144772172969,21.60097794788838,8.949929697905514,13541.022809579474,398.9921408443543,16.031662743681512,0.9278968933388885,0.004381675448936739,1.038480051580638,1.0408987049549734,5.61389150111313,16.73864529829629,0.4459801175499306,-0.021246946778865565,-0.005194800996258067,72.70834754916227
105,19.02401228575683,8.911862629561641,2.717642300255035,2.0062804657200406,4.984324372117711,56.01365226727161,2.793410138527552,5.257909608564775,22243.982444424422,406.0510232436262,0.014900568579134403,0.5204938773518006,-0.009139532523775399,1.1234951094324956,0.9651988789041244,2.762153265482663,5.52302328347068,0.45132396617159687,-0.03386356280818621,0.8977864399325041,81.82900051654657
106,19.022628739894408,6.571272931349544,2.828870355077997,3.9986486764596725,7.956466880405998,10.996687965082952,7.208157549102671,8.925374039611157,12109.0117681758,323.96295615746345,3.906353973705302,0.7834168996032012,1.363744544995356,0.8460914791405807,1.0068024429079854,3.2738778659655177,13.023491339387336,0.4986720605355118,-0.022112517293251727,0.5951901659706781,68.62957863100038
107,23.035667401144238,4.882320033057179,3.0283766446966394,0.9870202145981022,6.987815457502786,14.978699247395546,15.472254081299193,7.201578663900518,7566.018787327982,267.9482224465549,10.814560128969294,0.6814751087300807,3.0569136422341265,0.6234572082505496,0.991672855800783,4.66757516233095,4.748727133970757,0.5236514508664131,-0.028404394969025266,0.2760293240290135,60.08391298909888
108,21.021249115416033,5.386240840916968,3.432208658317227,3.0117736805541155,7.97159051703148,79.01956240712065,19.219981158831228,8.85480432494746,18228.970158481778,453.94573958294177,11.371974289696146,0.7485054751820301,2.6656040299232964,0.6461305292162933,0.9931617764223182,7.813795912634671,23.449877863728705,0.5661766541356229,-0.030178700777032417,0.10418859869018873,57.01232726633725
109,23.010543446226247,4.125701074407276,1.7810746334762744,0.9722151020955038,7.013540426435939,42.025176754340066,11.24213726844271,5.430613040560964,15565.991452075441,439.93761235642125,8.169717785739795,0.687117659992529,3.8594179534467004,0.5059830109759038,1.0461809890865277,3.0742651452426935,3.07925592279246,0.24409950399221803,0.00255926593925815,0.5537897986895911,59.67971088951921
110,24.032104507149494,8.650321312634164,3.4910639958512943,2.963716940131228,2.964564193817115,115.9337516594036,21.894165919676016,6.935946326761468,2817.033011754722,90.0201950944446,20.219310589186772,0.2479263320868445,0.050938965580541264,1.124939396093019,1.0024363641197611,1.6464769565024995,5.068190890660986,0.5102991098105203,0.42022640213163365,0.054980878234083534,81.6388737928257
111,24.999204362222528,4.575844847447714,2.523070949663268,2.037284806799805,1.9978153270222898,98.98042206272005,2.3215993083892563,5.6908655296631405,14334.945295217949,346.0165410309785,0.0034760033820326365,0.2620120906215835,3.3746572255715215,0.5417655957215127,0.9725933526485266,2.335198763922691,4.5867769529532465,0.4234267472043941,0.016487780805169026,0.9698077092826067,62.457981995889156
112,23.97354376046317,6.932305444339731,1.1841783281508114,2.021815039666763,7.025140421636089,76.0695254869359,13.353903127989629,5.184253223030906,8700.962487143648,253.03623329475326,10.815726693108674,0.6743464552939986,1.1237009770262094,0.8721857387505352,1.0266624016463681,2.4161816175548987,4.92164015338209,0.16456251003851863,0.004416896291440816,0.43611096176358516,73.89879375734317
113,24.99510799108169,5.33490967746823,1.1998468010391832,2.001976748258067,2.9969791238154846,6.017502147473945,13.572538331154279,7.497124487845547,2099.994707788391,95.96830085355883,4.186307182825989,0.3332694256593965,2.613962992702423,0.7095376162186515,1.024457220499206,9.328310000145185,18.738609784116687,0.1841346824085628,0.2951683485266794,0.37489932641710005,67.99519322085382
114,22.977652920655807,6.764174317967231,2.0119629129327445,5.049954271476313,2.971610585317566,99.02028310914892,13.808848042053304,5.877090570429333,14990.010610387864,232.02236384364235,5.508702182658429,0.35454318623675973,1.2199625610088927,0.8202774157341807,0.9699648666423516,8.187622850155341,41.33800325080654,0.3265250679772285,-0.06367652316542707,0.45122578467517127,64.41657528420073
115,23.979744651750767,7.271236646314397,3.423555552469311,1.9919670344382547,2.0352444217275707,110.03518682835895,20.52980536495075,7.359978623543431,16673.95927102665,292.0017047218645,13.815853386325085,0.20648604225583966,0.7219604281672058,0.8699964005865256,0.9642118981093887,6.714849486788614,13.387396467724214,0.6289612302538934,-0.03168475403585371,0.0694296569585831,68.60703590742364
116,20.995664439878535,8.059424739316778,3.046669571128894,0.03968109659966938,3.943630571657385,50.000512064755995,8.605464046130335,5.453052116175198,10724.99619632245,328.00499759497467,0.03492103191744918,0.39699957230839283,-0.04834696867012532,0.9745169299904662,1.012315591741212,8.550708037192559,0.02604126000450121,0.5203378417558038,0.02291299392020198,0.6931168215094999,78.4357324697171
117,17.97622740237,4.9524923483063725,3.4214423694966682,0.005267222547774655,7.990166148323676,72.02390052480276,6.65079315679985,6.279576611252681,10677.034613056172,206.01876868686048,0.023486326595663153,0.7603290423183475,2.979709620225775,0.6368491408472919,0.9990109324377513,6.594492415409291,-0.007395018684893586,0.5882659705520522,0.022233296277191117,0.6944927471296332,62.85228151676072
118,22.990761154110828,4.112389967364134,2.5929882782644484,4.969257477497708,0.9987501992985599,31.021541861315114,7.798658737297212,8.152428307358162,3335.002059543712,196.97731154746813,5.120231284536745,0.08486199635053673,3.858958561223469,0.4742618868102491,0.9858825188587321,2.7042665815985183,13.396377845331862,0.4484697535481304,0.02954032558560649,0.5949986919414855,56.40468962345445
119,24.943191559991387,4.693577969068165,2.321223731325931,4.055441205753126,1.0004772597519889,74.01617124490258,19.06341662045957,6.7156898609538285,0.028172668308933915,0.07761747406213462,10.06129913370769,0.1481189514360708,3.3056790318254277,0.5834391987810377,1.031688955239651,9.038792573700587,36.1297713042857,0.31067670705728045,0.025138198888403282,0.16962850207952246,53.24059713319446
120,22.00639881122119,8.511382161928154,1.4233079507706448,1.0297213253987225,5.005414881682342,6.990339640881478,9.7914093040345,7.497459726140997,10318.98223657636,329.03995640912825,3.985667882239113,0.510537578888668,-0.039700329963726785,1.1036381418890966,0.9822315791189272,5.835369259422489,5.827314196702021,0.2213486021909647,0.032614366331334424,0.5319368863357004,80.62883859184258
121,25.000036164260866,8.420714180583646,2.048237451833575,2.996369369069713,5.018313194594285,96.00516176767098,10.055391436022306,7.618787276771554,6348.9757024942965,185.98404882138013,1.7876488812986433,0.5008504462237651,-0.05943141531219663,1.048460756267741,1.0126468870751015,8.219241011151828,24.795746067610775,0.29673242626778973,0.012189491524487717,0.517635128566511,75.47774579427139
122,21.975487341067954,7.007968509795176,2.3406036094286358,3.0218151377860183,0.9989377768286395,85.9823491530708,3.767418643768832,8.410892744929273,10690.02546621491,291.9672778582683,-0.02398504975367083,0.13936369627526987,0.9928756799036927,0.8516656163551759,1.0352393310385237,3.7567716134376545,11.266265482272855,0.43514942620347685,0.0540882295279217,0.7432076959402536,72.5862620924235
123,19.01977737005297,7.019732895284511,1.340397149878309,4.9878888969800625,5.988958251535689,88.000384429137,14.02062275480213,6.286004774179497,13755.011077966039,332.9973628751459,10.203843867254283,0.6208887164536715,0.9337276284253766,0.8787622901814016,0.9898260741955545,3.887689532656366,19.28940215791169,0.16208723598533128,0.008809517431906494,0.3882959880050075,70.94444061095581
124,24.028127104128796,7.2979140314127315,1.743310109574987,0.02487447105178626,0.9877723196602092,118.96494527323702,14.230780423771218,7.737732533952401,6828.964432119767,179.00546775330747,12.220139654387633,0.09556380556660712,0.7077621458416289,0.9104398143779502,0.9451270379581233,2.011492414151671,-0.03174926937642265,0.270708613595215,0.05997791453355191,0.3154755229933412,75.33466980418031
125,21.95177320406893,4.864390198350828,2.808741369544478,2.9282676430414813,4.98165452593885,70.97628128026182,8.997346694068371,8.829020433802299,11036.975974772515,315.03196845779127,5.950691846985839,0.5064876750702079,3.0622711142986674,0.6260797291640973,0.9879079664981545,3.1050198879547004,9.151231291779666,0.4588448449899353,-0.0187916572414718,0.5153129083220195,60.467320756006615
126,24.977118256643013,8.631734425424623,3.2009655526111054,-0.03059404001083781,9.023626299729806,43.991530638742255,8.705960677245256,7.8840643876402225,5697.0469374372315,182.96493837265294,3.851396561418438,0.8769580488770607,-0.02521739244240684,1.1235743366145656,1.0056785122472631,4.824366340436398,0.018545103044128645,0.5037581418153888,-0.01955818277894335,0.5586645173528686,79.312642611512
127,18.97692572950638,6.082326636016566,4.02618451249535,4.029377792328609,4.980604145615705,84.9716888370571,12.149500076001061,6.940956135536872,6063.972263343416,209.00856460829598,3.8131010349505674,0.4831687806090924,1.8315875208052694,0.7744030657651092,1.0300901782828842,8.32262188249101,33.48214897606554,0.6697093879867472,-0.005771476524601152,0.43298706273665133,59.34579130753628
128,17.971802906966733,5.871932111037127,3.8219624285429905,0.9925103338534325,6.025403133270247,57.984849481877646,12.689471417735856,7.471606099432559,7047.028029862402,254.95412954926755,3.9489101612084054,0.5938110411222403,2.149503066414256,0.7985134753529771,0.984365179292923,8.755873778672424,8.704750818537788,0.6320649926332957,-0.0011243836144127905,0.41780152488041694,63.49084184463615
129,21.02488424525795,6.594662463725868,2.8907280128978523,4.006226268846662,8.000569972467796,2.9950822206973347,11.627075951972486,7.980491877445248,14686.985654399083,281.0130907278023,10.536464032344387,0.8167241318712107,1.356112553390658,0.8386590571043262,1.0516928033938964,1.0689118116369172,4.298468812930983,0.488224702765972,-0.009637320627805212,0.42029006645920597,69.48829360527847
130,20.994185215836815,4.172615672421105,2.312144702264248,4.959596430136537,0.9843623557943161,103.01206787033993,3.95454545437799,7.461835708154856,-9.527570301394031e-05,-0.003225126613741519,-0.011537093009229709,0.06257911081929865,3.789079962963563,0.5019800612187587,0.9610353286379878,3.9198542116164825,19.608788364669422,0.3984080724021264,0.016190036338893328,0.8229131998893682,57.06617045841201
131,20.99206455476068,4.787477088540317,2.898947105996462,2.055436009871063,2.018552216472324,66.02847771905559,12.285725543056447,5.0868158785461155,5832.008837778629,272.0581003928686,7.586377111127665,0.20228720991268187,3.146247842226163,0.668649089826858,1.0049243099364196,4.734307088046086,9.479587194957457,0.4904378991582027,-0.0030696185004462123,0.6000920760391478,59.831403144581756
132,21.939884129067796,7.710321617646904,3.374382012746198,2.0357158893115304,8.978176382258306,27.986086468858655,2.27465560415422,5.751367878482746,3914.936970563685,230.95361992367341,-0.048316596037381206,0.8883041351981081,0.27492996574857664,0.9587554594796435,0.9928251089887239,2.1803986269945264,4.507889064996333,0.5780809540805972,-0.018215258248541984,0.9566714054208062,76.48804491666475
133,18.019062540906276,4.410450252177384,1.4387138222412903,1.9939794434487401,3.0191455212218465,104.04005313851806,11.425164760088194,8.20414788309455,10693.956118479937,309.0411182514447,9.33054942682944,0.27297212344601385,3.652554653430726,0.5183532330432699,1.0404127267941994,2.048589908138595,4.101255038969744,0.26669968230939106,-0.011880846571997656,0.4708330693795948,60.96735474074232
134,21.962822248154396,6.973065098007231,2.201655977275903,3.9878591242941,6.006381783635754,28.028158332358764,2.074612914886341,6.091605428229407,0.0025899905636148778,-0.05111494005498655,0.03211748009027292,0.5884652535152504,1.0089243020579604,0.944711859908898,0.9557905845765418,2.086712053988852,8.231347247893945,0.31717672123252183,0.03652869525250313,0.9344250213885957,74.2153764703226
135,24.00179797890799,5.185368838811538,3.5614612477309655,3.030888130842591,4.982110259327242,97.01512281495832,4.536155337096223,7.9319230769485065,3754.9782707730865,201.9601836917678,-0.005046503163097743,0.43035790210849334,2.7782910701106824,0.6280064934145856,1.0127690427440776,4.518518907952037,13.581642750660718,0.6043323281716867,0.009514975334501252,0.7253717201188504,61.082683218246785
136,22.008321308138747,5.9322299901431075,2.151235231894005,1.0594741135050678,2.015859044460037,97.0046094738789,14.391478922756516,6.4855819051746115,0.029897438858238666,-0.05031283675416496,10.48935811378154,0.17727233977914864,2.098974795610336,0.7143283170389232,0.9926730510431586,3.9377843082043777,3.8878473598776115,0.3352955929838297,-0.050288306747269744,0.3230281885241264,66.9559802753595
137,18.04081975787516,5.414892003532018,2.683296636814699,2.0286128076743406,7.016397691770659,27.009573625256056,3.874406877857171,7.081315501924364,4499.951816373574,196.00751057825354,0.032603068936115844,0.6670153935377213,2.583183228299401,0.6584558847586678,1.0458742284905798,3.8703554572709735,7.736106771529264,0.4307280303947696,0.045318732580084856,0.7629998227108626,64.89425770182996
138,17.960735388026425,5.862251951180456,2.800979165100726,5.065154080021898,4.0347255881742985,76.03561153451999,19.711475938887137,5.321323273330831,0.01695765168773961,-0.035210964322612004,12.389599259545317,0.3916025187219771,2.1972273826051727,0.7299387923996661,0.9751432395633226,7.3492511473340985,36.632517417064776,0.47029923446875277,0.01300525829132758,0.18969781576571051,58.013942956181765
139,23.909414635325376,7.635403845212245,1.6341214329288676,4.972329460128142,1.028984410372279,78.03670738979278,2.5548690439885817,5.732780750353789,11008.958713363389,273.9595500548416,-0.013201763191197657,0.03160630531108202,0.42231606157098917,0.9779258419234665,1.012459547874833,2.5929419606303226,12.850534291808893,0.27900629715907416,0.019173923725224286,0.940815446919001,77.27097196058415
140,18.00551548634261,5.534328792056798,2.1119840811780657,1.9754183950850364,4.014738220621789,86.04004840185151,8.748975503824415,8.889120351743994,8313.989436850175,347.0060830280487,-0.003911806566115091,0.4057267823052841,2.490067060302789,0.6080362515893544,0.9748542537868645,8.740614255109856,17.49104081417507,0.3658716212074502,0.027872143033321764,0.5256006249651121,63.02777422583086
141,25.054015335445325,6.758363943486326,2.0093141826254226,1.9643317664583995,5.966172271463737,43.00123980495631,20.85247637178368,8.598068950762949,5973.968068667073,160.01355326157625,11.22511726257287,0.6272826988922059,1.2065997442177534,0.877795014559345,1.0056418653226855,9.662850617090985,19.26153068990262,0.30497967797594144,0.06946363002642023,0.004380963066813206,67.50403383786282
142,18.03716839058818,6.422915810549003,1.0661820862233757,1.0132528194894843,7.073457609645222,89.01664901494996,8.466019546608404,7.66109812778052,14549.057072896414,185.0011954791245,5.23214342219024,0.696481108833103,1.6070948649294472,0.7833639619301112,0.9889190538180769,3.178774789460123,3.3055969265380276,0.2322691460418371,-0.02757340773607554,0.5246444097719559,72.3704434105211
143,21.00628978245824,7.298406795949092,1.065291758083116,2.005268106494131,6.957891513667846,3.0403063951986615,1.53033815810565,6.8077661170093196,9556.95981523511,352.99513342552933,-0.0026415037594482347,0.7149637562021313,0.6902156305810678,0.9001131667051959,0.9884431073422772,1.5203024774991358,3.077038700221566,0.17079775855756968,-0.03210644363271228,0.9703777411874314,78.52133287846755
144,24.985250914431038,8.683470545893853,3.509675139808697,0.9954414662958404,7.02847789522847,88.98128851895251,20.54413241212291,7.717795129729941,3408.996338209139,147.05486728897313,16.8204888420803,0.6846180833079627,-0.02207777969010167,1.1389557543276394,0.9403769408568806,3.689502706568797,3.692776374155525,0.561751117699183,0.07189203569172506,0.08974940667888923,75.94784368207787
145,25.02421367789912,7.705040460215976,1.7590768201854492,5.024277758843699,3.012938514506589,102.99044749438845,10.352449341270548,7.4570470353301985,6348.94819491556,186.00437508798726,6.794466061438807,0.2533613662867238,0.284244499301866,0.96889924479607,1.0124375219307429,3.560300337552979,17.831862441105955,0.26184192404505624,-0.020942332474357086,0.5347552950028538,74.46831654704451
146,23.970793614008866,5.128356346038344,2.5840436674913203,2.0369698581564397,5.9647757288255665,8.000481099890404,6.3118363210295,7.220098398659213,12022.047987103662,263.02417074421766,5.009024494509724,0.6000507396385696,2.9209755575460528,0.650931040435953,0.9675328258914445,1.3040723611515017,2.642331488474875,0.3922179378687075,0.011359604103140913,0.6685135161336232,64.04462943398698
147,20.014290733080685,4.215024947730127,1.9150275198725757,3.9542301277213947,7.996270971833645,118.02698796213939,4.979474479113128,5.284880095086666,2945.0120384724855,145.0042876637707,0.032026983619738686,0.8204113513095566,3.823472501149263,0.5235431965554131,0.9664996115484432,5.008126920412748,19.926246359108497,0.2746726926210235,0.048943949003787214,0.8200082985467829,57.90047102494283
148,20.015164104775,5.273645785959738,3.7705302718316966,3.9820908391629666,3.9976374134126607,4.027455164521559,13.26187636962589,7.521189224228832,6088.004109192688,285.96706371135235,7.806690392054218,0.3602683562317703,2.665866170061946,0.6854092775164701,0.9533414978332367,5.497665910119517,22.091482862428055,0.6427640845878432,-0.013305178726440582,0.3713507030224685,57.60424488820048
149,18.031806297224968,7.022273767407778,1.8481606788708542,5.024604307823692,8.039167481474315,54.993074076664065,17.71094105248299,8.048346951092,8712.044229388179,286.0164966304571,16.214331160468177,0.786043181710345,0.9921703199683597,0.9235403171886464,0.9683185192480304,1.4963817404984219,7.337874109556184,0.31812537267611585,-0.010803673209919509,0.17734676883551154,71.41136508221705
150,25.082789801167333,4.280872373737721,2.3367180903271367,0.9859678394842425,1.9786006729915937,94.9547417163686,21.111906138654703,8.96756308410254,22359.004422673243,361.9803260806559,17.59393681967405,0.1925865079728675,3.67741234392693,0.4632480415078088,1.0150143929898756,3.478983527071626,3.5013997891339557,0.3574071827030474,0.027793922599433796,0.0553736148728704,57.00382665842649
151,20.011772479015363,6.506500493568929,3.552857400049851,3.9760538177092553,9.99214164980727,83.00738551832887,9.837277878114604,5.016113276316785,4790.006587140684,104.99727041585882,0.6489384260894204,1.0855422293585484,1.5239985728914842,0.8450385397220873,1.0135351986545922,9.156279579820689,36.66667128742755,0.5657436355005043,0.43076121616730456,0.5942882331489832,68.53963343733855
152,19.984731091228774,6.990899497975686,3.4720288627045406,1.030556122829512,8.929917911849362,48.97245051588015,12.472188124189428,7.8991890609715,7007.003951758642,148.0091620804568,9.376497534975353,0.9067011358415967,0.985863908806603,0.9214109919162606,1.019911328816237,3.1356626454104553,3.1669272719792922,0.576983966683461,0.21945754030964407,0.3983454086744052,73.63227968002319
153,17.99923277063424,5.6934340124479315,1.5314266826651517,3.9613149979082807,9.052042883793707,73.9553019138608,2.0441359085000346,7.28335189829452,2759.016909029763,119.9417574579934,-0.0071659317353891345,0.8428327926340867,2.366027714527141,0.7275318974370177,0.9691905732146556,2.0651129797199257,8.311881564267244,0.2695852587599512,0.17002470271056172,0.8704095692708687,70.97055983668618
154,19.946927722853328,7.922987289251216,3.376522259123556,3.990952605766267,7.9678859527093975,13.962083853177989,20.74873819934683,6.791924455791342,6434.985226758482,248.95171493628325,15.362528442194263,0.7354144729447337,0.10653692169691123,0.9671791273188546,1.0064434487671816,5.440433980879314,21.56566945260474,0.5745559911949227,-0.015790984291472816,0.10191214847825127,70.00837122362752
155,21.97915860606733,4.468794188405523,2.4229916542971717,1.0098593207741442,10.009807325927175,31.009791430235367,7.601791803303975,5.490010483503661,7936.993571380779,310.0272837751749,-0.01712096011593253,1.0219149649079124,3.5354598936266965,0.5279318265629946,0.9815384940098764,7.60018746116219,7.615929688775513,0.37107140154233775,-0.009988233333061513,0.7331930787882983,60.51014470316572
156,18.987721526856607,4.458355852228308,2.387583151731754,2.9827854025826963,9.996957765108345,27.040831120827985,21.48513732143055,6.689778119926576,9893.024310038854,275.980087606602,18.286776037666673,1.0745509592798959,3.5695616751958985,0.6208553706073979,1.0286418906501495,3.169447769735266,9.51936901783297,0.3949841118531462,0.03581927742263982,0.026264000658226316,56.496686087509985
157,23.984277348061962,7.545367417921165,1.413823917308479,4.023494669680395,0.9970599709964998,21.001166835487087,18.39155619760335,6.4454651038793855,15128.008321188547,432.98151034032674,11.365223696521486,0.09157076546197844,0.4003516644725763,0.9228504894013141,1.012780418645329,7.0269660278080925,28.207252405705226,0.2803486599478583,-0.008868563672592972,0.27234640463829635,71.05156520168202
158,19.00457064616101,6.482069969502354,1.1543299704515477,1.9829336907440789,2.0242958595461262,104.00634141963938,12.469818145226792,6.221888146907583,10203.996572682578,203.00499315192113,4.662467863208695,0.18977541223824473,1.5184851929511067,0.8580292471316875,0.9803044501985916,7.846782733736,15.683501496218334,0.16415707664070903,0.012861710171617228,0.4305510904790757,69.64446049093482
159,17.975327402028533,7.4111063566982525,3.2239392576374573,5.042258584803378,6.050137873809109,16.03548684816634,12.436521439561925,7.9424436009675565,4596.957984328269,228.98842982208635,9.304908790190364,0.6129232252859279,0.5690009927453457,0.9367153397342732,1.031217266059547,3.145231351216401,15.657497972797357,0.5324594817536515,-0.02906401207763325,0.3673467699170252,70.51654147517316
160,21.033630920019736,6.217529424993059,2.4833467231621493,2.9962276110751267,10.00754481009826,57.953666352727495,7.570957492325385,7.8004096699151235,5563.044941508536,217.0125276514493,-0.030830173362572044,0.9760511077496468,1.8006102813543172,0.8363749241804447,1.0152203302192397,7.547492311310885,22.69724514145988,0.43166609868025546,0.06120837428745459,0.5948497382176829,65.25277440437188
161,24.000006211947547,5.196985728382849,2.300365090468487,1.0201381041011606,5.019652340528916,89.015605292648,2.90421194982306,7.398581503115903,3587.9801563767014,-0.0015336536619913266,-0.04692550207016661,0.4236753613871398,2.8315557709660157,0.6404521950707041,0.9583899151925852,2.8854912496443794,2.9152944394833478,0.3542970189795129,0.23381624431064116,0.8034890879383161,69.03146390001304
162,17.99972099036584,8.098278278909953,3.1972137649582084,3.0223807185894844,9.009866746101812,106.99965230647044,8.561906397353216,8.767009407898014,15090.029617117152,462.0059580885054,1.8981863713427185,0.9311179316782706,-0.009823500237704572,0.9642725722914933,0.9498543345600527,6.721233387150351,20.072060038431882,0.5516727637252943,0.010188361908701104,0.5406517703613345,73.53938694319699
163,24.99016315850461,8.012316502559829,3.2618535443732313,-0.01882620008232218,5.030525942717919,70.01698172376496,1.9849185444268442,6.350060020449235,11682.005272609551,310.97894424829275,-0.04424388080345304,0.48160453614794513,-0.025552575137178755,1.0000651254158783,0.9595694253842014,1.9882094835762305,0.013133012630060474,0.5098229395329041,0.027788361807491627,0.9100940881804943,78.99318213552793
164,21.00465572051577,7.49306791567627,1.4654074700478066,-0.061604596459676655,1.98611250861541,104.98549548274788,3.5023138066570625,5.9888875579567,5812.961196484318,212.00580784469844,-0.025966884791892374,0.23150353597464113,0.5540887836641756,0.8929065708629875,1.0494754514957991,3.455473455377844,0.024312439996038375,0.2690355190039117,-0.01442687316505657,0.8588233765225837,79.2843044300843
165,19.02475294794003,5.4417954377380475,2.8290338340701027,4.010822672639915,10.032261716632492,55.9754618812872,9.712395618531907,7.643519194289778,9411.037568264326,458.03315267260507,7.9177623280294736,0.9771703962906796,2.5648476409506107,0.755311815936228,0.9695361212189071,1.8100499732706967,7.250126030952393,0.4679673622349369,0.03581244379770762,0.48454688179345967,63.47929882301325
166,17.973986093528673,7.025180473426948,1.4119697647250509,4.002168650413746,4.0333149959694214,25.00421526712857,4.45388343096881,5.791329963441964,6222.007636219392,289.9829675535166,-0.07348101737239383,0.40365337382381616,1.0046767188514476,0.8938849467224262,1.0562842062304547,4.473849494556498,17.923744811347934,0.19075071042225927,-0.045489150526676216,0.8170664272565835,73.14497431759364
167,24.98025650532774,5.826184730530169,3.3315014712466025,2.0166747808272536,9.032476110260488,24.049475739700036,8.582782568415592,6.263787676181418,0.040060360702111275,0.027459549008164538,4.611587641574614,0.9256449584246609,2.178751709849896,0.7483439134806337,0.9679804425083682,3.902651363471863,7.7830252490347185,0.5706299700395902,-0.018432613854704013,0.6351753101999669,65.05709982290756
168,23.9908882191367,4.471015298298887,3.0097397470650757,4.993204175828515,0.9801955639799057,9.025827303136245,20.33416684372164,5.881614260159768,18059.994527738978,246.99845319045033,17.636389149665504,0.13211052853215616,3.4718949728342734,0.5858631084907816,0.9647840483416796,2.681754787820206,13.423399618429691,0.47312418848260696,-0.024036832474688186,0.19321823188350673,55.569568551764036
169,23.959623872295804,8.59761834726783,3.9042897190442765,2.9870871690359784,0.9949498709728842,43.9847692168946,6.468702514758035,5.238671230318094,12669.021121536898,267.0220344496793,5.038048334470103,0.10698966002444274,0.02224971248109778,1.0541923095813002,1.026398574431898,1.4008855983029844,4.1187242634428785,0.6454006753474927,-0.056417934261740244,0.7672333064932559,78.3424251083821
170,22.975422264208355,4.690986021538379,1.148219681439997,0.06025419032945098,7.007184009663413,81.95977083892056,20.068183906487107,8.263488693872063,7274.9471241866595,335.0038631395506,13.667897978129284,0.70549717287397,3.2938339226501236,0.5835390852244884,1.0277656993270732,6.295835250212427,0.0017791151066065974,0.21890500667351004,-0.01586055156426772,0.08147972294785938,61.8804148737665
171,24.98571337379366,8.769831958729316,1.1918889990971648,3.9558293781546765,2.9588747386551297,9.949537981489067,9.543697232405616,5.973887960387934,6434.984993524092,248.99899767239705,2.389844475667375,0.31859118540537334,0.012176593962590932,1.1033109389407931,1.0166747552090085,7.092306651712148,28.409275757668762,0.17106669270943117,-0.0015585486254489085,0.661374845456469,77.79501466548645
172,22.026231675421382,6.2108049255183735,1.7991784703878877,5.022018514350927,10.04784760624258,76.03948298355552,7.230986715735174,6.910071342274116,9571.961810200033,225.0104918904623,6.104793946189064,1.0139250860318245,1.732345628366244,0.8333166539025837,1.0202833088137493,1.117367035726396,5.739754953849897,0.28415137502324767,-0.03269755556824739,0.6264467989719257,70.13719605347274
173,20.007876839870057,4.883870627266606,1.8585932159481773,2.982761944254498,1.9996317039949347,51.971347531355924,20.59798650837395,5.09529154874871,10816.9887564845,380.03640792686906,15.027058278906958,0.16126458397486063,3.1150935934588615,0.5777872460425301,0.97595134673925,5.607583436695934,16.857837830540266,0.333784776816358,-0.03702969618882444,0.16460677099806686,58.914222281529064
174,21.005807697341027,6.719662114895507,1.7206086989629603,3.9899266414677874,9.008517836628142,70.99023459761015,17.125021783407835,7.780005602191095,12015.014154352186,0.007082918826452267,14.100605217670225,0.8618375293708848,1.2783821226455099,0.815642483307356,1.0249900958644196,2.9923645462808377,12.19426332454046,0.2212391150901381,0.2502947554268625,0.176341170565746,72.94867361607913
175,25.02552693886504,8.367894253113171,3.746081835451286,3.990486915022781,2.982689866808184,103.03963633378233,2.7964508928087324,6.297030401442639,22025.98186259737,367.01435592492726,-0.017883773371405082,0.23672822690937362,-0.056365558534748054,1.0391120668132197,1.0071999001515581,2.7796445369755016,11.04111452341849,0.6592268636401261,-0.002399745386823921,0.919445581953457,77.22901993341267
176,22.995878846348017,7.751571218385255,1.717926131176842,-0.02410302822513772,1.9601936732189893,66.95158295633563,9.076988121241762,7.971535213920377,4935.02591526281,232.9889454525927,6.47827598892034,0.22299524002518942,0.3565421866436151,0.9422906002266808,0.9890417383124832,2.5676340734849976,0.03347803264602378,0.2394057015730352,-0.007972331849949908,0.5902453098161273,78.3623659658574
177,20.011713945497867,7.973110020242238,1.7786609031915157,0.017136726307087184,7.981879103435757,110.04476793528426,16.814567225452144,6.594307053501915,5991.974301620694,304.04712659421983,9.57831474383965,0.7881281067886701,0.018030405794838812,0.9562322063644735,1.002838596933543,7.223095185063632,0.06711853154404666,0.2790218859845413,-0.03798395232869855,0.31752244725403367,78.41080797321487
178,19.996903347412026,7.306579070116013,3.3035137264844954,4.041719307878498,10.006576125629008,93.99239078638323,7.468734755787047,5.792116642842219,13755.02655709841,333.0192101133279,2.980719626426573,1.0246059173612891,0.7068183223803881,0.8313588643872523,1.0318193745444784,4.5042621560156615,17.938240116882533,0.5584723704077761,-0.011836109034260566,0.7130885815635905,70.88000218184766
179,18.007960870481988,7.523755779311642,2.3070867093879266,1.0141004098373998,6.020202864382611,26.96554250054284,9.43036298787009,7.011805158175203,5273.039292714976,194.00233125380075,-0.009936532217409602,0.6121113172036347,0.537482565492196,0.882694666029863,1.0117555180887345,9.437313973309479,9.460082617444915,0.4014275288522387,-0.01998823106978457,0.5730817179198155,74.57247471266479
180,19.98251724027165,8.182880787093996,3.271825332906879,4.003101459886363,6.004853746218082,73.99257947218554,11.499595420114126,5.5539721662212775,12764.030405784053,330.99632038983236,9.192425873936516,0.5699271995528709,0.007427078441656081,1.0579708979774447,0.9352659372189895,2.1993851712224224,8.931341093312861,0.5589397008036245,0.002576356132747585,0.5283420894729823,76.02628038863159
181,21.926835485251708,5.225574059302989,1.1884683787022123,4.970406785027023,10.010401720487259,105.97832209655796,1.5036111938686667,6.741347029372335,5244.989674328445,285.0293372480782,0.04895973021337887,0.9963933269939567,2.7760415796956917,0.6497534329706234,1.0267368361387563,1.4833238167337912,7.484888794884098,0.2014179615351019,-0.016764968780094563,0.9289163304324519,66.97556024691569
182,23.995971625134413,6.363124492065988,2.493826990189685,4.015504757974734,6.989889208759559,64.01322459396717,7.6564495360899825,6.267131609297642,4675.936236392062,225.98181387768864,5.608025677773795,0.6863553384500772,1.5947509716855284,0.8250661674876222,1.0244391614038764,2.0188562440223947,8.07876147620944,0.40358531685182886,-0.0011626183763511183,0.6315589651084148,69.52675183963991
183,23.042682444083,5.143563530975476,1.1481685949769536,2.064690488951879,7.0148874569873625,47.980556026983365,14.09531154122413,8.650113215696656,10725.017465009902,302.94651374951184,4.709508581340022,0.6817232955920931,2.8796490136042387,0.6200245921227491,0.9886280596107834,9.312399580406836,18.63241164952679,0.23017205615196043,-0.039324528264240044,0.26270659605031293,61.408927949908204
184,20.027786462067247,8.900424477948974,1.1375777842382706,1.9885791612861472,6.044484985991577,45.94265073367243,5.156094906900868,5.2473272315858175,12573.99624295856,242.00217198798273,-0.017611708154430205,0.6274586197647984,-0.015010586784741278,1.1095499301922271,1.0035024487965738,5.193821258819354,10.360645282826454,0.22318869113438075,-0.04190540547193706,0.8024038287370565,82.77060703520831
185,18.028961924537736,8.682107657760932,3.7361745526214816,1.988720492619444,4.02114368327317,50.99338312396773,3.4488784072413488,7.781110431324884,10498.970648211796,306.03570013719343,0.05081291446077481,0.47532230411643017,-0.037731109975777236,1.1358947250287663,1.00338219253478,3.3701182246809616,6.637769457447053,0.6519348136504697,0.01672619994019838,0.839943363526522,78.60600600699712
186,22.037083921654187,4.191024546827177,1.3718961429512184,0.9831673260705701,9.024286256647589,100.9593036484314,19.371261171109918,5.717186683538022,-0.01668837194611231,0.04773926433554022,12.431928133892304,0.9334861092523065,3.7708993827259905,0.5715816781697225,0.940616212720697,6.942867077690214,6.964947905820359,0.22069261434117587,0.022960572488635454,0.1887630071321778,58.312695627056854
187,19.002659727728844,7.524267578081782,2.5588376243819115,0.9853175729651674,6.008820491979199,87.00612959651966,17.81721703980173,6.290291455920822,4878.043032759493,203.99678118169697,9.433549588531946,0.5991913089792779,0.5268375659800603,0.9657591639777682,0.9879498907271768,8.366467590307392,8.316044088295735,0.3634869762830145,-0.01178172389477302,0.23573197066369606,72.70437204889575
188,24.005919471222168,8.582466341244487,2.2353982639011543,3.9176410133898285,3.9549053479120118,52.9643860900315,17.448422006204535,6.673984413914849,11610.965879793981,332.00130762991824,11.4648692647356,0.43778523279868375,0.00996226316409744,1.0810725336187126,0.9891106876615927,5.936543259528041,23.992603174231952,0.3972675762926558,0.0008290838312321313,0.253633165041795,74.56172670566755
189,23.98147044313697,4.877519269317317,2.0219569420770314,2.0121510615756715,2.968660004081063,58.98535961590484,7.472895464708895,8.607045959986712,3844.0140492752685,176.01558591297547,1.7119230124335862,0.3513870795093241,3.0849096084240544,0.6280390828264772,0.9952381939344012,5.789235344771044,11.53816392863616,0.3440263403397097,-0.01349139586247181,0.6057083919105524,61.69735177870604
190,22.990517814319187,6.793353902072488,3.737635561071436,0.9746334347093616,4.013646274019916,56.00547763412643,9.36139894529862,5.982791034569207,1619.0065387452692,78.99206951743409,6.152148072757342,0.35822887653069113,1.1691590440661062,0.8611191489593617,0.9842245670839707,3.2622294744908173,3.1676311452410255,0.6221525057246485,0.47577093866025766,0.6496439555096656,76.9181682168822
191,24.018473134493135,8.5646911366169,1.1240210584263675,-0.048307893563754006,2.9996718284411976,45.99362623824897,9.021970442389517,5.405751609072051,-0.010721629939896964,0.015492178451734465,7.118398206100707,0.3367456428408759,-0.01216190936423799,1.0699921961903764,1.0198852530767015,1.878294534341647,0.014895763239343591,0.1663120883281377,-0.006093029018442492,0.6176387132455703,83.32052167526233
192,20.036116533115063,4.254616317238255,3.061795350052122,4.022595698491976,2.013195286594185,30.007512908490032,2.263926968680579,6.291176825883136,9601.01933598062,317.997437947468,-0.0022396221591427165,0.22309046056229617,3.7494845059109876,0.5128689057167881,0.9757261330430603,2.226794294482634,8.972079777535933,0.48955644239872687,-0.014966269586092368,0.8925164212277005,58.72783013732525
193,17.99581661172957,7.483008162263558,3.9167617151083345,4.967539466448742,5.050292702535322,104.02040861497153,5.701143962406919,5.4479712572494154,7937.048967357767,310.0303410477157,0.03056773767407081,0.535643571699695,0.5037989179827306,0.9711710383590337,1.0273023149807066,5.778431722709176,28.538827014590517,0.6320285075267995,0.028988965592093522,0.7929854055768791,69.15369730774945
194,23.986494322054458,5.524948503585412,2.695305678716305,2.9898399283834873,2.02178107997688,44.96526198900806,19.328436417129524,5.515157625467223,3408.9911208548833,147.02168941539293,12.666497077054444,0.22439862368050703,2.528364144459777,0.648631173533116,1.018472262501913,6.698738006457277,20.12556606496014,0.4513550349184832,-0.02322240920066629,0.22557629929477044,60.00624121537249
195,24.000015838765698,8.606284102509433,3.8102877913196402,4.0439932717356575,6.0377665861722845,112.99806807378125,14.733272983964302,7.271915486617753,2816.9927045715576,90.02430683496907,10.641592140742514,0.5931681297739757,0.07100917980177068,1.1196207483174592,1.0408125516340478,4.060464507733947,16.221890790559538,0.5992630091964886,0.4307609900951979,0.3593071403267113,80.33092140002483
196,19.018036202467872,8.87046397848554,1.2373040738503789,2.9577235260592647,3.002840441684122,24.900114886074757,12.856856839649554,5.215710666208891,0.018661947149706,-0.00615952934406264,8.713225530127541,0.36098611932548297,-0.03309776167692355,1.1042367157975657,1.0520139710241116,4.134863085040313,12.47586276807,0.2228783264149638,-0.03145409968034566,0.5204358530082376,80.76557886397279
197,18.956684355515993,8.699821358723618,2.2766187402421965,1.954022052962067,5.975783529675467,112.00741999905047,13.664595349086778,5.129596639035633,10140.027547284642,317.05777781961507,6.161411705540512,0.6101879582574644,0.027114073378518268,1.0480783948590695,1.0522135546424667,7.524801543785996,15.065209361977674,0.4444322059439839,0.01993648859824305,0.4674315018576242,77.60904917723424
198,20.93111457140588,6.423520083379323,1.7804433425240587,3.0080791856868703,9.998264015223569,112.99097557608876,7.980282428099503,7.88828291175457,5770.996168783786,288.0145173582714,0.04479724678416313,0.9869701893791724,1.5787836566290634,0.7836348542691017,0.9644314610689592,7.872557144216868,23.810347064350125,0.2820704221332822,0.024462565786334756,0.6262380420299689,67.13620903955398
199,21.983483894515253,8.294352159947412,3.190731199562063,2.034484620920311,8.975857445588426,3.970496507095661,3.250366627993461,6.533577357419822,5369.990838787917,176.0074188216046,-0.014588898315136415,0.9151793404512113,-0.033853688701530375,1.0112677633872618,1.010325575067854,3.2936248209565937,6.533746018416038,0.4855496160165248,-0.03866081394975003,0.8740635510262791,78.51821119244741
200,19.963378627222575,8.23579338837553,3.8368625160370398,-0.04723025153195889,1.0467488487031735,83.0094715826689,15.588884294913434,5.529454658333158,-0.06652939562159281,-0.022828289417009148,7.571899626789895,0.12917187705183583,-0.0338669438656793,1.0077297694368843,0.9784664123105977,8.009969966494438,0.03534950632299327,0.6469395485667648,-0.04333925375918126,0.3987347910595382,76.00113943630855
201,23.98475579407058,5.630645461783455,1.8041423522525264,3.012230692105115,6.023711732296064,51.03518092731555,10.408247330684404,5.974886927275075,15111.976659732629,387.9970878453955,3.6070306066456785,0.6028428322758599,2.4042220717928093,0.682181394439385,1.0984089876906735,6.7726429947523785,20.330393535169204,0.3094567000968331,0.008656251105411478,0.5499690774717678,63.72362402242269
202,24.995566590435477,8.12756744563975,2.943416138881469,4.0174299861988505,9.015615374898848,103.98571946757203,5.3647530315054635,7.546981822829201,6063.965820649838,209.00343139282108,3.6726357847525257,0.9117940915056668,-0.02792380871079808,0.9934891568587433,1.0184221407695437,1.7654598142795934,7.026409426178236,0.5135976168291528,0.0582245696768597,0.7301369331756602,77.46442108917324
203,23.98640254772931,4.186210296831811,1.6015917793879786,1.9382251854892303,4.037078296066843,73.97165556529275,13.293857822024357,6.16835551947868,10081.02053874989,284.97636968110726,10.834459698447025,0.4026510124631096,3.7817946268611955,0.515761287955805,1.0424893596908138,2.4422210798224975,4.968146047396007,0.31474198124623753,0.026519132171814393,0.4794403635767437,59.571223839140096
204,18.043574026034122,6.967604726566555,2.7259586926840575,4.023955040137216,1.9393983075643033,119.00495075787316,18.38726439111358,6.973568332040697,5160.992682911542,246.99123048562691,9.34428648505985,0.1801977280069807,0.9867879600778822,0.8730568000381679,1.0130610851049546,9.094902500059804,36.307616428808096,0.474474088204482,-0.006370044017568366,0.1741678421324066,64.09368598198463
205,21.00980234293807,5.181592371839116,2.385693706180685,1.0262981763952654,4.0176441385402795,52.95993180000061,11.970476157997272,5.491425439042839,4362.991509351834,98.99502599945691,5.556384121403144,0.3753452662411669,2.7778009648030326,0.672915789055429,0.9209367074289059,6.493953352219677,6.468566140745649,0.3456525428963778,0.4220584617757249,0.5239467688907423,69.96929240209127
206,22.009014230788324,4.605887228220001,3.950313476105606,1.9906464328023192,0.9606806264708688,31.980188558883935,20.85581990238442,7.321187492387723,12464.999728312092,226.0016776198277,19.785870028351184,0.05791551140285239,3.375622463419026,0.567651421040387,0.9764930490515132,1.094917865160518,2.163703256673954,0.6129207970350896,-0.03648364678580245,0.12235905238360381,56.44582391698113
207,25.018666214321303,4.416373601405971,2.756184973017445,3.0375703908689404,2.99978232904603,49.03667206484951,2.2258121359603433,6.306953102167227,9171.973894705896,291.94711879029876,0.31524095112115474,0.3455406010214023,3.5271252071244454,0.5597806241988279,0.9794325117794108,1.9086389716889465,5.732213388665835,0.4788362802027395,0.021512230758432435,0.908978044048258,60.65103057937021
208,20.965835006466577,7.434852857857186,2.035737820448955,2.034093667229745,9.990648772225983,37.00186537689437,20.410872604263673,7.525009996219619,5652.0465974156,173.99594188377887,13.489562462236943,0.9932974825561102,0.5026085987033561,0.9377259393614561,0.9882959416730912,6.9678110688560215,13.91443096506873,0.3197087392990432,0.027683223560731034,0.08319777569043015,71.73799646478156
209,23.03117335362261,5.699756603951648,1.3202541116922077,4.003093537771516,9.01985209836291,25.943615991081614,12.794434662709097,8.20676195956344,9769.03894581735,258.9886796145076,11.769898934777652,0.7971727469473413,2.3020301446867535,0.7287174231147888,1.010787049007603,1.051572061988301,4.162299436464454,0.26212047844373143,-0.01893478185576199,0.4180147757295197,67.37207650900932
210,21.997727071403936,7.604742676759695,1.4485190025506793,-0.013543361709748009,10.006845618668828,96.94609025058162,10.79405709862666,7.420185241334282,9893.048543203491,275.9993734755113,8.41249443140501,1.0118959923783852,0.376079654507935,0.9514002601896757,1.015039981732431,2.4223079538276804,-0.01224272091386136,0.22188601939327396,-0.007401845331308558,0.47255169356719195,77.94887924863397
211,24.020114418517235,4.291673672310533,1.7813238289712159,1.9708151632225113,5.040353515208354,14.004862570779403,1.331209263934118,6.189216118376936,6781.020502516937,268.0310582969854,0.06597570445184073,0.511274813135219,3.7108115281116514,0.5180953467404908,0.9211799068085023,1.3162357910382776,2.634872215376465,0.31215463192663545,0.0014086901434410951,0.8870328971362005,62.838325972184066
212,23.967844283008795,5.638738215170476,1.798087641434881,2.998873094719014,5.981943085172022,95.02587171727752,18.51749176461161,6.021326185246413,12464.99911565655,226.06157186476364,11.287050520488364,0.5440029695150881,2.441907225961971,0.6724540104207823,0.9928924130747181,7.247593906008457,21.706743571080533,0.2805197945301995,0.05438539376584488,0.2045416345892629,61.764687618222034
213,21.95338723701952,6.712653402227526,3.573675479335331,1.0170927675911254,3.0212734316889986,59.951471356241214,19.598630714399988,6.3349633065166335,12022.048441879091,263.02035131598933,12.640677396002271,0.27502811375000213,1.3007073949850283,0.8438068879551265,0.9854237163584302,6.870276818406728,6.81428705100595,0.6078657956459117,0.0019545947562928313,0.20449694868306872,66.96474449890107
214,24.02453668974075,8.039305757242428,2.65778738415648,4.990274694168781,5.004866696506965,20.013491378224895,21.820625244464132,5.676409054193816,2996.9795709949226,155.962967334838,18.793105823683643,0.47371132896317214,0.03990773337468684,1.0382013546970192,1.0414311497110746,3.0056997982070377,15.056071977049042,0.42516222418855265,-0.029428555647661277,0.12062080994000733,72.96065988636707
215,20.011292285782925,5.593521184389493,2.59339945917021,-0.06592503015786089,7.950941291897854,45.039910305224694,18.74479762528579,5.712065589536941,5163.973863730629,236.98963779144503,11.306311870162197,0.7777319692762318,2.467143957612814,0.6931262611897079,1.017767338122413,7.400999886532925,0.016436665835346243,0.4500991206635757,-0.03469926911896913,0.23329334478846006,64.87601794996486
216,21.972938453369274,7.128124324775207,1.2961777938283012,1.038061416837297,5.972441506244309,68.05663576963876,17.649132954295062,8.14368595213616,12311.981954654557,280.01787889926493,14.538615687549814,0.6363832758511071,0.9759157406736085,0.8664740903851539,0.9945076743278859,3.154806852680498,3.1542095632731058,0.24884800582273164,-0.02733672819609026,0.20641721891434878,73.57564768914777
217,20.97391010756176,8.449051991835827,3.60307936585619,2.0057066966553467,3.995503658994335,5.0099366827957965,8.703778334918063,6.535201735551035,12209.015686138007,251.01449871489288,4.817867157110646,0.3955336735579949,-0.03564708259530003,1.0423148797418529,1.0067104247158805,3.8955919972959,7.813284772990099,0.6075898564080865,0.037920660278926946,0.6175057582888288,76.6447323809157
218,22.033763043532442,7.139350803478179,3.1910661153132813,3.9886112650996948,2.033368773496752,37.01520407783657,17.455889967035677,6.723479574600297,11387.977136844198,272.0296197720636,9.704546453812357,0.18718295345551547,0.8645081098074403,0.8706581646729252,0.9493893088684382,7.693928931746829,30.899919245460904,0.5906073094548896,0.015394211972368723,0.23791319421368873,65.06322545181531
219,24.96431764321398,5.167235752197138,1.2189967593034527,4.025714751652699,9.013911691726713,60.93600446717116,21.606024024582855,7.376094134015857,-0.004661189646539961,-0.0029205298287178745,14.740046889747271,0.9336716982666178,2.7866671000982284,0.6299905844266426,1.0198405613449542,6.798489061011509,27.386365223889758,0.17838691346230165,-0.010364809600150833,0.06880361428165206,58.707651439389686
220,24.049280188597677,4.092389717673728,3.088371105020103,3.0457391578944826,0.9649749752835786,85.06299257643988,4.601451660141355,7.360493227858582,7212.951944341184,262.98909499266904,-0.03000271384410181,0.11486043235551116,3.9038614560377956,0.4691921625549924,0.9881338323822169,4.641019960980194,13.942412157098445,0.5196057230556849,-0.08775889908593536,0.7385392443774479,56.20879016946111
221,19.972981377960565,8.389645058836507,2.541951076482786,3.9159426529153634,0.9957905131585852,60.982735293607114,14.309645883085702,5.2430620731985975,0.014432929962847327,0.05257272011748116,7.397272769228567,0.04777065226070353,0.04759955999530742,1.0426677514121434,0.9757786368171473,6.9443726609753265,27.648512009639088,0.45870881536125785,-0.02557896414974618,0.4484573850631434,73.46365062992709
222,20.019151757768253,4.114677636052289,1.1955191551305107,0.013027909497662147,4.060534193463791,80.97199586524725,14.56291897429532,8.348920395862937,9104.954486898985,288.0017601181011,8.431956566652493,0.3815012908249629,3.918817236632729,0.5195733146153015,1.0394269551950877,6.154721884812971,-0.04170071164719091,0.17150666437539833,0.010319082813247855,0.2719913726942858,59.942692536263834
223,22.99014144572753,8.420590606650435,2.3289756703988016,3.9572005236756898,7.003336700045225,76.9923438159668,15.68236548699527,5.69888716856591,3408.972035168354,146.96949976871937,13.812469848952778,0.7096588626140183,-0.03609861389017499,1.0175428752840585,1.0082074246803279,1.8895328857486742,7.363032032109636,0.4018686274013764,0.01056502843509928,0.32836356700798597,77.54765069437786
224,21.01809562293247,6.574833219779228,2.5106131189267415,3.014973315203968,0.9901802327478282,73.04535020242557,1.455221931940407,7.864743469491439,2547.036515014047,150.04425400971098,-0.023444726017053632,0.07198329597963901,1.3816502777457704,0.7986498074919643,0.9800370720945791,1.4992857757342635,4.552071731914505,0.4365878633641222,0.010303772205138697,0.8319448433918026,72.21086302429978
225,18.983676579936574,8.702035155417507,1.4706209930915208,5.003837816071237,9.014752189222687,45.06624138142631,18.415029752067106,8.079451777151544,7192.0354095495095,293.95511713525815,15.045411747779742,0.960886643652634,-0.0012600062389654342,1.0590581401653536,0.9818682056125156,3.3943222381008784,16.92450120802539,0.2778759958047299,-0.04041914367483079,0.14421806024940023,76.96252381625632
226,18.99511621281783,7.939402180035316,3.804900810647474,2.0190717957932165,4.022901792387459,12.003762260384276,3.087180906699875,7.867267744698609,5664.011229392687,227.89514864332534,-0.008169172529712337,0.4033863629095775,-0.04467479934436485,0.958399660988614,1.0109771901892148,3.127930629764479,6.2682940808686585,0.6675886305538611,0.005310041716756639,0.7722280961395452,76.3285054448391
227,22.001227575261872,9.043258350174057,3.539422249445738,1.9850225715651604,2.9863149495755983,94.02994252517811,5.6814471345251505,7.322491145994399,590.008269907452,21.023081602741126,-0.004566697640394717,0.2773987098126742,0.00041005372622743416,1.096332236890822,1.0086451388942188,5.739429318566754,11.430786676445818,0.557261447283856,0.18259768520832048,0.6893204169231741,81.72621211691884
228,22.969934376326556,5.7846287727796994,2.97153753914196,3.9438027966454254,1.015077243231143,93.00129612146057,20.375824973207454,5.072663543447134,7364.984071210585,249.02732102913075,15.913648689393101,0.06631169069991852,2.1643469322682227,0.7190643071352212,1.0008827515427334,4.576982911004017,18.100523892299137,0.508647751853826,5.673082506588804e-05,0.1849800851028302,61.35024748542547
229,18.022224730362606,7.801675918195334,2.4318376877553636,0.9864889542623,9.990133315099875,1.9688661358094546,1.2823908220214815,6.466950383752266,7141.976812890088,321.01242038825836,-0.010814556801216136,1.027825827641071,0.15047836599327902,0.9347382658186548,0.9638993083421213,1.2850421431693178,1.2546537784805645,0.3605526681563235,-0.023033228488829525,0.9261667201885492,79.39861291149649
230,21.984603593005854,5.990710508580358,2.1869983129994157,2.0122054290541933,4.021579828054883,93.04430231012365,16.281853768029727,7.459148206120241,7670.989132749068,362.96092631748024,9.56171937339612,0.38056414189018134,1.9715904416159116,0.745873725976055,0.9683360793967222,6.661666961589028,13.34793775698959,0.3449354403256355,0.03211295809998365,0.21513513181453173,64.9080514544229
231,22.9931420025398,6.434380827250402,3.0525958440619676,5.030461769860256,9.005090794739138,4.981336175589308,19.907469298258285,6.558564584880641,10687.954590374766,259.9982339043427,11.807173052467196,0.9113977253487512,1.6123306316467698,0.7788959962261875,0.9775505806550122,8.049860444447692,40.7672282113365,0.49477660734555773,0.010123408919727515,0.07099396970116326,59.50213121617419
232,20.970169518761743,7.014874806758078,2.5890454216040535,3.9648450609858243,10.014459034811587,92.04606592320116,4.598589700752894,8.417917928382934,16901.00757345665,426.9916549427934,0.03023867705406024,0.965454419293767,0.9121234713295959,0.8596305382353912,0.994115607077418,4.536992005474501,18.34133041697803,0.46765416085187667,-0.004296980516903827,0.7190823791101849,71.04365556382345
233,20.92312999023614,8.399501689730224,1.174785210434799,3.0308118128061907,5.977224493614975,7.038956239893072,7.173640182228278,6.231926675924091,0.001464933744252291,-0.016118670326771684,0.9084968331488631,0.6021059337457351,0.002899617500623195,1.061316264491194,0.9987606681067648,6.136566178882004,18.602365741439975,0.21583745708187707,0.041411329888722835,0.695843301992159,78.97754638939266
234,20.994269167121995,8.89682543727507,2.5206171535118584,4.980563831310604,5.975361408477815,43.01842108791872,9.056541950283346,6.13987044846851,6721.971997361999,230.04236208292429,3.5863137669939817,0.5809234230634961,0.02974840981622632,1.093296231840583,0.9952008692279536,5.389272267272649,27.195591930192272,0.4178693967379571,-0.01117477537855549,0.5751429509672893,76.17879305844794
235,21.072378462648388,7.786390908372249,3.386926308111291,4.010873496447836,1.028364919139782,108.05486924268763,18.714692997285272,6.1109056222113685,5002.047060457565,243.96860001824106,15.975887426522995,0.0905381675957484,0.22656749702640322,0.9608995840179705,0.9965726511678855,2.8135523187197577,11.043191189243956,0.5801263679914543,-0.042452189961413575,0.2305883488711646,72.20279233766222
236,21.02353812863694,6.151786796369069,2.37475651457613,4.984703181414031,9.997618108558434,106.06697038099557,11.932847842533244,6.389622026475815,9129.018207411309,332.00948313359316,4.463657060482963,0.9761115759884362,1.9061314402621086,0.8014402043000065,1.056437367937632,7.463217794951197,37.45844456191356,0.4156361166998988,0.03167620606793009,0.5013668968205461,61.33010154353104
237,22.99942218860797,6.073380116234326,1.1856648044788862,2.005465118831363,2.008551042262981,106.99474269911107,5.606434425539377,7.24950933592489,6339.020755254121,239.03582140950988,2.0829070251287165,0.23076878833424813,1.9019914555007715,0.7348983309877408,1.0254775025977951,3.4951229721225516,7.0039714878460675,0.21107070098374925,0.007566295760454478,0.7059336261129726,70.6477936933056
238,22.992113275123753,7.72315388531707,3.39866180403451,3.0267563290371085,5.990808137187404,31.97573617644751,15.635034862102053,7.855753765279171,10034.98537980222,230.01144324575958,14.401691063484913,0.5852698807462702,0.30388640115660276,1.009476236427771,1.0356465026964472,1.1912279739136027,3.690949792814344,0.5494143580085429,-0.009560315440596897,0.33169765603001233,73.44605466562142
239,20.000673976784363,5.210687583661183,1.6402654039373457,3.963189577681344,2.0269618032204093,79.9440719048823,15.384696608970843,7.6575282957971,-3.990234078970229e-05,0.03723355117486121,8.612591700642993,0.19569628415240894,2.7955706446018875,0.6395662661284202,1.0139279197469193,6.8872070050338,27.269481448188458,0.23796597873125142,-0.019312358503060047,0.3255763497773092,59.27620751146053
240,25.016413573455257,4.637845577576065,1.7419773676362127,-0.020397176902404942,2.98176570059911,111.0673404676629,21.941823357911126,8.240981677463823,7192.018821180106,294.01691144167285,19.26400842393289,0.2971457315760377,3.33476971820117,0.540915961013841,1.0021720801694873,2.592122547829706,0.01908063218834897,0.29330128916961257,0.015323506295225105,-0.011972138843159388,59.98941153318239
241,18.964575615540735,5.779984327456675,1.5006924197685125,3.005548877620263,3.9959319628029735,73.98680953973245,18.349274145620043,8.492076373450125,7626.004583471013,236.01288049011475,8.937357960369278,0.44836810364900886,2.234064545344595,0.7083815497681395,1.0122987471884264,9.493953387159356,28.36777368189607,0.22618416543680014,0.024409051330124994,0.11858736804046913,61.44160236280794
242,24.033429650840066,5.378010933026288,2.018747107839621,0.07204750983091056,5.023579784381094,76.03405110571305,3.621864527182572,8.257782029042293,924.0480570235432,45.011005046064966,-0.029060018331201427,0.526709257621742,2.6119256849568098,0.6770632471986712,1.0067746051784632,3.625261862345676,-0.009675643603232966,0.35197168091820963,0.4097485524364238,0.7112635799553712,73.93282755317522
243,21.021461439463238,5.532882097224322,3.3058034572497537,4.974104308634995,9.035189030974928,48.97776233897471,12.71552059734385,5.053565408129613,5562.993886372918,217.0184032979995,3.4915156587178995,0.9237204227483388,2.463510176625188,0.7251351157952214,1.0242393462583466,9.174247241456035,46.15693162637576,0.5958686849367613,0.01696020611074979,0.5450751091377385,55.18336158962294
244,18.021545571771238,5.212759639249904,2.639295955083006,1.0612040165799075,3.9842872212691995,10.046147969227361,1.2530164184220276,7.948440696126151,-0.01513681596708332,-0.011566172922367814,-0.004765439869780085,0.352663401309211,2.842834498578173,0.6739647442568985,0.970745786000547,1.3759791840294862,1.2992580601899562,0.45024254844819667,0.007518183035051211,0.8711546015879295,65.73317578613634
245,24.013154272164293,4.153651879599697,1.5977696401072443,3.0601326991102553,9.058790519458677,93.97899647224554,13.676804402106987,5.828211704638344,9388.019027586293,258.9609437844438,12.577806377808399,0.8803082283719238,3.7823006039536167,0.5269172054950713,1.0217424128384929,1.1511424513000261,3.4251001052973784,0.212362512569991,-0.02488258332078417,0.4613584959913775,59.8351963458193
246,23.00058849973082,4.083820849566101,3.5944634567344216,4.997080665478952,10.009397250810808,26.964248425991478,7.033683161332322,5.588404658870384,4555.962060581832,181.0286213023439,0.0034469164044647546,1.0356585614748675,3.8967669299202417,0.5502986794446737,1.005011760063319,6.976348610629543,34.964664089438855,0.5810024738585295,0.00011575290095190542,0.6647314558158821,51.092699100606566
247,18.020185837079005,8.911591479615442,3.6177698864104,-0.008944575785997005,2.968712152145738,106.9937448070714,16.08038703886705,7.5774988306616855,0.027728907969243363,0.03485226901517298,11.23094589373693,0.2648720755373505,0.030707267867047604,1.0560688885639755,0.9457873888705258,4.906461158786176,-0.014868814653260946,0.6005444719908911,-0.016399577420803214,0.2887425265501576,78.13558623208063
248,18.017754424012242,6.125132926646398,3.6029794144485408,1.9792380440400592,8.0110715614577,68.98404672897115,14.350781304839758,6.28853535947565,8205.960978645982,402.00755936432716,4.581077081166706,0.802520406443652,1.906604180751688,0.7699832459017956,1.0025716505989328,9.689496903261732,19.438689971778924,0.5569561073788374,0.03721014613234825,0.3747105978238813,62.56057004015179
249,17.98937877867177,5.879623080404212,1.688287737851586,1.99795392409002,0.9885100235654962,40.01788899356384,17.990507185867703,5.221991809385812,3915.0191575399817,230.98354873141096,8.292420034020454,0.06804215487217635,2.1400612752574766,0.746798191798768,0.9608134659733245,9.668247338860573,19.318599396127418,0.2842692285264967,-0.019467518183990267,0.30002912971815804,64.19047458189264
250,19.982791946813094,7.312572320305492,2.4154843211875914,0.9577984170232132,9.013022054615496,14.998458152184224,14.72064318605884,5.600280643762797,1531.9805517933748,75.95326848650411,6.05525389219173,0.8710527823377179,0.589436955028716,0.9346642740273695,0.9839500697984185,8.666732017588384,8.630985206047688,0.4140795819009554,0.5076828805505527,0.4214700614237959,80.20748781904433
251,23.00305568885786,5.115696695572111,3.9804241512035006,2.997712829480382,8.99871431257019,67.01883107183656,10.529764607340685,4.999101360616204,20031.01429752441,446.00257421299773,6.879600018125886,0.9504235695859261,2.9507351963384103,0.5891954650203387,0.9952242802073518,3.6823287671856617,10.979744958152654,0.7089324245945311,0.003942342919870868,0.6031306160570944,59.658795353986456
252,18.046470604544854,8.66339037930168,3.28166468543942,3.0449064082155255,10.002228210705704,97.99126935580745,1.1631335951052617,8.619950218849057,0.02722028838183052,-0.040468510341539136,-0.028549584708516346,1.0215781192472917,-0.023334086994975668,1.0569926279496458,0.9547869439347498,1.194414687960706,3.5034355767129655,0.6045612107368693,-0.05236539160395325,0.8215799198780411,80.18115246602372
253,20.962826787730382,7.839479836056328,1.0841601793470317,2.9816674481256986,1.9726521987024157,46.980046778869436,8.062747588071812,5.101267488132804,5709.004602635865,164.95533037492086,-0.04734085748163366,0.22949420683383764,0.1395286698792882,0.9825057673352683,0.9983877645128133,8.058358565855858,24.188137462683343,0.14758760911011568,-0.06519355815443621,0.7140491816527176,76.3025614987102
254,21.955974242027427,4.315030222250476,1.2405920748049921,4.992778270880328,4.0297018369214905,54.982493183563115,17.870299524082842,5.82787538282878,5231.96401137145,251.99937805415954,13.971499332795188,0.4235122444049134,3.5320467234330177,0.5834437451488443,1.0020540423121151,3.820745019981125,19.305617035628387,0.1965023558710852,-0.0062582143107271036,0.23908932717976433,57.44414024679507
255,18.004942825237094,6.1244194258059315,2.3033695093204285,0.9489657857719828,7.965316178985469,63.061348163940934,21.09018752398298,6.6710951866715655,10200.973096742664,281.97708691496433,18.447362058361293,0.795821349133115,1.8669942384599758,0.8199579348715298,1.0226522119539065,2.5143277123405565,2.5170824812447474,0.3968810046037547,0.040008785613250164,0.12610055034391277,66.46887640716838
256,20.00152663105568,8.403858523512149,3.7118679650428885,3.0112218626439313,6.96673705313785,58.006755127966805,19.420209006475712,6.37114099447965,11610.978140225769,332.01035928668495,13.304328410304716,0.6792520987628831,0.008938984154679575,1.0300669424524973,0.9863870394914739,5.979648834108111,18.073924573480156,0.5952763992445398,0.036918595333149326,0.15418385203546855,72.28514814226556
257,24.00520024993111,8.69323030857863,2.6010281544260065,5.007934450548541,1.0110208104744245,88.9404871337164,10.170296889249448,8.603568807962764,7909.943149793192,330.99522113192313,0.817411864807631,0.0879372922174752,-0.012013362784293226,1.048204596240867,1.0082342501295847,9.460204002098543,47.1006831906079,0.4362927873919008,0.004989392357807666,0.46568230499284596,70.5977044361073
258,23.007318595937257,6.3416707308888824,2.4495738862228564,2.001911070792973,5.048085327415339,60.98439372959638,5.98028568522506,5.170488916250089,11140.033824335762,361.9818009630133,0.04335201986621305,0.4942452063683976,1.6977575414029233,0.8119728430927536,0.9971376175265857,5.882758179248822,11.833246026045682,0.4142645766729336,-0.022112057077957607,0.7655428819016923,68.87945523075292
259,24.993303932360956,7.119119740490691,1.3092918033740801,-0.006504811506664301,6.989422207088068,120.00290598097428,2.226279790802322,7.0970459907158245,4212.003303227572,163.94885254757813,0.014617480762954355,0.7532885820798375,0.9012495276048217,0.9659311003390264,0.9874518779139507,2.2978311356449335,0.032168232877499446,0.2350807535381797,-0.012518962313980692,0.8672620899881951,77.62411732457613
260,20.04469590315806,4.848489001281657,3.014272559754946,4.991217262436827,4.021029169681119,75.05536199043752,21.680606984402214,7.730446633124325,4743.965934458644,193.97441335622509,19.804631645497526,0.3599093070691141,3.1642729217561887,0.6332082189990356,0.9498826811457889,1.9132180302588908,9.32650800019088,0.5406984178864057,0.006220498316397787,-0.005536151983492287,57.26020525278078
261,17.951972880645705,8.95821793583499,3.517689176940722,2.0150570070110203,1.0322002053059063,10.030860961476696,11.041974295877143,8.708388934353101,29.04367024572375,2.9755159052984674,4.42642983617174,0.08339015654143618,-0.03347788844617701,1.1025410182801791,0.996651990780115,6.507509173573477,13.07008331447822,0.5873042518194267,0.05943169450892379,0.40280901318312134,77.13662742832064
262,22.975145089256593,5.198963481281381,2.0204451581086516,1.9991355019523414,9.024440533118822,99.97234846490554,12.094676684242865,7.436714387377981,-0.0210398430041449,-0.036759230205448856,2.177295331962156,0.8726110990108386,2.8069636614642524,0.7358341787965164,1.0223353749220752,9.897990123029174,19.858458905193995,0.33529850655882804,0.017075993299912145,0.5025858852589071,60.69349099539754
263,21.996902357195527,8.651498598751559,3.340991682355633,0.009449156146659966,4.99066375132479,88.07255067260718,8.222638928324228,8.24353581781427,9411.007517174672,457.9901286711427,5.950388804932311,0.5316986959256144,-0.019989988554653396,1.1081039886140673,0.9719884962824465,2.2393832249956884,0.039503715438409755,0.5192344636980925,0.02904853698591966,0.5903265183814778,79.51402898012536
264,17.950704335665375,7.1931185300443365,3.8778678988594546,2.0064494845236363,1.9672685984841778,16.999065189055955,10.277313833073555,5.312984145469547,4476.975241883644,196.96558244026477,4.563450716241333,0.2556136477801729,0.8402310157688349,0.8762696035922493,0.9934664841610518,5.677873885204583,11.316953708566782,0.7112738261910094,0.019310239715761204,0.611916816157474,70.18363805088119
265,19.994724367867036,6.992541524387,1.6205970324025953,1.033702818612873,7.9337735730298595,18.037389894332247,7.548691873050643,6.559297062556577,18212.939452195402,481.99508771758127,-0.010507300047235931,0.8092635907947919,0.9942415853370165,0.9330290649901313,0.997885380207171,7.61237344680062,7.600276917535849,0.2938729349148554,0.028166547208419924,0.6775068422947383,74.09689134834895
266,19.04984410497184,6.6187984091178915,2.6222322134204687,0.020309822921251625,1.9921147850161283,85.965349745078,8.23008150378643,6.511695954741971,10080.959066783234,285.0072123364101,0.5520591729425487,0.21173047504530754,1.4215625372932053,0.7989002456580347,1.0330732189534528,7.702486139278014,-0.03368793280378972,0.4453246603546776,-0.067835986879697,0.6475025529917053,71.85222605310567
267,21.000626594648878,5.2013669164342575,1.8736990874314212,2.005785855294506,3.035342621056865,53.92805510714247,19.498462101258177,8.564349011767641,-0.013454712925992934,-0.024785098631675336,12.250603639204448,0.30273962769125806,2.813285550079213,0.6313673444401418,1.0009032347156812,7.260153754754946,14.526262246944265,0.3116872452972737,-0.026776734036154184,0.07691657237125846,60.299362570402764
268,25.00692102717156,4.918702214148398,3.4198137985705466,4.045552660919565,9.966275020457141,100.95774705528895,5.268190743281852,5.611008051220607,10735.026948906136,257.01276225888256,-0.010228175416702965,1.0131243696784338,3.0819651682848193,0.6342986246702338,1.0086426212593926,5.247644212032334,20.84691228606335,0.615023026892528,-0.033144383639075764,0.8218682721737124,58.57122629781111
269,23.962195057044823,5.121103203994166,2.6884352027726295,5.012608055871697,1.021006295425563,116.90248999571413,19.44003978404399,5.621509331549089,5731.0103959944045,254.95915926386257,15.196765577622717,0.12319465487072882,2.840590136391429,0.6367528404633224,0.9997403185880939,4.270575022011634,21.188434338285834,0.4452112744787464,-0.035995703212840034,0.18269045911679332,57.719263718798565
270,19.981509157758815,4.964647860321494,2.8378586846198552,2.0391488806637126,1.971495424098444,81.06336267981759,7.327308232710167,6.30641636796231,5205.004206153785,244.9666346780481,3.645089130061476,0.21276921538660465,3.135548241028631,0.613610213960143,0.9852308252507957,3.6366615811178233,7.253221389734341,0.43196982130685707,0.00016710581562081353,0.7295327261475046,61.58975140731287
271,22.988744108590282,7.890541100341417,3.435032257765833,1.018208278251599,7.003182177291605,25.006435987566594,13.247919953662898,5.200940803968954,4925.939699171317,194.99660348107125,4.950543463328213,0.7149650298483488,0.07063272769908537,0.9886607450492839,0.9659657824732747,8.283966644968935,8.34011869896798,0.5746174592982761,-0.04341838229161229,0.4836100500286014,74.55442033876733
272,24.99046854709731,5.771769318980009,2.176748651109513,2.9447424276320535,10.02123374842465,4.972260679446559,11.19478915211627,5.701095028184519,3008.0381025844304,0.020611232756659156,2.896847770254668,1.0232624309048162,2.1878872583356377,0.7584343977761048,0.9914478370778615,8.33727197465203,24.816737771249343,0.3298324829558957,0.1596870115339951,0.5682178247342443,65.8575740924545
273,25.038449313850112,4.307382508459492,3.6743651961178587,2.03914504289958,1.980215136894847,3.0135787208994036,3.0259261307922896,8.78844973606087,11459.006710390895,304.0260219862447,0.001667764396552422,0.146651656962348,3.695474726753003,0.4677682808086513,1.0118007791337762,3.0617508564073903,6.061626116398657,0.624729487126481,-0.002961165444430436,0.8017848106031665,57.886862109682525
274,25.016730731821752,8.775931599185814,2.5879080239588985,3.00405528724028,6.005114540420908,107.00568002108541,3.308545124153535,6.704566713127865,7191.9964174699035,294.0483717186647,-0.010348862024809955,0.6000602679043717,-0.0015303470431104295,1.1085354165765942,1.0036922910399872,3.346743519535277,9.935877224850142,0.47365735793076447,-0.0481082636392836,0.8472362241075356,80.30614119238943
275,17.966656261291888,8.444458823053097,1.5081671017598217,3.9984413568729766,2.98754725989824,114.01862800186842,4.867656787399038,7.575581345488559,5664.0339726933,227.98870233375547,-0.009400227280414017,0.30915627126253553,0.02885875987617055,1.0412938986875846,1.0443855078914246,4.907561523361503,19.267591210042667,0.1998247405864435,-0.014585043072505546,0.7106853520429471,78.51878962732494
276,21.00739514335296,8.591503458831642,3.098281887675337,2.008440450424687,4.0211544597681455,28.036285942034088,11.349059623011536,7.921902402776128,9648.037424901708,320.99617496043965,5.756407728202128,0.41248444541557877,0.00017472173769830885,1.0524251190240814,1.0283755610985155,5.530064662674167,11.067017186423312,0.4896776372329023,0.0191652906826264,0.4870029924079514,76.73178130473443
277,18.014946652454903,8.98303270896378,3.416442007741215,-0.010349494858712022,8.00705951505454,57.99130236540925,6.54598139761962,6.476831273554279,5896.034637707428,257.96901973412946,-0.03212490780644264,0.7948734121464814,-0.00382062270777992,1.102345907462,1.0372167370156442,6.549769941627324,-0.02221429195516206,0.5926084892213819,-0.03676252536717558,0.7588023849927401,80.99036475078194
278,23.03420447115564,4.885860528365467,1.9598153190041403,3.0068108658116683,3.001695230232878,96.97360482081697,11.204631145360318,5.567979850171326,243.9925874050989,16.96238701004027,4.398598910726431,0.30482254499391453,3.13055367869635,0.5333867099234234,0.9390317017104615,6.8904135008396565,20.551979786665857,0.31834921109072273,0.18080562950331702,0.49077100177840716,62.10749233622114
279,18.04741622059705,6.021552522704149,3.577728408887078,3.9822437180097072,10.04675049880426,16.024833256431158,3.7236282187809144,5.859920176772772,2099.9698957031765,96.00685716258982,-0.010134123568867632,0.978402807859577,2.0180195711566036,0.7260474568919641,1.0473800275715186,3.7996346273440103,14.969841148930204,0.6124549317314975,0.3070647918085513,0.8481937808067335,70.1302766263732
280,18.969547174245164,7.795267590503055,3.696520087830354,0.0382281677620311,6.019869184271049,106.02406998333653,13.53450727646166,6.24642072064591,5563.029667687514,216.97672385501662,5.39643654447951,0.5467546579290681,0.17793288662058054,1.0137138817481801,1.0080043478598144,8.143792207009435,-0.04362773874445492,0.6291860825399013,0.008149477101758715,0.43415981458946123,74.9884212130712
281,20.97567427466369,7.4807499953960885,1.8569366187797611,-0.003407643408631509,0.9792894440162113,42.00302207424364,1.5990963368410966,7.587248029413672,3760.959048366708,200.0369713760005,-0.033348819914434426,0.1294941130391697,0.465585338675635,0.9624616463408262,1.012267763872654,1.623944244364401,-0.03216414856896162,0.3266870976842325,-0.033186099271940814,0.8599950188202744,78.85602183906622
282,20.96227266423256,4.849960557528706,3.9965856238475874,-0.011477515281673005,6.997424082976067,116.06532662566042,2.3846317579367784,6.560567382101159,0.05841770215992847,-0.04387157195602172,-0.019957264732489276,0.6659688519004149,3.1752890067440025,0.5942585471281652,1.0268808203698354,2.3894428813835873,0.046890834817653486,0.647268917088581,0.013600791834141797,0.8372050672524539,61.7511894652761
283,22.99297940422679,8.074314904780147,1.432556667909849,-0.027747774471578217,7.99772303644761,78.98686533631415,6.492913816371191,5.00750091416082,6722.0008399863555,230.01459059617474,2.0431179354051,0.7951863841065872,-0.0014765925056464415,0.9701623283447802,1.000639519252409,4.390529072991831,-0.0019749492733799117,0.1567784600503607,-0.009107483521501829,0.7460083933263287,81.81733817622964
284,24.01399075123339,5.101066982220989,1.6011566550635297,2.008063273674459,8.002409587178756,64.97300426085094,16.13907840577839,7.064581901673411,8757.968173472329,298.9698278228355,14.280326530327692,0.7775261110129399,2.8626183867448876,0.6621560931677738,0.9678885835749005,1.8725152166825436,3.610763192592096,0.2785726057342094,0.013985908641167213,0.22702627517518317,63.515222339366424
285,19.029620035497672,5.119569184548307,1.585490240876873,5.005613213003753,3.075735278298225,33.0125427428252,19.215006005989586,8.645536448886979,2660.9630439433754,127.97538654599684,13.058109792812399,0.3476102783962824,2.902722591414874,0.6767954523498125,1.0434222289938901,6.176054950426529,31.01354869532593,0.21959655434438857,0.0832898429725093,0.11490326042397134,58.41843159257455
286,19.997721469290724,6.651059946687488,3.692598267276567,2.011652738410325,10.01112555678133,117.9797518642926,4.074498107110731,8.221888659444247,6174.961671855278,182.01617336195756,2.7136042571415504,0.9976106585647385,1.2961240507062897,0.86852584012393,0.9769533381962834,1.357494329777329,2.645973871610151,0.6447219630685656,0.01668186070844454,0.7787067069625642,70.43171727842439
287,17.990404574302353,7.014407815042178,2.9949474086391334,1.9691824433748462,0.9389229228968567,7.014865495724347,18.494649616255796,8.303096487792978,17298.0042108872,322.97972358691675,13.362020104092187,0.09068630611353802,0.9237244290306832,0.8459382333504089,0.9704284786155246,5.176782355815015,10.387345445825417,0.4987320825587827,0.025406991639425027,0.17287218151587697,68.55066406103647
288,22.004552739767462,6.868346769735587,1.5181093721688221,3.9519645640356527,8.983716030848491,11.975009752324818,4.027119638563868,8.158633969254481,7603.999808230398,351.9845264779744,0.011248320256790838,0.9224359760617795,1.0578147444119808,0.8365536395741194,0.9929709725498248,4.0439562773850675,16.180033667916042,0.24111906112790296,0.003591750859674548,0.739112898935757,72.39319615658339
289,17.9749457129511,4.5246834834250205,2.3412383380272965,4.018767739075197,5.942028837375125,104.98799273151204,11.665908727968072,6.1743087401227825,13271.962922334795,306.97563524909344,8.107923152542952,0.6646942250282456,3.4134274926894754,0.6121773377653265,0.988419881963604,3.6127694167512723,14.314605817980702,0.404050001462756,-0.014386252204517565,0.5089908405529193,58.30262395498493
290,25.062686161650845,8.371120469642431,2.8107904254305893,5.044539255856296,8.990106052288624,7.056725212601175,13.509635398425951,8.092228198922605,-0.01069367359667706,0.05355089374840325,7.113961690984008,0.9121706858117427,-0.010317091831329278,1.0137218687550913,1.0001142050268437,6.298745128373991,31.562517163360507,0.4144113474226549,-0.0070108433407266,0.38543102930825995,71.98724092221937
291,17.951770169186457,5.320783070955466,1.3356123303622527,3.9692093913283033,6.9403806931082075,92.98783237929757,3.0224135980266484,5.519477188119578,1250.9589619384174,66.9814754106676,1.7782040085124546,0.6886774161510449,2.73222040936038,0.6768464009654671,0.9970537516108342,1.2323972951347515,5.104640034096153,0.21066045996013608,0.4819262234231741,0.8846800867033194,75.59537640194216
292,20.005542217366873,4.633174991988841,3.5710563078711095,1.0476832385068509,0.9738522858679471,94.97603445367947,9.246748790392926,7.647676848546599,9572.01767905418,225.001546566523,7.956076177237661,0.12089781944064071,3.3432802613371604,0.5216679155878041,1.0404138930270772,1.3584434120402011,1.351323778881994,0.6134362268291599,0.006087553764232377,0.5152715501266176,59.466050232442065
293,18.06070818657689,8.425843095768984,3.387561084735579,5.008517331762091,0.9543783541109764,99.03512036366119,9.926301977995267,7.570936437690087,8274.998362202017,372.9939425919916,1.4859565426583574,0.052819627942553043,-0.03966860459380093,1.0409905389787826,1.0137796779715664,8.39945397703013,42.02902505357142,0.5742519798300127,0.018688898252130662,0.5053784944935886,69.7044327716412
294,19.0002039953368,8.807539499447143,2.47827092397377,3.999788112863475,6.0115248053390244,109.96846874149139,10.260808559075128,5.16352118449261,8241.988647924822,316.00664251185174,6.0266660140105515,0.6013928778019318,-0.004912136018195442,1.1175545120220307,0.9742660906260121,4.277657537696677,17.008982288494806,0.402001753043056,0.046988071334871026,0.6148497694330873,77.90612766232857
295,18.994298828949955,8.29306097171211,3.9094333377262456,4.988073539103627,5.000016180878866,92.97921170309559,14.154517759823648,8.17990872444568,2945.961356678098,120.98155789159102,12.06024253185452,0.5598187296486924,-0.03191259086560283,1.0366010212857366,0.9783848722462721,2.168534333989867,10.783440173362699,0.6356379900622693,0.21504098360048254,0.29692417966561063,76.53713690091712
296,20.989276637315687,7.982707412709955,2.2892312484446173,1.95846445941725,9.009088869224962,64.01729683361528,5.490499495361098,8.594861862135451,2482.9909953319934,125.99397548296375,-0.011679591689559439,0.9047324219005731,-0.03206018301200376,1.0157173996316533,0.9883543405702576,5.447551049176551,10.965991894421087,0.4296305960057348,0.07586788964649775,0.6762822404204754,78.8643810289449
297,22.994588249547128,7.344131040724513,4.021893188111026,2.029631855477738,1.996863458342944,42.0281523427162,16.70563011689815,6.048938093129341,7622.98755816356,362.01181856026983,8.735395721263652,0.20323332968472946,0.716247823185195,0.8757138477303876,0.9884739698568852,7.969408010589166,15.848424545270735,0.6940468165366188,0.006363224175782429,0.2610135612175577,68.08781785827138
298,24.041185454240296,6.779015143394971,2.972069948651027,4.976731809156872,7.9581710674938675,38.036614291732434,2.292121474995989,8.295081830423978,3490.0095318010362,163.97410978585992,-0.048508093121102346,0.8006190962107252,1.1851531366628125,0.8253999410651303,0.9845576758955963,2.3369924985854085,11.422291852305577,0.4800748041605452,-0.003989590507691272,0.8039704036592744,70.76119905976114
299,21.933644142660114,4.368888017792901,2.9012909291996385,0.976605799727872,5.015405641077642,79.97758334503338,3.2839524493749446,5.285723867086958,0.00501053934350882,0.032679640698844624,0.04211414198521055,0.488135711587214,3.55539825337806,0.5644545513549661,0.9669477394586922,3.2610081052779267,3.226196116574616,0.5237871616615195,0.036539886676736494,0.9054998234722216,60.96268908278086
300,25.04600301103889,6.019961068050985,1.5206057373303676,1.0297577892966085,2.0576667368080837,58.017880260189585,14.884416964122902,7.405726398077562,12692.023761803062,380.03556441557123,13.12712111112837,0.2094347201709461,1.937368523298287,0.7709066442615713,1.0087120641230847,1.8003429976503236,1.6864436035788892,0.27265243050141286,-0.021275179816762555,0.32439201758982655,68.79943416230573
301,17.957281285426497,5.876115895904405,3.538040916748782,4.943510496599848,10.012276377358196,82.98601675401368,6.681401603607949,6.93606638610251,10386.985462703695,235.01819477878476,5.211021146629006,1.023258190349809,2.1662522331019116,0.7440943855918859,0.9863318649238356,1.4577053280902368,7.3199010512693015,0.614651689251245,0.02634242913378678,0.6604463546171427,65.39941929866657
302,17.992000430122967,5.271498095076016,2.363648939219906,3.954292065679955,5.987222262020473,86.98183033099468,9.939012921642648,7.169703217938859,3789.944187654934,118.0020962915079,4.17378149436865,0.5900453984252767,2.7338492716368803,0.6909117322497493,0.9714459562286487,5.7678908235042945,23.165791146077186,0.3991310375255047,0.22393069569792312,0.5578847653779804,64.46695902526427
303,19.98712266739104,7.556691872134906,1.4915054434536037,2.9994559726947574,9.957157984716837,113.03609638346877,14.863734213174384,8.710605419533453,11495.029732786297,511.9102819565539,9.077152035625902,0.9252774478509753,0.38645099961813983,0.9002837618428616,1.0145642558527808,5.872089435341746,17.55530604020309,0.21561636706029647,-0.0031794376168945166,0.2741246775073909,73.27249218495304
304,23.017656598093122,6.485512704816184,0.9392488025897148,1.0087985328701456,7.972757990877201,84.9835133681242,1.2665658211691786,8.49568679581526,6087.971919024609,286.01272873397966,0.0579958266455292,0.8139685251583627,1.5026357403499182,0.7985140614895943,1.0254346599631987,1.2675971607406158,1.2466151353983022,0.21182458699805823,-0.02653533962983326,0.7819134366870386,74.8034849188484
305,18.95205626944349,4.397518549283106,2.7047428169573036,0.014542039439067714,4.013591189697162,92.00834613788064,21.483898087074426,8.153722022283754,677.9667924884095,54.98826008784314,13.939973419083705,0.4639937822956031,3.58534406813709,0.6046805131967855,0.9926308870659931,7.561664011747544,-0.05722084398795892,0.47854523179719616,0.4417571101292036,0.029909530739228345,65.15632567267201
306,22.013865179982457,5.107292751829821,2.6010033040391947,1.9909460451981125,2.032193540803981,85.00466738407692,16.698510353490967,6.094169269570898,4992.998706503647,237.99261176765748,6.902621204783482,0.1887121577583161,2.915313701923738,0.6760040648698116,1.0534445909355554,9.769535235734656,19.591438319582604,0.4406870362383643,-0.02713251687246646,0.28816740751374836,58.758567467687705
307,21.060729288698607,7.428539187328985,3.1975431686128255,5.07591109005925,5.007825985241659,42.96787736870984,11.09280370579776,8.662530442150517,6093.009068115389,241.9430786800843,5.39959315507446,0.4558650985173019,0.5743735689684633,0.9440091449502264,1.0664656209709351,5.630528361755889,28.240762601989402,0.5406415296624565,-0.0077253720189482,0.41216772107547367,68.03836796184817
308,18.959104779862216,4.4158069377099745,3.7297357333878,-0.006836776762975023,2.0239966186911795,8.02898278566069,11.019435814419346,5.392800955787948,6909.9840749078285,231.01480765457623,7.090084090046402,0.2203223895419744,3.583704803505695,0.5453389907993349,1.0149067046008382,3.861903653079702,-0.01704251335658081,0.6139224166337989,0.04278507919099889,0.540518898088742,58.675030389218655
309,25.00569118502831,8.294273833413405,1.2224233491428116,4.993076415436918,2.021230347320817,36.01680842681037,9.599829147380454,8.39021719338351,107.98383921955596,2.956542568595191,1.420104999192344,0.2523149679255201,0.013662025205834897,1.0685444688504993,0.9859356784241695,8.176083350678999,40.770840278654624,0.18293873470295943,-0.0008705512327027778,0.46824251081193335,73.6443228306666
310,22.980140534666102,6.4940541297086085,3.2089362857307155,1.9760903999355837,6.015196031741578,72.94041128164389,6.211129421165081,6.310120037807097,20158.988269210466,317.00355273637973,2.748634389855628,0.615881207091457,1.5436157731333922,0.8253742455898482,1.0080686066313027,3.4257968231374076,6.830008480580815,0.5493697807378647,-0.018171899428300862,0.7345308301511222,69.44082130766591
311,25.012776616185793,6.415304724067456,1.6135046690183996,2.003717204495632,9.980245792142162,35.00832263333712,8.944836342072348,5.1985684032088795,2497.04249621053,48.02713972445729,3.896531569729882,1.0517410016249953,1.6222424528398627,0.7544767890617832,0.9632667080425819,4.94171144243732,9.931714534687469,0.24280446309287157,0.5128520265505168,0.6776307844149481,78.9813423968724
312,24.000574433322473,7.038177104887857,3.5968692465168575,1.0184488369614033,9.005217705359254,99.976810796975,9.438242314063608,7.656588701858074,10676.999919657374,205.98592015456046,7.71625746653181,0.9238100563687714,1.037017416327728,0.9048728734116839,0.9738440917730401,1.757943687473719,1.6821269083276786,0.6045209611243091,0.034658373099683615,0.54334517037819,71.32379637304297
313,20.98075539272867,8.103789425984496,3.5532647254772014,1.0361073416360038,3.974548665883536,91.03291225919237,20.90386298120422,5.919915499918467,18192.970961114817,286.0364815517569,19.664536196580684,0.4212055295703308,-0.009372520125335373,0.986518697570333,0.9495193258479729,1.2461083579426475,1.2431656538099491,0.5862542852237926,-0.013813862116433298,0.16140027126735992,74.86385962194832
314,24.014636168546133,5.685926074373688,2.5556241194492673,-0.044678527933206535,6.000522868588743,26.95663800489658,14.090875232803043,5.966417305177925,9647.971266499293,320.9775902886538,4.41861505245813,0.5844599795177366,2.2813096877786916,0.7352906475005453,0.9811460505249561,9.6735226926864,-0.028857311216299576,0.44488878047028785,-0.010151000070261932,0.4316088046237627,66.22544280211388
315,20.0541304432936,7.370214019967434,3.104189550226477,4.992620139849329,7.009925905932008,40.989305690941116,17.138093517881998,6.221056759190434,745.9924734746126,13.01801299230193,8.63946043481297,0.7085622067225965,0.5418485658275419,0.8765208163376711,0.9630243924942633,8.548727003324124,42.68505750604399,0.5449041653989168,0.14452629641633688,0.21687447138186425,66.90692548064632
316,24.99427288624818,6.756643842067633,1.9019507389356634,2.0134011083242744,6.050363514221606,42.01086073652965,16.43034781577976,5.2774913648209,12692.00713573802,379.96085642745624,9.13409746283462,0.5991158712984667,1.2021659507202387,0.8979705799630062,1.0187217019574706,7.306386275066556,14.574325651836492,0.3287667803241803,-0.058517133213906065,0.3191710691564748,69.62990305515417
317,20.021592738264445,5.3199880901613055,2.4243984121819375,0.017611726037836065,7.960708040768971,84.00163020882425,10.329221699809016,5.695046077523775,0.014519404858985716,0.030933913040415702,5.654824068610634,0.7980879283830005,2.7113714109406932,0.6542531086359364,0.9775252442322907,4.632052076923476,0.06221233846438939,0.42080699266156024,-0.04399816906984147,0.6160692433107353,65.38496664602036
318,17.961201811263866,8.417339355709187,3.474684383677253,3.000196459734136,4.014445228929739,87.02288874770142,17.810739421346316,5.025905557794244,2091.0037247581154,108.02627971147737,15.192337320953335,0.392384046161468,-0.009000161871816176,1.0167199100333648,1.0082986387454973,2.5426800275291583,7.744662518799585,0.5251350559171312,0.20213403362155952,0.26066849290885147,78.86652268151897
319,23.97130690869546,8.0173209057532,2.3476898219281037,0.016272719085963054,1.0444370977487079,40.95444734041972,15.789955195472345,6.783540831418315,10498.974743799472,306.01405073768893,13.445297226810832,0.10676840402375662,-0.02330103978299204,0.9793448430078768,1.022437193221703,2.400969340082473,-0.019035625792283878,0.4138124015074762,0.018480501576433835,0.2258658264295237,77.5556409688816
320,23.01417218833641,7.296140216609438,2.104704690482946,3.975731083212226,7.022765432975164,103.04955743010602,17.01627768321691,5.321741151376018,3586.987281761013,112.98820147590159,13.743503677929363,0.6611096504758982,0.7373021031952941,0.9023945270805889,1.0351402723452556,3.2228358255122527,12.982220395859487,0.35225169840614656,0.2075434995417767,0.3732768342652375,76.22075121305002
321,25.04452348085608,8.342208042376754,2.508436914766558,0.0467371629695507,3.024988363284751,65.01575433976365,2.1290831533178896,7.732212223586197,12386.022017236455,298.95793998129716,0.00047086839827471165,0.32435155197844723,0.01895412831589961,1.037326908507182,0.989397263760669,2.0720433528101805,0.06078403561787038,0.42781841507778834,0.01623920197390088,0.8501483759159773,80.9729214206415
322,22.01066840046357,8.285476445162455,3.5446879822834294,4.029778843089383,6.017630847056035,54.040791546390025,2.1846857766835006,5.97008164245532,9147.965617241187,335.9882807905434,0.030077292017240326,0.5736676412165941,0.03938476351557034,1.07704436909019,1.0093191249681939,2.113465952958791,8.635767870838992,0.5674609410629071,0.010292953112030465,0.8920082959882628,77.88549192588813
323,20.990608259084304,7.528658077116217,1.9618891386102475,3.959652166388045,2.0389500346932623,71.02622720507699,9.162306424472904,8.775595186506502,10929.986027398209,214.03330921527245,2.289349132205401,0.19249186324985879,0.47139262714951385,0.9396042784943223,1.0102750450169051,6.9694417682685526,27.79210209997172,0.3678610935933696,-0.054446688436122395,0.47621469347044737,71.07721854774564
324,18.9999787421627,8.198837713150313,1.5346408130015017,3.967746908556497,8.967375654956628,46.999651696566346,2.587827127910731,8.496797517870819,10686.017923885736,266.0038988561471,-0.0008743905447171127,0.909916796791055,-0.021247023796440695,0.9598724960683243,1.0381627414456656,2.5744748622779667,10.341379561531818,0.2575129138468844,-0.009509163232587678,0.8072155180846146,79.93842442072464
325,22.962487767980907,7.48174947705962,3.171022430920814,2.968592347496793,0.9584222000208926,89.96147405367266,5.4749687106473575,6.1388401500717205,0.02625844279905529,-0.04659110788537349,0.01152712308814069,0.07218179744813465,0.5360953172975479,0.9006078446349327,1.0235067423725184,5.506028691936585,16.48187300724962,0.49432222045594026,0.03491581333243333,0.7785066030817325,72.75137489520957
326,23.01813545979066,7.417775909219533,3.488667053374326,0.020339099126895854,5.999809975786042,20.98309340456254,9.608124586954682,8.189065765536148,11885.994212538868,295.9662581708174,1.9418122423567732,0.5410061081308424,0.5985795876073259,1.007726043772483,1.0391003496636013,7.642611508851632,0.024898749954050264,0.5662838937064862,-0.032115639137223574,0.5206494035317767,73.73780202397562
327,20.026469991869703,7.112289083560519,1.2612717334152033,-0.03854183299252401,5.935165136892849,100.04768689998588,21.891233234495736,8.190549308890326,14334.987663795682,346.03759454202554,15.92131472768762,0.5885085996690748,0.8829268766496438,0.8915616638698878,0.9500604562515815,6.0059090546363265,-0.0590962135129375,0.24374987306608045,-0.01655930081666219,-0.005662485939197457,73.31066493863227
328,23.986437290015008,7.810709182778008,1.6877907690087988,2.9900692699737577,5.036919374125341,26.041563133449692,5.799590238149297,8.899966496183575,3587.9603364617565,0.01463738256383657,-0.004984516808980984,0.457067075222489,0.185014549287115,1.0035237034203146,0.9800718696978444,5.706173312744844,17.363495249236173,0.28077465948917774,0.3070816789955274,0.5978325078296223,79.18938782186224
329,24.985898735567215,4.802438352661686,1.4004201490211414,2.0136411318925034,5.036621455864863,119.98141200059689,7.32452432242236,7.415805523606542,5565.015769197682,286.9629799963778,2.4760079867059344,0.5213693279801142,3.199667584215971,0.5907496158151848,1.0309545050267177,4.789908473481848,9.568535337693689,0.23319184101746054,0.009776936259183298,0.6389210557738235,62.95254774008009
330,25.00797634688956,8.398863207548496,2.0169136362502074,0.9980150219636069,0.9869994833474642,91.91545087141394,9.115774322075227,5.3265554888105475,10520.039563390554,179.94702505511475,5.838215502321686,0.06539489282373623,0.0300885544750623,1.0198616605737942,1.0174210551069347,3.2213261539050375,3.2136742730499193,0.3274019566743358,-0.00773981852756158,0.6815376842318877,80.48251442306605
331,17.986898407918783,8.471651159786113,2.3822581581048583,0.007766625471381174,9.988876882100184,65.99361930797085,6.036120011432331,7.5809087453715875,9105.076954621758,287.981248735962,1.8622233620910584,1.0445546669112749,-0.004815385562747655,1.035561533328546,0.996248633628324,4.215960025677795,0.0007254973816933643,0.43033391506940166,-0.014311758643353219,0.6662414702339902,80.61443379285492
332,17.998016021561224,4.135527699355885,3.2466559560244206,0.9680259186595372,4.99782957574548,106.99136891335613,11.250314499223999,7.4836333865876545,0.011593385505541386,-0.05554076123969758,3.415372823513174,0.49982621332294325,3.923715984905334,0.516349782521752,0.9857785034991996,7.785231397947172,7.8260406301480065,0.5478032324280168,0.011191788650751579,0.48761539681723,55.967085141099055
333,21.062991653674995,8.121684806849565,2.9665640305497583,5.017845631201918,2.0015606195131888,11.992506821638788,7.2039267047745,7.606151438729475,8862.99847361045,263.9953249652998,6.1032866396546055,0.2017752258378269,0.01402133330538144,0.9986929098831879,1.0236605363388678,1.1419516197779975,5.654817817904924,0.4643859938112683,0.020547248496664977,0.6228610622280175,77.34179661887251
334,19.99258922897762,4.603353974746101,2.847823845434816,4.9816036432257205,7.003815217575829,44.01585617605494,2.326174872587405,6.240637708358141,9714.972405681605,395.0735487611551,0.3259649796371201,0.64058106014366,3.373649828794571,0.6325540329958929,0.9406126878568263,2.0836091203539726,10.243973114550464,0.4540602025959723,-0.06467284536511737,0.9161206575487187,60.59406052407542
335,22.989249795439363,5.7302147160179,2.1332013127286196,2.9902614097680615,3.0167469632063493,9.02628637737965,14.149173297348625,8.456492536649352,-0.056365707412294484,-0.04790868227097515,12.689363940307745,0.30434587886551573,2.273626118960386,0.6940124161732013,1.023765735559382,1.4197167659897498,4.217621859869119,0.35013702660050355,-0.06701806674869872,0.28101827776277827,65.71162745382304
336,24.980573745830945,7.715539843291744,3.431761369063814,5.00713195183718,3.9948212094097455,99.02970898641298,7.160269744307949,8.844878468707467,11423.005308777492,329.9944192301038,5.791324835968257,0.3975946024938024,0.28649200224205545,0.9308549316924922,1.0027206479812245,1.3450419960717725,6.913727873286482,0.5640420834106652,-0.029941415194264877,0.5849939619771497,74.22525649366214
337,22.022325759144998,4.800786142583221,2.3938761069338184,5.003092346645926,3.0282957991043338,8.013371274204061,12.002768373562182,5.878101488403356,10677.070510173604,206.03935779725992,3.321214229738196,0.2610273289522359,3.159894870360132,0.6242640827910695,0.985334814472232,8.678939314311066,43.48955845905535,0.33518406137502416,-0.004615301905399855,0.5186942128901526,53.71975840710694
338,19.994563274803458,8.090893070242021,3.9935304338762414,2.0007194005704676,3.013378433313759,52.94597687894232,7.84821807210794,5.391958738316782,3790.03812436689,118.022472635749,0.47824989375436966,0.30261805016390425,-0.015424165673981789,1.0404600751153483,1.0150732270570944,7.350207973447071,14.661920642472476,0.6276492131556477,0.2558087445974268,0.6801531511488367,78.15199158756865
339,20.980518808850356,8.197572479870118,2.899638693411202,1.9774811953406974,3.981791096623821,118.98976400801921,6.017228175621544,5.772474360163169,746.0334969280734,12.995537778556026,0.682759196699792,0.3880623096757773,0.04540300250194154,1.0258993136461545,0.9884185275314465,5.28465379115172,10.593469601638443,0.47497765657977625,0.10385457672319151,0.7708784015416424,79.8161659692468
340,21.03963912096819,6.404887227923658,1.3663769704791124,1.9910135176640242,5.040053380034123,118.06912269350647,21.07539054278618,8.236291873634377,7328.007368084512,317.99560953989493,19.173957356011936,0.4934963654631392,1.499058289925179,0.7944356913237782,1.0008705620417762,1.891203705340816,3.706143477810325,0.22133328436220628,-0.006143509611467182,0.02703011474429285,69.56888321855128
341,20.04258809013541,4.006318025178929,2.9982780760863963,5.000065507725111,0.9592522904163254,26.011226502044074,8.37610696246251,7.736041639626833,14269.010785694809,397.9653227065273,3.022680861020137,0.10077645286582139,3.9770064200173763,0.44298023557480953,0.9986126259732893,5.423417125151664,27.180742067690126,0.5216228673363746,-0.0021551669670708887,0.5765919971062129,52.3781536660221
342,20.98198729302784,5.38534571759669,1.998475976341414,2.9587474430049876,3.9972350256753555,33.01103458705332,17.247308600644693,7.554901048367272,2563.927287580452,115.99197032689983,12.0279366794301,0.385856373605254,2.657472339554614,0.7116216456733233,1.0223358977195038,5.2673347362856235,15.786541614317098,0.2662971449541646,0.16808791103324663,0.19716738640796544,64.47567964967386
343,19.944003801459182,7.147780099948486,3.1048194982105937,3.9861240110105984,8.029007522032265,114.01078457819321,7.924971054235349,6.613239394386552,10735.022875317423,257.0073032214272,5.317866767082439,0.8073936988084661,0.8720814804082142,0.9135568272976513,1.0047754546354979,2.556869556694026,10.219362023072936,0.4934957023150533,-0.01603471063166366,0.6740869435154273,71.46241289996901
344,19.030225410695106,8.900580322124354,1.2198678894647885,4.011630396370985,9.978307806852635,0.012461388675179694,12.20339002097416,7.324122597246433,6156.9826197829125,310.0331534062982,7.266104952331204,0.9974033355294711,-0.02885648900416164,1.0993033504075271,0.9427264104666018,4.893238411963765,19.58506980237125,0.22386988113425554,-0.02179502550705026,0.40997945375545297,79.02099056160482
345,19.979461105227198,7.164331097413951,1.4688266649489679,0.9616769018846397,7.009286669403014,30.928506634567423,5.79093128216348,6.218877673391175,7710.978948179602,375.9813947312946,1.188146820288889,0.7141830540515972,0.8368845704542008,0.9017871743528918,0.9582371859249033,4.609266916880968,4.548469557924401,0.22997015090617776,0.01392900919265673,0.7588096088857884,76.34012162093687
346,24.023718767974884,5.298503595376157,3.6506264416571037,4.034697449547827,9.016300187909971,87.99281427049267,19.44955823484534,6.910620777485628,8246.990302291408,232.9943049461581,12.876219191579896,0.8841397621808402,2.71983954178801,0.6556996845243516,0.9674750139040322,6.551954387704181,26.16034882291597,0.5636582727229404,0.00020608572332434248,0.1278570928135202,55.94672646810579
347,19.940896885468646,7.168616367448125,1.7073534285311784,4.038088397877996,4.974184283960563,91.99886321504616,8.816463169838393,8.166048992384203,7705.989289865316,250.9715235955773,2.1644369553422167,0.46805240741198123,0.7960982344242082,0.9488619072385902,1.0136963400033574,6.754559107666462,26.871710929546246,0.2629123307223,-0.03426851007375718,0.5388482018963288,70.43403316465464
348,21.02677792014898,6.714202222471374,3.521803821392054,1.9626454827211974,9.99782566841218,70.03844486197761,16.12647665397831,8.902255352287872,3808.9784709322407,215.0067597553862,14.761929931346343,0.9787339441468559,1.3249572669996748,0.8063624509113733,1.0167055726456826,1.4412420493539213,2.8341470720809974,0.5967195516127465,0.02865140247074482,0.22470254952095123,68.13487366561492
349,24.963664842121577,7.908728420930185,1.7811555180073309,2.040728588991504,3.9953048850937236,112.00143018683868,4.123422473084063,8.765675183493151,6175.0004161621655,164.02351338350928,-0.0295650055074102,0.44327970306555337,0.10901800003687466,0.9688981551794025,1.0501107155426261,4.098324415970321,8.1879804854773,0.2923978930965385,-0.021747945561956805,0.7071677941040843,78.70117409794794
350,24.021922923571996,4.528735188933248,2.938591464109866,4.995692552338636,7.983447864445031,65.95060465840194,2.4822506255397268,8.697632241177466,15111.983251672114,388.0188894404029,-0.03044375066072193,0.8286789957862024,3.4644142275278353,0.5409982128280807,0.9695670876709731,2.5178614189958894,12.484693765883428,0.4615845615724439,-0.0513872602319526,0.6893807829332919,59.064691004894556
351,21.00042819203509,7.776273546249163,3.092288427735608,1.0125554367747116,9.069050245561524,83.01290267468515,1.0343570105725708,6.680826465154389,10544.003009688673,244.96489438773673,0.00937364568455173,0.9364013739779733,0.12807245878957102,0.9843048385932682,1.0392775890966346,1.0512843820579236,1.120185374307374,0.5311200677408654,-0.007354521345847072,0.8892424539721951,78.24930991092914
352,17.971381817418102,6.701020242886845,2.508326575404806,-0.0148995315638474,6.977106809396636,18.97588526055272,5.295977894628423,6.906320866276194,1531.9553846655635,76.00440589628369,0.029715162732675753,0.7384814187451065,1.2829796454487812,0.8391838836109182,0.9418636400506966,5.277672315661163,0.08021409322462224,0.4279126939389896,0.4549100777862789,0.6785933958285081,80.0145289164696
353,17.987788910612196,8.759049346137202,1.8720068176843867,1.0276913448168028,7.030147908822037,115.96349643076756,6.1535834467920205,7.76666073395893,4596.993578266881,228.9796806241525,0.004302526588580865,0.6860104582848039,0.03254774507694838,1.1060020449038845,1.0005327387247336,6.180279884902529,6.214838749581152,0.2787617203929972,0.0021836106647560296,0.6691206365963069,81.42292528036533
354,25.0205895537087,5.721044843457742,1.5700920512079364,1.01218282056546,4.988215969493566,92.97497522859851,17.52369372310925,8.683275010115272,4731.96711113231,63.030331500469586,14.956252164180084,0.5088743580622539,2.2871458973496015,0.686081786233765,1.0073561020013408,2.4189277620746457,2.4556311110019755,0.269510245047905,0.7353103697271015,0.15984963042839642,77.70019255951951
355,25.003176833593457,7.215566135413204,1.1206461591935866,2.9755754023020717,3.9674009143334414,34.01627512688994,14.948885536619654,5.564943622522893,2717.980756520445,46.995160618316795,13.273466130936642,0.4022751700854389,0.8138029159504772,0.9445469049123119,1.007247707697083,1.648001388413443,4.920418541814147,0.14434877892425482,0.5883340806261587,0.3848979439396664,83.54632284114838
356,24.017532389414175,8.714874150630827,1.8866917950937783,4.965043940001041,10.003084427294652,98.0377628371928,12.224807778599251,6.231756598868263,6564.004301965291,344.9544145998528,5.45897197181912,1.0197861557677426,0.005534563453352017,1.0738786467833628,0.9907121344672886,6.752996694619352,33.925852764356655,0.35176940662761624,0.05144213540643089,0.4628729750202997,74.55382034896739
357,19.059293217535465,4.5000485709407085,2.9743853073748685,2.9561909269437234,1.019472801531625,112.01448789835533,5.748922683251527,5.530318651877808,-0.048119928442648736,-0.006594081168231997,4.5109388523978895,0.09132495264307099,3.4491949911615682,0.5981276984818957,1.0035368677558134,1.2131142781587414,3.763915676896479,0.5369359154308758,-0.0006494514635636024,0.7849672893925429,60.64486869262824
358,24.95307275164867,8.712443186723663,3.7807044997391888,1.0056382532929826,10.02761528725197,102.0189606967085,2.837725060017809,7.450960760301046,10428.975327778682,334.01375417707595,0.00353871909609864,1.0027892247127301,-0.012191870811189495,1.1816734199184402,0.962943412880941,2.7741154332850413,2.77985457698081,0.6247031282813484,0.009480312320594313,0.7799137597116184,79.43644598699946
359,18.048516377249058,7.448130173249258,3.620968592151523,1.017174142353392,10.046867953319651,90.01419135818514,18.040756633796697,6.226366418056321,0.01706893154509002,0.007320181894283981,8.599890368349936,1.0021681443285906,0.610766379913397,0.8987999183855687,1.0259548446038926,9.461156972837397,9.433124649793521,0.6319488484673162,-0.06345423018745523,0.2678483510610107,70.26962153166481
360,20.003130678125697,4.2914471722887395,3.2811288641638914,1.0195289703633832,7.088357388698053,89.00303981530581,2.6177450144553136,6.277871449122797,2192.957604664744,117.98464611959044,-0.03606627142859866,0.7159678719974709,3.6763856123348693,0.5477715469961388,1.0074937130036032,2.590159143289056,2.664015538745027,0.5273135722405399,0.14068246821624344,0.8801702673298613,62.19343044495747
361,20.973036478550306,5.504159355511303,3.396470352051935,3.9964605671617788,1.007515426112668,77.02090791904888,7.366177488801836,5.253697433055863,0.05333601420836422,-0.017558201696134385,2.884043384464244,0.11967151663214798,2.4891238552891615,0.6835518908523224,1.0108670024044561,4.519228640097112,17.986308656284354,0.5624701612380797,-0.020879894846939327,0.6937394740520029,61.78038864142068
362,17.96009059122783,7.467416211024558,3.000450832508613,2.965290106330069,0.9801072347852383,15.927436735987918,9.167795808363074,6.427564139401071,2503.036132238684,95.97037486805351,2.364719849617603,0.10281013097020601,0.5117524127629134,0.9984264466476849,0.9916295061533775,6.794916513162044,20.33551905854643,0.48245632113178294,0.33069435922810925,0.5886974157665861,76.73710067709331
363,17.99432638827669,4.27395217115205,1.742479533419691,0.9795377560592865,5.013586229803847,17.003332650539146,17.770670594885356,8.399102523798721,18257.985164187467,298.98815751138994,12.686386061672186,0.5037197235219742,3.7021788999742897,0.529080382175447,0.990160611257535,5.182025385340466,5.145443224194098,0.29925938252317036,-0.01972502449386964,0.1523099898308283,58.2281145664011
364,19.027649503357733,6.9029343987928,3.6558662078387947,2.0345704591688576,8.992013611487804,43.968652248961334,20.860866323250367,5.944336368082881,7670.976383709366,362.97432963100425,14.942635541504744,0.9067769406224612,1.1314072922277412,0.8699607443255426,1.0157419268249581,5.919553517509011,11.87624987152468,0.6186540200973432,-0.016731453167297464,0.09357638151821338,66.66027097843602
365,23.996173526388674,5.733118006401058,3.010088336677427,4.985461143061998,6.027778983895567,115.03488707717632,10.005749738379274,7.803925309206344,13368.0060581971,444.0291025795853,0.542408697304311,0.6493965426186913,2.311510127394904,0.7193060495853398,1.0476992154987221,9.490307434325816,47.34510360878769,0.4999201080866544,-0.04364798894877223,0.5267930064463725,56.480184347154015
366,24.04533464790742,7.092311575272452,2.6778891191654193,5.004302528920444,2.961085071109028,91.99558534084349,8.315814579150008,7.513443249849847,4476.956576132289,196.97296587827805,3.844910169018044,0.24810006626049202,0.8713245000479398,0.8844880369015647,0.9581910672820231,4.449307812174389,22.347888653494017,0.4472944886291844,-0.014618038923330795,0.6189641248671119,69.42654831329543
367,22.956464729298453,4.192922504120636,1.3317017473384125,1.9677304854927533,3.071050036272013,83.00092844264803,17.588304006352637,8.45157118519175,10180.939935718256,285.0036685338709,7.945364798706159,0.27090961016346576,3.7856735985821137,0.5476642130360053,0.9566778947561833,9.61526076568183,19.30233206138137,0.22048529132809438,-0.031250442981137695,0.16935574653873878,55.7369053145711
368,18.999637331564617,8.387793442664869,2.329004213127516,5.010097491363771,7.025681442843266,51.954847843772384,10.32026358260329,5.5649048499909215,10054.986219946279,291.0016291170998,1.1062006288516018,0.7202103878933782,0.0006088885267883132,1.0528018920136515,1.0079861593716677,9.166730461277089,45.761187872859054,0.42099504771628266,0.02365000057932512,0.6182164493925716,71.0562729916357
369,19.962428196667606,8.883957299874671,2.421575059990663,3.9862694631496276,5.949479879466115,90.03050492667039,3.9884815108095295,8.88885445467828,3569.995978537005,139.02837002343654,1.2459480136531436,0.6080935319651727,0.04015245229542124,1.1269555521413526,0.9900339974093705,2.7293215141384652,11.046233452461744,0.3396737254074422,0.07470155763919413,0.7911669239489532,81.11616560058438
370,24.010908956478747,8.808849143671265,3.654593153619378,4.031401381413273,8.978729132930551,81.01881984360821,4.479807761201196,7.311950427133326,3135.0028328167305,134.03268104866876,2.799274758900014,0.9078824865045263,-0.014205768908469179,1.106408081145709,1.0037231731501748,1.6435071924430584,6.531039589779894,0.6576276430432552,0.08922183373225043,0.7023981999563181,80.17305715188725
371,21.026606621702918,7.655082270644641,2.5975073201677046,0.0232067311862044,6.024482431323418,67.01670843647021,2.5034188183484227,8.965135489567022,8246.981557781517,233.02087909829845,0.603750980496674,0.6200248649614006,0.248022935928059,0.9443638682286809,0.9992863205620198,1.9581977465631848,0.007821218723235391,0.42281000609608593,0.029303591597755564,0.7719738558744962,78.04449479436454
372,24.98737714618957,4.738428187300002,2.1194664577771154,-0.014871178397246991,5.035290321685143,63.975609314434934,14.319328460305096,8.684959767976698,5583.0382184018845,266.0105878502987,13.080852531451606,0.5064197867937129,3.3132170071047353,0.5794311382082438,1.018660281035611,1.19236949145126,0.03034961010686882,0.3476628591914976,-0.024788373861437795,0.25262313666608255,61.420592459865794
373,18.921873584301185,7.780037331056116,3.882467970702119,-0.003799920820429901,9.961832871183042,112.97679080465186,15.33955524715941,5.928768812406541,2572.9551458102455,81.96854061561717,13.511795376759295,0.9832215256465233,0.1773320525496802,0.9916626855822888,0.9914150970934017,1.8671000452904165,-0.021624741386888514,0.6898790447863916,0.4855728373840027,0.41307151259977487,81.49768307816207
374,25.005968444403894,4.121657104563144,1.3735710973860618,4.983466512798781,7.021390775512988,0.006707983633377159,6.2738873833847935,5.178123292966091,11139.96585213595,361.96793389736786,-0.010674873822105383,0.7188642742032477,3.861440960412751,0.5290408090571004,0.963753646303022,6.268084913294282,31.263168351967842,0.2348673372980526,0.03210659355802831,0.7790559402763209,55.86465986767462
375,18.013102156552005,4.061900042078183,2.35950900957308,3.95741700410365,0.9415798038201423,56.97916504769256,12.929748829657415,6.050187222419349,9105.014599078684,287.97462927540704,11.285086407936863,0.10062661488997234,3.9005640903847754,0.5498502714643508,0.9763043811672408,1.6291790373657085,6.552590333802432,0.3993838993942154,-0.02688483167472357,0.43864047495845937,57.60821796180352
376,21.012128842648853,5.620065203916386,1.1003564130355339,3.9742767271135837,6.997319924035868,25.01304678888032,20.195924835496932,7.134567249190419,4596.96515057843,229.02255762998882,16.299067338719865,0.6865726846333133,2.4291860292542493,0.75577732443516,0.9951864503531651,3.8673438384734555,15.44272929045955,0.22070225895913653,-0.060875137642437835,0.10593927697364239,63.60277557313621
377,21.037073465754666,6.420158338234435,3.211597586897156,4.005946519831625,3.033361405263096,107.935172621917,16.062600837144565,5.736607844313495,-0.0360096135659195,0.002199897847519076,7.424852894294291,0.3207108187373373,1.5827835838101691,0.7843679336827698,0.9623508859338581,8.586914938513248,34.427790929133415,0.5283906100178724,-0.02072077707652171,0.38383899298216007,61.392678923624096
378,17.96786838961053,7.911526062160177,3.840778927980944,2.0097577849468875,8.98345452809691,18.9853736633078,13.232289862328175,5.681553240963791,9423.003700643767,289.02605971722204,11.96643524251113,0.91953101574846,0.11489721661547853,0.9915462247483893,0.9988943827974704,1.1699852950934178,2.3583937260883063,0.6609037989417156,0.02869562479705645,0.4769018738570825,74.96862083085486
379,19.020406483163512,7.370167144346007,1.7955858148555768,4.0044564371077795,5.9547923310258595,115.0539026039628,15.905873030200198,6.848672196391642,29325.96839432139,552.0300840820296,7.575093531793988,0.6064429947480238,0.6204574098912726,0.9191978257134459,1.0018226396714351,8.331279163577872,33.307283556762115,0.26218542020560254,-0.028592091287236773,0.3211176022598542,68.7536252285719
380,18.03577522537434,6.207486445687943,3.580301277876009,1.990948008381241,9.004386443891327,86.01318457483987,15.053525616463238,5.164356500597149,1757.9960074671624,111.97822144299103,11.537566917889205,0.9515135746198368,1.8237538948099987,0.7417807708780337,0.9892658920038655,3.569929644807259,7.064807222707836,0.6125257265437809,0.16258869057240904,0.45505904856098833,68.25949719020765
381,24.946642372479804,5.364508314457969,1.9262196925302064,0.02799199817162956,4.9818584340009355,9.00500380993593,15.863603882189931,5.510967113745053,8239.97900430321,214.0009622298267,13.74875464123662,0.5398048020431085,2.5780318307114416,0.6919366541641327,1.006276664013754,2.024819493172774,-0.031399094418475965,0.33352116819256905,-0.023390852138409003,0.39029781307204275,65.6788287129842
382,23.00958955477757,8.992417102347114,3.7023531773825105,0.0019062571368281217,7.0188867509819755,58.05955679607014,21.135780397895484,6.727346952424462,14334.9741500889,345.9996101896395,13.891386153020129,0.730055715821614,-0.03363246173800156,1.1483351149201757,0.9515716425741307,7.312589381261455,-0.009190610665413023,0.6510481638936517,-0.005710608776801174,0.1258035603494327,77.40909685934876
383,20.98487460506977,6.130882393028659,3.3054898334893577,5.021097614842878,3.973440207033458,73.92992139143595,8.643818053627314,5.278761235348854,6814.936930838259,327.9901663693113,1.970195592300686,0.4769909671842624,1.8704574068512425,0.7301902632144045,0.9714044698431028,6.697001148004803,33.30255625251579,0.5712349638560307,-0.031455068783435965,0.6682932591883689,61.589569016148744
384,21.99755431980695,6.323901057812122,3.3749718597079608,-0.053213253966075555,6.976820893310407,39.975540666556356,9.46640789723693,6.5946064392927175,14461.004186894585,272.98395471436424,0.5203369395052134,0.6956060979400684,1.7237292401636743,0.7762650198247404,0.9657190334108918,8.909158086463833,0.03807698381337704,0.5728012072043702,-0.04449372766848012,0.5136334641972223,68.7639700432168
385,22.01043029450615,4.800455488276213,1.0484698355490982,4.88232799245145,0.9393699303737127,103.98796480484758,8.243720265966648,6.864776868588716,15111.962584300236,387.03554266510235,0.6365166489495342,0.08605599012051719,3.2200217946401244,0.5858373143271197,1.0263957021384227,7.627790754683203,38.04697489282371,0.17380504072659986,-0.013225407126009519,0.6206069038407124,57.57218386970357
386,24.985383143076593,7.970755802722315,3.907084272296373,1.0085136408351425,7.005098341331545,4.025750536990162,17.969082313775154,6.792572484684176,15565.994952733894,440.0015591518015,9.775204620512273,0.7258108929791007,-0.028714518021010042,0.954747258903245,1.069184920077419,8.22574098147833,8.24204849219886,0.6401377391950678,-0.00811226361233975,0.19798292006324159,72.946895068293
387,19.97972875762515,7.519367631365226,3.2271488612448263,0.9572570303883553,7.995172851851702,64.02626969089685,15.797690829512153,8.43692135065916,10198.984636853049,253.00039434365678,12.208884995873515,0.7924209710601716,0.5639793207903091,0.9364086800950463,0.9735754126008318,3.539571651241818,3.5549839165074744,0.5237248954815964,0.03349444063262208,0.2624075475605589,72.68480282394704
388,24.001024572524642,5.10058143713094,1.8932257975277187,2.9936264489186084,4.964348459877798,15.974019798730522,9.007511880845655,7.1135481389181745,14130.993804758238,361.97591666975393,6.461474086124741,0.5003578314694347,2.8677090810023853,0.6031427497068429,0.9929427328909769,2.583048329808567,7.7902326255174055,0.2777302945624825,0.001987865246889395,0.5256404456220202,63.65479559747123
389,17.967382621834115,4.330390532053087,3.543092885586766,4.990937088769262,2.0058139614130126,21.029938629664276,9.4061600907436,6.8977820277969855,15763.99550973878,416.0202563729124,1.6373263699549214,0.17042240102749087,3.6299839225410215,0.5547698107376599,0.9791971227215356,7.7564819070951,38.76272257295279,0.6356362307211411,-0.0351514526790804,0.5965137253053504,51.17517634282215
390,17.967425246133445,7.423478894789496,1.7788825102375336,3.0476220180724662,5.030812109019324,96.98790055698035,11.347156333297084,6.639889867345584,8053.005808847528,141.96984677497485,3.1559117937834205,0.5181997837313939,0.645589963176156,0.9330736457487937,1.0066367572242383,8.2657074382395,24.75036820427921,0.32996025210550106,0.29140370909089125,0.5052395589205514,76.15695616079915
391,20.020381198488696,7.299273014983909,3.5683588663510224,3.0119998965883084,5.993532961697431,119.03634918876948,14.659695182495257,8.300651758062802,10816.978167220956,380.01364716586534,4.716286808154655,0.5558697826338717,0.7032927281798012,0.9242906834991418,0.9817477405173953,9.970983598016602,29.8005957977787,0.6076350106778293,0.021404784062017727,0.3060306027488857,65.99442152690938
392,19.96553617894524,5.436073537439492,1.2979830907841161,1.0049757708039602,2.0080450084946593,107.96902071905633,2.790601831382433,8.590127212003171,9317.037280894378,363.01446688080165,0.023997107745034534,0.19710685336521894,2.576908284692575,0.6882396653318964,1.0084833963024156,2.846968481331361,2.832179215079454,0.24111478514746548,-0.012714488850747718,0.7931461724924613,68.13026303153273
393,25.019989375027276,8.767141884434716,3.097522222739461,5.025109734639011,6.008199337487555,39.99630065202801,14.903764574075694,8.39790723130738,2717.9445779981743,46.987624548520294,10.553688222068573,0.5995393278745272,-0.022436340823450387,1.145928221497926,1.0199507985016476,4.341880680080226,21.73134718097861,0.5392582450375661,0.5287484598936161,0.2795627370433953,82.74579000278003
394,25.01387773878562,4.704698885604119,2.623099061940057,1.0110549276051712,5.963870105184631,91.9852949805387,12.42305745816385,7.692628754655099,11422.993202266443,225.0095295624355,4.483981967852459,0.586918834727405,3.192137293989114,0.5757406157755323,0.9632852518632773,7.9847494460748605,8.051363149424262,0.4035440084532608,0.002469870543760941,0.4016770011710439,60.09528208978331
395,19.94822579813628,6.208372515750356,1.2767511152780806,2.986269690210347,1.0616975746212278,67.03168091114698,7.7673658451616845,5.564162900731652,9108.025086929292,359.00557008677134,3.67523717179905,0.04728355724015501,1.832426123342041,0.752245545519483,1.008145429465749,4.045834114227653,12.208364184411357,0.23576920464757717,-0.023696645189265154,0.729465983123289,69.85803650809324
396,20.97967306042993,8.708746910300459,1.741042827104447,5.032144277907637,0.9858745050963315,67.98431656350301,10.616756744598447,6.114176701953909,1758.0143031765901,111.9988191812557,1.1974624265709437,0.047061067186766496,-0.03599627438099543,1.1071549169152841,0.9461783193034285,9.360363056708522,46.96038458503191,0.3214257129251314,0.19088601143278378,0.571544786991606,75.27708575321206
397,25.03582328209142,6.049279851171806,1.0590075088752475,2.9667074961633517,10.019683486055808,9.998726544129648,14.737720641345327,5.184520526865557,4499.970754932704,196.00038831940435,5.99184887312036,0.977614827799846,1.844837019027617,0.7585405542405286,0.9923039810667864,8.753035637339394,26.134654734394378,0.14632982548398984,0.010888984302871026,0.44149854941846456,65.64095314700604
398,22.97056503406581,7.170645013624002,2.3988256791909497,4.009697415626007,3.0230764583168717,55.015204341929895,12.807730471001447,8.696928496772399,2944.9757526352105,145.0018534546958,7.950039364993815,0.3161715098628619,0.810861649717079,0.9337597982117484,0.9902895872355769,4.846127233350246,19.436670819498726,0.35398897963143156,-0.03442140724560739,0.34877426133855577,69.80813717855071
399,24.986067872130718,6.082656532311597,1.9374913126055295,4.953572906175911,9.995812146186527,50.016357754490784,5.344722597416328,7.6270107120427335,2466.9697962232203,153.00389735018015,0.007177925268316756,1.0086677458432582,2.0174483825377725,0.7668506637709813,0.9931258884845472,5.301473921598562,26.55889942259291,0.2818053915940845,0.05354905666672519,0.7132859168498772,64.98950216480411
400,18.013861826797555,5.390831681575386,2.768305087881242,5.00611831572548,10.018203850751789,20.026608578224195,16.16909461485129,8.057753823884639,1251.01797682892,67.00180726094031,8.344490233669532,0.9995069392350657,2.659039083403978,0.7325433398487858,0.9906381863082635,7.7731104888812395,38.950765635406576,0.4637763887014121,0.5161657013288821,0.2433527931282805,63.455157822598245
401,25.023501715278478,8.921928769291286,1.9322566462354573,3.005789689253188,3.0073745766544917,98.00633374330533,18.990942158463245,6.286853994712707,-0.022197711855465253,-0.03311592570636425,17.114366473682896,0.27346234541947567,-0.041469569258001916,1.1097601465068192,0.9851521863830084,1.9062394479580942,5.780537220855051,0.28007410189237814,-0.07991325589615896,0.14517526559043614,79.50435013684003
402,20.992453833418665,5.9804802051789485,1.9314182922567837,4.05029364885744,3.957470807283178,74.98745253254161,15.397509991471622,8.335784773095709,7007.0076536926435,147.99543367146984,6.279920467397356,0.41023396663783324,1.995955801641133,0.7055388128404024,0.9920265346481535,9.156791712376405,36.47816368285185,0.3115065121216308,0.21602080939011623,0.21689958192220704,63.748518713954944
403,19.98207469415925,8.437290913034404,3.2259031184056965,1.9530507831967465,1.9900318189624973,24.989509037639237,4.149978407538295,5.968990931274809,10742.007929042422,271.0079484580359,-0.05226776908440061,0.14602912165883247,0.034855122963614336,1.0727198425993745,1.0071441307533056,4.16428109227586,8.321616658204677,0.5136918843411269,-0.0779481795485507,0.8213044986606176,78.68238009242567
404,18.042671095850956,5.094892252596122,1.0995331073338912,0.9819733847243857,8.981623472929378,114.00077016945623,20.091037749401686,5.0122857726434615,4493.071051804047,236.00291866185617,11.733910248315404,0.8281035155288407,2.9036258650280824,0.6353497752625776,1.0079877162216324,8.42964775623463,8.425838281282168,0.1833093600502846,0.03119490059424021,0.1461772664212275,63.00265435397221
405,25.05216698991393,5.0920318631914165,3.6113725317627394,3.0246804727972245,9.986147648759616,18.007487774282232,1.2216680217296108,6.5368041868327795,1219.009397537794,84.02861250778186,0.005501040099955905,0.9927078534635498,2.8941368243281547,0.6535346245954371,1.003455980340989,1.1708784491957012,3.5066887999056466,0.6013767897340146,0.3778993727176516,0.9266958352896194,68.86003260633079
406,21.029365741523453,4.188003652839949,3.580748185690436,5.01005951769192,6.960879904664901,107.99558485056454,10.684584539754301,7.264401744877334,7302.975665679557,316.018602597685,1.5811649902467986,0.683618458597089,3.823697164907886,0.5448782156002562,0.9827920772906057,9.066227771757545,45.27587151558428,0.5989206003377976,-0.004385457702653025,0.47650554463633776,48.339213142286134
407,23.002559544276952,7.296560774934808,2.981222519469462,1.0054091515401251,7.033793011502381,59.00057610262897,1.3335510060292783,6.940649761845938,5545.956195492138,205.97388771394841,0.03283184354838628,0.7303951389294236,0.6820183310738023,0.8964635445471223,1.0324100994476435,1.2975811943677036,1.3632846442425441,0.518075466808676,-0.00253949284476147,0.9048040315083457,75.7975114020295
408,24.975752028350772,5.807928048149369,2.7706523518581854,0.9713159289112439,6.048059779638402,69.95448238418284,2.273298047509737,8.451789636950211,15102.991724418562,327.9950011867584,1.2086084317462593,0.604739513333185,2.225542325258625,0.6947298302442453,1.045760652509746,1.0558509951017587,1.0642763810696083,0.4379249027854939,0.015052330363608809,0.8080167746163026,68.1030189559062
409,20.975086667803303,8.295496491462387,3.703667290136412,0.9822754495572571,3.0293400892799522,46.02002065853364,12.484086760361878,5.415108161608191,3519.9964274247272,124.99065990039658,3.318706605906314,0.3495220592999955,-0.03760689576570826,1.0331216994996284,0.9613475705486425,9.188592869317532,9.154808700154238,0.6251068232277895,0.1613786789963302,0.44800344597607666,78.11960555115789
410,23.015675423157973,6.36207981496158,1.587431096634363,2.037351230246698,6.038115876724414,118.00543336866669,17.852741971185218,7.242683455285255,-0.06632098582171667,-0.0001304545988155209,15.994926460744011,0.5835535479391362,1.5544170489015128,0.7285642539267664,1.0049280746784977,1.8512208033728952,3.6073808272643277,0.2410990885273233,-0.002846746593777992,0.21600230101196646,69.59869476012939
411,20.01255194662666,8.814585543746858,1.1752616397070492,-0.0015452758126178387,7.9896609548897555,70.03005611240623,18.592734806985057,7.034043726212932,10535.97858437519,225.99991055800484,14.632788604184485,0.8146031687456649,-0.00820764056736991,1.1024200177635866,0.9859557420242653,3.8851568161296433,-0.025048351471853775,0.19982743492709457,0.0010011950675898973,0.17026369258549592,81.41974255648338
412,25.042047957788395,4.8415188473403274,1.6682359955525654,3.011260790884334,7.980912294950419,25.000004815222212,16.942888097812098,6.12139881034589,3588.0089205762847,160.0183456500772,7.365508734889012,0.7924316861175311,3.0231013063931025,0.6002768577459151,1.02776794158685,9.578133521557106,28.62982517075304,0.2808776642156213,-0.0889786727443241,0.21823249709069276,57.34112510146962
413,23.019513502776086,8.238489276281475,3.3785346104354432,-0.00345564986329437,8.976642388595648,38.94784807264435,7.0564724187213,8.310105017863913,-0.015970670107985245,0.0053198508942343126,0.017357776047461682,0.9414515917239341,0.002540989101387097,1.0633502513347806,0.9996221739637448,7.147430921452928,-0.003953411127715016,0.5773340573297776,0.015279091736425991,0.5953402548953401,78.36753500316561
414,17.954907590947204,7.922175414841047,1.1336449763554979,-0.03549256545749296,1.0193219476887168,3.9892466143207996,16.31642922320786,8.00905812188802,6083.029058713571,221.03691635015625,10.120824536191675,0.0938784865862776,0.04802315971885831,0.9279245439937066,1.0015953384370941,6.14487888201489,0.005262654642392148,0.18887215251564843,0.020343078779033266,0.2497234929577531,78.86599043387544
415,20.03155842853169,7.915210608164061,2.6801692483611754,0.0280143127822499,1.0068118915943245,19.994002102306446,14.776385842372466,7.987263288201332,22769.953249306658,436.00723009412985,8.166289966817482,0.12563220340437295,0.10847261561699095,0.9876903592940192,1.0148490347017434,6.652933887804121,-0.03320181273251066,0.4871664319653208,0.011022918102983585,0.2894962403408262,76.4699643728997
416,17.97005818118057,8.198278139047778,3.984551838807002,1.0150969715359748,2.997683348652047,77.02228709916301,12.54974407575242,8.520814762385681,15929.020306484605,287.9750822843899,7.58243846544,0.26767143106427516,0.005563783143508363,1.072286728541514,0.9910738312440923,5.055855196443208,5.023604504013097,0.6658847918161503,0.008901512112727262,0.3576671219540172,74.78729888930852
417,21.98848086184143,7.758136544857348,3.586299071549303,4.0691691051210155,3.0388544563258604,2.937891793664598,2.8125942632246743,7.908864414849982,7365.027416692245,248.98598158139495,0.023234243847770175,0.28754362070603867,0.19796112841505567,0.9952620398385306,1.05032443232194,2.7759952209018426,11.25026563761252,0.5811748899465923,0.045343565163054926,0.8083659696239491,74.67956880387575
418,19.00750600618755,7.078762671779778,2.610169805414283,0.9695325586104836,10.01214824061446,22.00123538550847,17.97318699596585,5.928514860618048,10060.028694894276,255.01811367212196,14.087922875959913,0.997478697642176,0.9130922600261431,0.9169201598706358,1.0152921918494966,3.9591200879454393,3.926921615229104,0.46122510842826125,-0.0038716169991540607,0.23770604852863103,71.6165669500188
419,25.05987002469352,4.692117597569405,1.2136874846558559,1.0246771876360143,7.974840270874383,105.0154102564738,21.9233644718842,7.846242640301289,3403.9530243084605,137.95157495206482,14.77499505756149,0.8379025261988841,3.3061259240584224,0.5976920056788985,1.0279482248492449,7.043713162202523,7.086672893658172,0.2099295201879952,0.05991106039393267,0.004068769292950898,61.10207626967979
420,23.09329755668016,4.152123180942777,3.408660303822705,4.96065368101889,9.97957273512593,82.98015536344155,20.765707158115152,6.220321766815951,9317.009436583876,362.9596235875572,12.959419677803128,0.9340843917697589,3.7912099819000615,0.47515397790298025,0.9933833321210761,7.791587398471384,38.81509426461283,0.6098577562448726,-0.022114496803083115,0.08645617131428135,47.886498256415834
421,19.018201691774085,8.577829140259302,2.830649056414828,5.004720397030193,1.0204597989776243,14.002238840294506,2.9827562031835404,5.978471332535985,12208.979937376444,251.00032091621375,0.02893729484009961,0.09002066660662664,0.05493020941431396,1.0799958751930743,0.9963143301524219,2.9855317560672834,15.002240541039594,0.4630676125590186,-0.05996213759620122,0.8607014712677037,78.54509170649618
422,18.994504101438388,7.1195699101453,1.3430910410273127,0.029295197671894938,2.031251985579638,112.9811889047255,8.438388423575333,5.2625112085898635,11494.95781572674,512.0285276635557,0.2583904527628589,0.189005596207181,0.9117993208065737,0.8997546808019201,1.02434874578692,8.14255637848209,0.05094220098827766,0.17740569860829128,0.011188144440812632,0.7361057128744247,76.70676436505148
423,23.016035169454415,8.042819160928676,1.26849440387915,0.9378359465171054,2.016550406967679,114.97811281200339,16.313478772852115,8.011183241766918,8451.98758396825,273.03921106295866,14.45189521404692,0.1376907943281686,0.023157242619326328,0.9676532636742767,1.0213354680477875,1.7984484222722772,1.857039680240264,0.28398401908038284,-0.018875678088155236,0.2449357941444775,78.71624293977715
424,20.026629662776216,6.3874169574202435,3.670831052657955,-0.006147974227248236,3.0569066624361625,107.98774740449606,18.2766048805513,7.848718140917853,8700.972850660242,252.99348682758935,12.845801190895173,0.28607892717759553,1.6321923923191775,0.79620338469922,0.9625399440300212,5.470956762164394,0.01276075605588261,0.5985873449972174,-0.060289571053270735,0.16974039523285556,66.6536272613623
425,24.990379971233285,4.622694650629483,2.986492398366652,4.983103707978722,6.049050214971943,91.97867924022599,15.80647995467296,5.999475391910937,8940.027622514044,360.03182486060956,14.315256764665357,0.5537799860642612,3.420044481371263,0.4879678811286825,1.0038289778944847,1.4980364288299552,7.589656581557324,0.4651723133987783,-0.004805644173411391,0.32405314767501836,58.20477929166087
426,22.05385634067737,4.542578197882376,3.477319879416302,3.978941281051146,1.013231075045523,7.02050854935809,19.657788060832274,8.071768951510093,3809.0153919002905,215.00216803729307,13.655303948325129,0.030080095658878245,3.4618849875677444,0.5649770547217458,1.0142151383669928,5.962213575770366,23.80513902552544,0.6048429961962714,-0.0056442085062993535,0.08857605218760828,52.860226531574824
427,18.00690212277574,7.419783537233409,3.6067178062183984,3.0115563795677804,1.974842580215555,39.97795144369494,2.2516348546625244,8.692899583542994,12199.965426665956,283.9540575505327,0.017967381571367257,0.19213061514514032,0.6049802065446356,0.911908721715511,0.9960909812500991,2.199560626399169,6.7010818170470605,0.5716454804256423,-0.009455030183235997,0.7889787849653079,73.64692356427202
428,21.014932292672743,6.175881547558176,2.6416042414092344,0.03362057119267786,0.9607003746480469,110.97291269978857,5.537689739589066,5.432052759336237,2717.9782733605853,46.99975770390565,0.005422316847846576,0.09111564637588425,1.799791159624918,0.8170671806684005,1.0113678269704998,5.529276584704857,0.04267877221027722,0.43822789241550475,0.5630617331591012,0.8195592695913233,78.92221089273265
429,18.019977727561635,5.009220368501239,2.566462171758898,3.996001638543125,4.988378547649559,18.053037860005187,12.330906378399188,5.901618064636232,4731.988579077231,62.981432756261356,8.08787704080956,0.49265139251122003,2.9805128373658016,0.6069033069211393,0.9973601725646292,4.197897860673533,16.628928884169184,0.43707053393898476,0.7213710018018861,0.5267987754746994,71.31419770515915
430,21.012647598318434,6.4925674274528085,2.346175916005247,3.0061645928268006,7.022596403392485,111.02882220035472,3.8490579190500904,8.027142494097765,1663.9978278455806,72.02754692641433,1.8016055182136517,0.7075857473769505,1.4923117819032006,0.8045092882421356,0.9325974716813307,2.057053303852705,6.190842494383222,0.3790337498695738,0.5312144795299704,0.7430361552660382,78.74618038021028
431,18.025168215014087,4.3396124202935145,1.9721534009795594,2.0034292625917773,8.054799412379358,101.94415459918022,16.744831382422426,6.106308536916856,11682.030191348244,310.99922974218936,14.48161725834109,0.773618095303589,3.6780632629284655,0.5351231366816958,0.960673256800835,2.3224174539090523,4.564078501338554,0.3224309359458985,0.010455962609998606,0.29679744106625566,58.69966703136231
432,22.981482404403593,6.873766930549802,2.3373028483430875,5.4105190692425295e-05,10.012523411032324,44.97705695130443,6.942404792814627,7.516141045174634,3325.0207234697946,181.96166260680332,-0.0434924535256636,1.0537256804033777,1.1203163573900459,0.8447903992820887,1.0292495330257845,6.9392117656021775,0.05680488962151154,0.43102401661086426,0.034733118182828523,0.6412823353736282,73.96109528675925
433,21.98325094738162,5.3188281889268545,3.310660145867704,-0.032680279131363184,1.035061683826937,27.00727388915168,4.051159628619591,5.371893621623688,2390.0015417590694,149.95500855567275,0.04139205633259712,0.09900117975605491,2.672630512580441,0.6840937426549647,0.9926685924873301,4.004848522190695,-0.004855392450663664,0.5466560702935425,-0.019188055532522307,0.8837042452597005,65.3287870262273
434,24.96699537301085,7.991614776101104,2.745721968562352,2.033253338051687,6.992640775414366,109.00971265201694,14.450234433009523,6.785267301340099,9104.992180534504,242.99937060127758,12.615911045887328,0.7385929138918444,0.0022137650969438335,0.9402282395842936,1.005690729857273,1.9152635599419863,3.771640122844585,0.43968387930959707,0.010355617952215054,0.3757242681683357,76.3011799526036
435,21.013185036918607,5.5952508356597095,3.7190598758564866,2.008855861044765,5.018683073756827,119.9552852140279,6.081359077816823,7.9322708749455595,13153.946799378962,264.9273934758562,4.291628295335699,0.44960302275533864,2.4167864080290715,0.7340973011243238,0.9998902959102641,1.7755131547114757,3.51625366408083,0.6459752510448321,-0.058609518119780095,0.661884728383526,64.43715939277722
436,25.023368095105365,6.294484383205224,2.2964699809342144,0.011846444700077329,10.024700704884316,90.03475696478466,15.841491721957448,7.7429072218488795,10245.038759928784,341.9844550413052,8.466761061948757,0.9749641104972437,1.7045097165978569,0.7871436564505239,0.9752410510351408,7.251555986502035,0.022938054190699074,0.3616572051617547,-0.02755245328349622,0.2990393832772756,69.02289917481168
437,25.013733185984556,4.074629806865176,2.7863359883125076,1.9758047111292325,0.9406121717244241,67.02475673257545,15.704643947967195,8.284636034492555,5204.986587102064,245.00693090977228,14.048211381469875,0.12058944415132691,3.8731225537329026,0.5515494140438627,0.9859876458453083,1.6705356086085015,3.3585945516204805,0.46339465912967565,-0.04371437478325934,0.26637674081299806,56.46727455011924
438,25.050234773000426,4.3995770310228,2.90734871279516,0.9862233880603228,2.987596835928705,14.01445704896121,19.79638325681294,8.526646017206435,11034.046645207212,317.9682895048783,11.336316563222773,0.293203071729662,3.6209683474201793,0.4675830357365719,1.009868484305145,8.368545478428366,8.36685598933837,0.4561945324243909,0.005246362764181465,0.04936625729475347,55.79531013798994
439,23.99983211943513,5.998120553336346,2.8142390045670034,2.9947159740686766,7.028491011528336,98.04070185472136,12.802442314580794,8.063129344649127,6799.005883278764,279.02981961470715,5.412611461256088,0.667804618378811,1.9974398087439216,0.6769131203816667,1.0129298840709153,7.320526910919645,22.01620746484881,0.47300967182946146,-0.03568306889150273,0.38149636530785236,62.7823477802057
440,20.020062249667774,6.407237207452202,3.121227754659239,2.9539762591965344,10.008234050069097,36.013568699777124,6.678034126535331,7.712696587021075,2826.0607585262587,140.03573019649252,4.918570421691154,0.9448411030406776,1.5138186335066062,0.791240643212435,1.0656522841144094,1.748296325781951,5.211318472729812,0.5178600748448963,-0.005712398595827107,0.645954399351829,69.1744219627647
441,17.967248973715822,7.002535154370785,1.73534758542644,2.9493589702440697,0.964104548555472,0.013457426377555417,2.2429438208533297,5.093963615433202,5862.018189646001,262.96949897141747,0.5303046756469305,0.12199611016721096,0.9704994492824984,0.8901774616400169,0.9856677346366717,1.8036945145911114,5.304591382108252,0.2824630557475175,-0.0026686831183930907,0.9124471074887286,75.76955028787654
442,24.988387008925766,5.523939836488367,2.5122440773833508,0.981977562080843,6.9270963287281795,66.04673037815466,9.311379233775511,7.114867749769534,15049.957039411063,390.9910586747741,0.031374103541039734,0.7195480676484656,2.542033967092082,0.6708520185199047,1.0501191747497767,9.326492185544385,9.277667842203792,0.421167211727116,-0.01477345940107442,0.5574073762413524,64.30674528794454
443,18.020866132726972,7.527705258481421,1.2587309773364093,2.0156756229932715,4.9890265776409395,110.03303658742183,3.949938434760043,5.146536280484325,4596.981567535592,229.02984079453964,0.018579519287987685,0.5072996207425768,0.5445296552454405,0.9550153749024755,0.9741875535129839,3.829337779444407,7.7301120696615,0.24120070951646574,-0.04203465278212533,0.9083392926905329,78.10748938158817
444,25.025473063322295,8.268481300345167,2.1857906362704647,3.980405878302102,0.9978524292131836,22.974754776232654,4.7862327334079975,8.213397062620745,5244.9949259511795,284.99996077397236,0.3955479296597974,0.0851228142764225,0.01578333630195594,1.066939292723289,1.0146580058123607,4.3156625082933475,17.33457469302984,0.3877594938581048,0.04683321886725321,0.7428473695645528,77.33707443601772
445,20.991180991570076,7.926063175017723,2.5882914500580587,1.9694358440722786,0.9734823115051496,26.018995855360156,18.363761729154202,6.306695784659528,10687.973786513387,259.95816564265704,10.07292732013702,0.06660729917110586,0.12352206930874957,1.0074799864106412,1.0053361785859551,8.30264809007175,16.655085811413443,0.3854844486606798,0.0009118420735818195,0.25073082391277624,73.0336439125406
446,19.99785202244426,4.1644099071867045,3.021734731811452,-0.024440569597130105,1.0042925481108398,38.98007196405124,11.78175539345139,7.258591354490033,6174.988688175485,163.99570036794307,2.266484371861152,0.09841055380309895,3.776651180562264,0.5280980551314025,0.9962240334647444,9.531120104661591,-0.012411169076150185,0.47976040210889526,0.06637385261589215,0.47962431417918644,58.55561209846098
447,19.954463787599575,6.4176356766441325,3.971078619024345,4.986339727305641,9.015191602416987,62.01512463652851,19.543511231067438,6.172966835328818,8241.958991825242,315.97441215033115,9.644255759752665,0.860540441890638,1.592195667437828,0.8028680854896217,0.9998302464441188,9.87185317895575,49.35698254503291,0.6777311785183682,-0.033504123782526964,0.18707283173254297,56.4213276836916
448,22.9892891239758,4.518592163541086,2.8418630224659753,2.989384231115397,3.020120615121787,60.014298405210596,7.677314807798503,8.122584439039368,108.00017163843297,3.0332459368927767,0.035703289368592225,0.2774524775830623,3.5370609980137893,0.5440561474083485,0.9813215502428233,7.684856894103305,23.013438792530955,0.44318176002696624,0.01792910853620149,0.5736257862997309,56.62869936816409
449,24.026711494905594,5.142660493250125,3.2072540621466725,2.0649656435661967,4.929322432252031,34.95849598062632,2.0126992378717192,8.546333935468779,5232.00712235847,252.01817796282972,0.009526282710570287,0.5378375174419865,2.8127774572768622,0.6483387702738866,1.0271171366639154,2.079999184919288,4.058656662278677,0.5480902518724305,6.243824717550955e-05,0.8252460541095549,63.89097675280205
450,23.017256150483195,8.902789377395882,2.5090422120934335,4.031638618854619,9.960571447065757,96.99634463166066,19.12240123807646,6.626311478271853,8198.969876717783,334.99058729164204,17.34797182049454,0.9444749271060574,0.001948451516611552,1.0817730733829583,0.9747215487823327,1.7618487876337479,7.063049259355395,0.44185114377413204,0.04342472746379805,0.12936019144768957,78.15006163349733
451,23.015019971641436,4.685945116599191,2.8989025988036947,0.03074322336845184,8.990861320549358,92.00795771070742,6.6296721297443515,8.447272375906286,3292.0582076288047,135.0042644403759,-0.012532271011247376,0.920325834807011,3.2943957437132094,0.5639581159791683,1.0095257776094468,6.616942420777343,0.028022045997483612,0.43408592440808674,0.12764098886595154,0.6031768738099731,62.98592529293701
452,23.00149321061543,6.4772370422619385,1.147865861524605,1.0350574109282014,6.017165193931124,22.986911294270175,8.666019299563507,6.114820157431227,19542.00190539784,323.96075635269085,2.6722689128647974,0.6448258785434748,1.5352341600370412,0.8279309259864026,1.0226757500073214,6.017546938291504,6.004584307139328,0.1878098380789959,-0.015572026698633794,0.6668926914513023,72.49001678238425
453,23.000211894758845,7.14052556992097,1.8005414175740468,0.9700353739199785,9.0146770204065,23.009441298271724,9.764797518954119,7.1562248463115345,4596.975497774017,228.97738667624327,4.982667162542072,0.9244877915814796,0.9336609646065047,0.8736135660540595,1.0415260928016317,4.916875217020613,4.784468925330335,0.32445102402579645,-0.02443675039947842,0.5319037799688859,74.2681368882736
454,22.980190365815798,7.4803896257808775,2.136320236576266,3.963329061550383,8.0141560984363,105.02417693331003,13.851243939101645,8.369416405903438,5453.951113821001,215.04659837563077,4.652933487270891,0.8119463863527946,0.5194901525230629,0.91537314317492,1.0291530840669394,9.173784883667713,36.59755308158605,0.3455907838691708,-0.002710943935536147,0.34211594948506147,68.21740080813184
455,22.020964852606077,6.775808692126458,2.382010800155364,-0.0332061087460217,7.988497461740932,2.9990822080730775,14.523183279647169,6.335327112424483,2237.001798286682,120.00160543957739,12.543955798582246,0.7860928146148664,1.201988251982477,0.8634769303955497,1.0171728833919318,2.021298799698972,0.017602244370803863,0.38787474284722717,0.17327455965670993,0.37077489756653575,74.01642859882348
456,20.012629188331683,4.002270848200153,1.1123585899718544,3.040035184000135,0.9901709968807012,66.00673798430125,21.100825272745734,8.847381804393594,837.9921853440156,60.02790257414374,15.638010632818126,0.08062335836697962,3.9892973054269962,0.5113969897079125,0.9808680411055002,5.486356362929367,16.270566400696808,0.20826677676244246,0.5539012200237127,0.021921694229764845,63.192343317428985
457,23.014760565439783,5.620567692388952,1.425547731376796,1.9835842463335254,8.978150121947348,33.04150272235668,17.39928988812655,5.518539978183316,5472.023491227219,257.0069603926522,16.28135636761502,0.8325560740181004,2.420790411590542,0.6935410124365416,0.9764267454308075,1.1048281669925346,2.1968857881128585,0.26645050601238945,0.006998876178349282,0.2492138986976088,66.6672170523912
458,24.98421895471997,6.595750542419696,1.7727095868206257,-0.037540685467178606,6.023045823843176,56.014195897496755,21.693232479855812,5.012670648643643,27744.99569889205,351.0394284552909,16.49495064004145,0.6011102004080194,1.3669427046507658,0.8205319370783508,0.9658426334461097,5.198580528605127,-0.05072467478535815,0.2796477076725,0.033183836124251125,0.17357063287849828,70.64883373533925
459,19.935399712403864,4.434991116370078,3.88646091406969,0.9870701139934056,8.972385336367813,48.006024728690235,9.78079681946009,8.600110301161868,14130.964188436532,361.94003487402205,8.265035134939827,0.8879327865381272,3.5731629045724036,0.5624784366963973,0.9629720329171977,1.545922502514105,1.5229674691978192,0.7030139234174061,0.028344575959492076,0.44943800841045983,57.593156841654924
460,20.03291458135261,5.8159292698589224,1.9694626552856853,3.992841834048561,3.0255010918556873,85.97125761861076,19.770790109285123,5.252338854993297,10999.050121548886,322.9943534724794,17.765539242170806,0.2790589677395428,2.156467259176452,0.7540687134915167,0.9999578788556697,2.110315535410685,8.29480747004277,0.27980683134983964,0.02950427257968631,0.16539491998281514,65.0367334550763
461,18.985634876319747,4.134653660408057,2.3753350317993176,4.008052398210837,3.0062355971441295,52.02013078034167,3.6514810279072587,8.944766358973189,11663.013068746386,313.04934344938647,1.6028840171056182,0.2993975691336296,3.8370568933397937,0.5310325697746129,0.9781774989290043,2.0623414101456814,8.225407817736938,0.3547865996147352,0.018661268062449266,0.7598751655761716,58.9318142402134
462,21.974116727078705,4.38411599109479,1.5613718414904083,2.0075285306213613,5.998648665646345,119.00990449848176,11.03095726442586,8.862257675956819,-0.007623261347950759,0.028685203066819324,4.1982364813983235,0.6018710844061397,3.5783800012761193,0.5142389826886866,1.035976769034688,6.895681545179898,13.691592175208825,0.25303528026401395,0.0405628998041277,0.424082093710547,58.67320171546499
463,23.02080436735742,5.983144737019449,2.772986546158659,3.975154583083795,8.980298688006705,115.03851218301104,7.335464163731943,5.549646964865291,11181.004939155944,271.0397611677637,-0.0749039435135726,0.8809332810789884,2.0121202336025488,0.7433571752170964,0.9826311522531871,7.307501425722646,29.263872230263985,0.4566307836782992,-0.03645147063168335,0.7049792420032666,62.97936809906718
464,17.988239620802425,4.7143808286028825,1.8425836704239351,4.020569691775411,6.959333744165076,22.0014063562991,13.368067334012684,7.148903171721125,13953.014221258696,194.9997970621903,7.0844271218429835,0.7483924235043036,3.296233274378714,0.5752855048661976,1.0028276751211505,6.278287374348132,25.006275844349428,0.2913370635760402,0.06747787998975731,0.44202938092545835,57.45347875557775
465,21.0317980915214,6.721255488308777,1.5725356891272912,-0.01917580601250474,2.9805704173086585,107.94551200499598,10.189200953589832,5.756560249309474,15009.957134301583,392.9838868075376,0.5616388489591942,0.32191808337337274,1.2869261697036583,0.8184104168087666,0.9920606869467948,9.705018908173487,0.023425590233599546,0.2506315120429649,0.03181077497198403,0.606515782582293,74.27433356352144
466,24.0185101784873,7.476470291261532,2.5037937765718206,2.9953117098988487,2.9900997939412535,67.94899637393515,2.212095104999032,6.727079050036681,4926.0047308265985,194.96918506620935,-0.06092348994374673,0.3268883567511983,0.6132571636210747,0.9399379829680631,0.9578842768784754,2.2029498704626844,6.564960701079189,0.3948983404909562,-0.004809250476313352,0.8652649727074612,75.8464012219893
467,25.020507079696014,8.015930782846826,0.9849139373898713,2.0206032221151005,1.9289292706525625,94.02207042291279,20.272660430782324,5.149953218681225,8595.986496295802,323.96709215725014,16.706617756928498,0.19690091649081773,-0.05586422277736032,1.01724557738186,1.0326832249474096,3.5851127198318324,7.154178380193599,0.16005729450662393,0.03329144217785671,0.1830517644073729,77.82674898486734
468,17.959021328663983,5.004466304117531,1.0353659781111082,-0.01925464211833024,8.99407934533996,51.982894192069054,16.66349854965841,5.880609273885519,11663.01521899957,313.0242118168662,7.861996590057946,0.9153370719678343,3.0352630726978975,0.6467862526511788,1.0208644625393497,8.848172607036755,0.005803541481979124,0.14897127473327745,-0.010423392127587895,0.3418006737207967,64.8721473327748
469,22.036358319561593,4.835447031492574,1.7393348688981085,2.982919457292566,3.02773072104078,61.013103032533316,5.676016938615424,6.407616342666262,3587.977794542262,0.01539633151262556,2.57791262382913,0.2731288619820431,3.18838547109183,0.5702726113775373,1.0243156626676915,3.0013769994287074,9.07314718830547,0.30379116547343077,0.23849476582866144,0.7181760591034027,66.42850371154336
470,21.007837515937016,4.570309621584379,1.1259220994641685,0.01775004149079393,5.017016537163016,40.00342697933507,19.88308212205298,6.762009182794644,10144.981858944348,312.9980027965201,10.260518386138562,0.5199877562075091,3.4939721659415284,0.5672235281123752,1.0178483998074686,9.644578303499948,0.0009111856761996114,0.18425176727728387,0.01775924615593227,0.18163702204930474,61.358352667929594
471,21.988921685822614,7.226122399337652,1.3091840365930827,4.974268004701849,8.985113823727755,55.994994809969185,20.343481488692394,8.901333227569978,14990.049886132956,232.01524571964555,19.324804044689348,0.8938679217805878,0.7798246321096985,0.8998117430146763,0.9772154489501464,1.149379726513674,5.544030536207255,0.21003178282182558,0.025864549145639584,0.015032556662463158,72.8852293710569
472,25.004301654020267,7.528464392894149,1.993068213894773,-0.01154376070812212,8.001408088952457,119.99710916143235,14.38807495300907,8.230461626935039,4562.036927362727,199.00427355277156,4.61799907412515,0.7693404939495703,0.5058683755591539,0.9467220928002565,0.9777985310428967,9.738112415408613,-0.016713980741994473,0.33116977368548883,-0.013790239305363874,0.28052198103668297,75.67559483942017
473,19.94671294301305,4.203920700733931,3.3642437588742626,4.0166722653412865,1.98331506291734,58.97403831484864,20.081312736022742,7.887644407533284,8277.901133164602,420.028866531042,18.633356121957775,0.19931699986342313,3.8054753941302444,0.5288917947449459,1.0135596292357936,1.3732715213552573,5.598493689585236,0.6000915076757964,0.02650150301727316,0.11552406514647835,54.62910883205708
474,21.01225958434442,8.695754227398991,2.758305866433666,3.061622773243079,3.004462822000071,52.99952666933301,9.678324660876985,7.140704433259286,5319.034702859474,0.028580602647245094,0.67965932774066,0.2912383790925033,-0.019364315329458853,1.0871236216525106,1.046287586979526,9.023111526433063,26.99017857041984,0.43549780459406573,0.3191804446800707,0.5695381698812619,79.93905049108564
475,19.969118854754537,4.285726136679853,2.4772098094674235,2.0181621351428825,2.046203234712321,68.98246519701617,17.220570872444217,8.393453907554983,10770.997790439213,360.96802377698543,11.501401727022277,0.2696920798166275,3.684755664385407,0.5335182872157636,1.011579366935296,5.764565950655694,11.513955079284022,0.37846492389633707,0.02192921424760605,0.12961886157132935,55.9122073899089
476,24.959419891424695,6.675216640248564,1.9199093904109852,2.0141791928897,8.029054964078746,99.98883230439623,3.2185306400853446,6.402283484493065,7801.978754538113,260.0082093796241,-0.0017583426480463067,0.8130618274543974,1.3030385839926493,0.8707052183007656,1.0293540003055293,3.1429210198531314,6.379388526692593,0.28734572430761524,-0.0005363667693232813,0.8488785817492288,73.28231881246664
477,17.954329224413463,7.479389577009015,3.8317869671787017,3.015924047510182,6.015623829170782,55.990290528658726,5.563876437683932,7.861565902586221,11874.969784757928,282.94993399749416,3.9125097609444817,0.6473915240234467,0.42971805540469815,0.9116455797744214,0.9842238300310626,1.6856488695461125,4.9869988811842845,0.6263426973491205,-0.054718793548773154,0.6589273775448554,73.59318109563549
478,25.033380651249697,8.35948332106971,2.1833415850928404,3.9678042917779885,5.985213452628488,8.993199201903039,7.321311827288851,8.939936041196557,9556.971526471152,353.00399062214274,1.3396277777577748,0.6339386131907617,-0.04324492411511106,1.0448048738770486,1.0329355272990994,5.996941945727144,23.928874565274338,0.3811117625098456,-0.02210278160329841,0.595200153124454,75.57812254914862
479,17.981122098189218,7.597723856479449,1.3311403758194789,1.0034679021603972,9.022498151788346,39.027665203695214,9.063442867583966,6.2977820540897635,4743.979601921657,194.01812912839105,0.02089904521713178,0.901133417993925,0.4500997628829409,0.9824411200041787,0.9874159482359568,9.089652972433287,9.038324349875714,0.2430608922913994,0.025443677964360964,0.664088407002378,77.08689235549687
480,21.046011831297495,7.949459972683209,2.9229263961001655,-0.0008929946500920524,7.949393691458808,5.996106275123859,3.8572442114018135,7.721720067650001,15446.96618602249,251.9605884196562,-0.04169627198413094,0.7866884239120987,0.009834628329607248,0.9756683222790578,1.007204778137386,3.8634302604852415,0.014356388121473117,0.5327924836084686,-0.00910951310587561,0.7840482362521514,78.99549986983146
481,20.983925956108433,5.705727495724312,1.351838915061453,4.009647536211182,3.9924293955402734,102.03071107009771,17.308630477778255,8.376484328978064,3569.9593620101678,138.98750611793616,10.659756972426619,0.3477932025639903,2.2842527303977764,0.6896973621676804,0.9890151671386356,6.70590126622261,26.634499798781984,0.23884131882702608,0.10119810204089266,0.15637663666047966,62.79836623853297
482,22.94877926127221,8.09891008175873,1.9859196060071986,5.003495241574276,4.017511342594719,37.046135648539796,3.684293378176843,8.599248910564707,10929.968788595475,214.0002857913166,-0.009214275277138305,0.37387169348005783,-0.050882484946105054,1.0345182283335543,1.0266746852103068,3.6586606337600456,18.304050816834998,0.3068448944474818,-0.03639878033966556,0.7633648923858233,76.92108998845232
483,21.96650426680154,4.404408058951601,2.4614240794816085,3.0113909903225133,9.022212636421433,84.02564833953168,5.379653396576564,7.898607848519876,4935.009701815652,233.0070174474912,0.3729925735401039,0.9198826037326264,3.5983105150516055,0.5072825847805887,1.0270828596785542,5.09504480556974,15.28313157492966,0.4105698904116972,0.020884130352324257,0.6947393514760478,58.20685602244775
484,23.037074348600207,8.4843360528994,3.5848353073366646,-0.00934401584697605,1.0200965347064723,60.01603405605206,6.225718404608044,6.112235010100498,9282.001502704457,246.99164188890325,0.005231869121336993,0.09093608844637892,0.029555762753433173,1.0823189336907948,0.955696567595705,6.29842853746574,-0.028612524879449746,0.5350901924863143,-0.0014259688511766636,0.7302864545000888,79.23188067905076
485,21.9953230546619,6.7923058111054155,2.50626560627603,2.001758267521154,2.0088449206762906,83.0098049662845,10.197001474791165,6.320384974631643,6424.016675693547,299.96483135542786,3.9310995746506183,0.21127460977215326,1.379176183139498,0.8228109626225911,1.0397589350266654,6.321626407070745,12.532773763226393,0.4073204559081106,-0.007403556701276214,0.5471078253777624,69.55617388699204
486,22.983551381105283,8.14080347700541,3.1017463818125517,0.9631651430182903,1.9941282506274836,2.0259607612715023,16.85792619867197,5.0820518158191,12182.998008904824,335.9983797839424,7.745152943859749,0.1390917454595799,0.056761692749870925,1.0248000184656125,1.0712922757827759,9.073237376490074,9.121189776616774,0.4985134598117133,-0.035349170111829954,0.3402238750845984,75.01726292936404
487,20.004800546775584,6.262663724997458,3.9881968631117637,4.990402781659912,6.016139279094794,50.002680822157885,13.117666790969604,8.086151849533147,2915.9607996200807,140.95043269299177,11.717881510802819,0.6136054454729212,1.673391859396144,0.7508779629883312,0.9893400195090613,1.423869678438046,7.021118165217937,0.5972759049967524,0.013550610322360965,0.3666207510530458,65.34105128566509
488,21.015053482085026,7.206986042622807,1.3427240762306827,2.0417250064452994,3.971414168782411,85.02953709537871,5.36571874512369,5.166238990420075,6799.014833227705,278.9930207568995,1.7866832434907127,0.4328944467159786,0.7851260140584712,0.935552287996751,0.9961959528501033,3.52993564944779,7.021694988365229,0.2965594006182214,-0.030266905505723838,0.73995741128474,76.35049542939194
489,18.033521964477075,6.58175981571188,1.8141144898838732,3.0095642501888475,9.974659682101203,46.01842317415869,21.269511170687302,8.459546592297423,5651.9698593216335,173.9867587915891,11.765841952227895,0.9467272513058124,1.3558550230929003,0.7884828405033136,1.0371828938272045,9.55284730185378,28.636746683743365,0.28866048757832236,-0.01908182707646108,0.009525967584535984,64.25098549571324
490,22.043454976896786,7.669565608198778,2.2591703343724663,-0.0006276311214923065,3.0018520402938087,66.98920478617659,5.589464904249705,5.517358461714359,10288.01939842906,244.9959720297968,-0.00994339378825084,0.311146917190704,0.2747503480012813,0.9842485106063996,1.0020030236591715,5.597490322778109,0.004061306910956086,0.3034503614739954,-0.0042200363523321955,0.7854548194837873,78.72620456107718
491,24.989206940626328,4.3597978378662825,2.31392753714369,3.0568836982876304,3.0051959292812622,91.02687552640309,16.97961593513927,5.670253332687495,4831.9650223999115,225.98322034067573,11.895913057696971,0.3403060396082538,3.593614705106257,0.5147361284867205,0.9998807706990072,5.134090807210484,15.300454378943643,0.375109121406233,-0.010971758231314094,0.31665456815737764,56.606644064634146
492,21.96021856941754,4.312966500722777,2.2182740655716056,-0.040825049349032375,2.9452315446430606,75.00274440017932,18.929476077321677,6.934429685542233,15167.979375701208,370.95476957485533,12.394903876002521,0.35040259948018393,3.688985890101216,0.5917490261326719,1.0569090620166224,6.597142342811288,0.04181770241748864,0.4161897735760011,0.030833694544971996,0.11146470163497163,58.68212594625427
493,17.987596045166303,5.179558592947913,3.7171733591846534,3.9667163333366133,6.013654391428486,36.99681603977163,19.595861727716397,7.9440415283136465,-0.010841749217037445,-0.010990299617685363,16.09537282752661,0.5848950278742612,2.861637019197383,0.6478585465443462,0.9593710851577592,3.5334867878600758,13.974708715956252,0.67387963917604,-0.07770459747505552,0.11869341562686052,57.525863979901814
494,23.007808415197488,4.829034780720756,3.111911400096472,1.0513813423382883,8.023181851337581,113.98571402518803,21.426654433104826,5.529923741139852,11200.020232144032,408.0279246037511,18.722111410852246,0.8233979103383461,3.160539291725714,0.6585257128499095,0.9763311060959882,2.6855616017349764,2.666417474022936,0.5184177823006629,-0.005351265647283473,0.12627488361227332,58.96342799128658
495,21.97108723221368,8.429813466435913,2.8279499790060427,4.001378828081468,6.9976814428760115,35.004980565436234,11.09214010104818,6.760034829601626,3672.0052799175637,153.03784382411968,5.836758364274344,0.7428936946001624,-0.0013528334756369173,1.0254333753776803,1.0125346898066758,5.171829077899108,20.712853196714004,0.4695579991079592,-0.010883358142130836,0.5248540641336655,74.96304589551481
496,23.97128547255315,5.141217431556343,1.91186121043557,3.992722508911306,4.07123398849852,110.02989387846239,17.3546829179331,6.950751153408239,0.0006000396645277333,0.07318002836157798,13.278930774853416,0.4120414417234114,2.838096207131101,0.6242204791185361,0.951413662183729,4.150143917662212,16.69127945532366,0.35343446485409763,-0.0002553305729128995,0.18654285337147977,60.11683833140994
497,20.010313636446497,8.874428397017777,3.490619684910402,2.964023870247131,3.979511946810544,40.02666820016779,1.2610734310302425,5.890611295199295,15148.056570063552,298.0507495122519,-0.010832302957519434,0.4385523276699044,0.009926723414632008,1.1488215761119651,0.988809724497908,1.2794871707027462,3.6362749613445216,0.5788179757396099,-0.01632824312822102,0.9183750799167303,80.97300354541034
498,20.998540429452888,5.714260968320761,3.8761203326997373,1.0134308879918503,9.989167385098394,68.01060181392377,9.928175257104217,5.50424081956037,7212.944890505163,262.96409186219995,8.243842911430269,0.9989241503998509,2.2597488397797214,0.6697141193467465,0.9885350310977432,1.6940103586125663,1.6762793795748734,0.6638085149457269,0.030716434049314897,0.5520837296665029,64.72359031678818
499,18.00098390986235,4.91897362649927,3.4925307903415796,0.016333796085823866,1.9881479928161838,12.01798930922175,19.0514854485668,8.341157077773234,2282.968848670719,128.98774687196183,9.289547543317376,0.21182942431312393,3.1330787892514835,0.5915220003239018,1.0288532146066696,9.760636822699443,-0.08992059654213098,0.6085210353016669,0.059956115050181495,0.11063952288412725,60.228521166388006
500,20.977245139959,7.885774654746881,1.00942388489352,-0.03283483082504689,0.9977143716612695,86.03815090374567,7.52419134569305,6.980382523039033,13629.96756434566,300.9993164309549,-0.022966742697300827,0.08135172320613393,0.0912692232095409,1.00235205289068,1.0207855910350576,7.558199881708806,0.01700599994540916,0.13438858060854114,0.003988388053665502,0.6333979040719128,81.0868203968761
1,23.993087978573826,7.676846841278214,3.3905175111663106,1.995791732433487,9.990138255611011,36.99550101126487,14.168324377240124,7.400437833012676,5371.946880430703,219.997433204973,9.779105643613804,0.9950619952697872,0.25794047195151304,0.9319365826991101,0.9495031825351203,4.404073453447953,8.76992156910113,0.6127696865301777,0.026767674345182794,0.3469301222100096,72.81464447667535
2,20.97227300567195,6.348285619973279,1.9094301604939428,4.989934525039008,1.9577956836618537,73.9665373998941,8.761124000086951,8.174554077400096,9602.978414414614,250.00208599989688,-0.03182517926855163,0.21301148509629092,1.6369189473932615,0.8031545226605713,0.9792062997494635,8.709237563066461,43.67750059791981,0.290276012102203,0.0015600761356201617,0.5023931256214563,62.221626851053664
3,22.026705952333742,5.106824876271961,3.9131745040110126,5.007679314392563,4.983603551112906,53.03903389556536,20.051658928643967,6.873478414017505,9423.020633074913,289.0722277426464,12.45171373402301,0.47910142024862695,2.87064087534171,0.6426121315506516,0.9792983114771919,7.623546100619485,37.99629023251883,0.6309862509416304,-0.03807628576717506,0.09370503970186182,51.95784591669716
4,24.031057480041714,6.319079032521352,2.824995382938105,3.966422492733381,8.997071379126778,54.98410665243908,19.86265679266113,6.679750041491408,2523.9822505780444,167.96753845362622,13.406933431619425,0.8932924088057774,1.7071814267222853,0.7420906312877344,0.9935027236974898,6.378827303107348,25.59691634887279,0.46966133567486823,-0.012797529923544314,0.07053391064633811,62.38747407311976
5,19.944614364132857,4.675337719645162,2.7384838490651697,0.037558423635394717,3.03685716246186,84.97928985629969,20.951038539378864,9.001824706124703,-0.009990089159589289,-0.021405934086428963,18.59943619378159,0.3228262104284041,3.3126454094146935,0.616533063639504,0.9670735843117196,2.447086350608751,-0.010019000002754382,0.47818804124157727,-0.0037235133255431605,-0.03869976480835781,58.9628976640844
6,24.972114674194227,4.8634214660043344,3.202340222554366,3.027474713447928,9.066067298201187,95.94611406733996,9.833904940767985,4.973821944602569,1222.9483233551637,38.04931477790267,7.40165440410012,0.961576725995283,3.0850468605648014,0.5746270072041629,1.01354943825915,2.3877234129153178,7.245129260115234,0.5536554819454342,0.3437073011616651,0.6121655812756376,66.770335799372
7,21.955104122347297,6.482916506765236,3.36076670304557,0.9891047332380155,6.040064216935519,99.01713849159493,13.061738548713627,8.557991761617401,12911.976104232745,369.98152055970746,11.52817304894152,0.5385168452505428,1.5277739113029891,0.8356383729091881,0.9791743879208877,1.5448159292556471,1.5198233001152923,0.5651846762785706,-0.021354278461799926,0.33079956442926417,68.28011867710363
8,21.98049928196779,6.0962793583782995,2.9896468770954243,0.9935074386508489,3.9767386291098217,107.95135642126343,10.47036190937213,5.578234450866742,14726.986149038532,333.0118074195101,1.738999597374538,0.45929730001970853,1.8659277132131482,0.7663542619473284,1.0176586580801117,8.79686660657185,8.78280621898784,0.5085250937297002,-0.002048001614311397,0.577554587851522,66.6012380534158
9,23.99749686090629,8.568073399795479,1.4013218770221978,0.9959073354916715,6.979125711681215,85.97749223576925,11.053642682195676,8.175613817572241,9592.019272012676,461.031039721096,4.582146885403294,0.692203847067317,-0.08781179527525707,1.0613496260588278,0.9999143726850491,6.376243770378031,6.3873677732939,0.26553202540170173,0.06036611819209757,0.47284889949638087,80.51150117396175
10,18.956510643409043,5.799704655740489,1.9449269373146874,2.976650743409805,7.99522014267472,44.01764710383545,14.628704720216659,7.436584668677969,-0.05024749193754663,0.014594970501960887,7.271460652930898,0.8289469960708216,2.208476609522275,0.6918379242511734,0.9708077458296883,7.330174266585415,22.109930882334158,0.3335851361569139,0.011133058809880527,0.30766392922914276,62.8544741025182
11,19.97234420560624,6.849344844357946,3.841659935603074,4.986697117452949,6.053536766665608,108.02165763757225,7.771112770258093,6.37679972078947,3799.986349737628,193.00575296899308,6.552328141240815,0.6348327809997522,1.1387028743805012,0.8723780797622446,1.0416483190823649,1.1629718628435433,5.936171410805419,0.6089716723219349,0.004732172192531698,0.6754970058629435,70.31245413446001
12,23.969881278837555,7.166398577325904,1.704271337375314,-0.008108111030238271,4.995037278434543,32.980448875553456,6.048110263531177,8.496156147567406,8580.032604540902,330.0281583230908,-0.058842612273991124,0.5469349032182164,0.8389800102097321,0.8738242561956742,1.0425317990284912,6.099776706757416,0.047434139741469955,0.2652454981627829,0.05071883907018815,0.6662644970565632,76.35064844433924
13,20.006218019881967,4.120127337448306,2.1114405850374087,3.0483860511212137,5.960174775283877,7.995975400190228,21.65916017780348,5.081291275805091,11387.986647501431,271.9732079433048,13.162174280783475,0.5781611440581063,3.8610057227815404,0.5487386042815773,1.0087103594562934,8.433689111330809,25.497810653962944,0.3772784197377717,0.01763544272787967,0.17033447501165372,52.539044322317274
14,20.002080330111088,7.3181137156083365,2.340965793875788,1.028398549249913,4.984964685891409,86.97382216420782,17.664373573833483,5.927874955935317,7242.936533157576,226.98510910611512,14.739465129945604,0.49324186075646603,0.6836592043803534,0.949833518279102,0.9928238136146794,2.921070375301264,2.887912746052015,0.35899622758341915,0.02186684809155888,0.28302692001724944,73.45883103386554
15,24.978347873399883,4.888243697038394,2.2810957150957294,4.028039641220099,8.022711680054583,6.983548096365665,7.038861916447789,7.273637311954611,13372.03837527332,301.01606912765396,4.3618148812599005,0.7983921170314129,3.121714600472215,0.66176102062958,0.9683112155987565,2.643831420539325,10.51437496323951,0.33629802236509426,-0.012206873469935615,0.6567819637962833,61.793007505020235
16,22.005304626164182,8.769467070727693,2.8172212579265206,2.011097768390132,1.0206982083068825,6.007986457804587,13.874372089997252,6.393359993762358,5862.022046908276,262.9379168222236,11.25625781901385,0.08927698472507967,-0.018813183238763118,1.1084269231122594,1.032133401096173,2.6001717197350267,5.318337499075719,0.45754100622364413,-0.03796423478547865,0.37218221691680764,78.82431267699242
17,20.983599597462383,4.66917789345422,3.7967040763069417,2.966480189732063,6.99399350000525,34.98495059963611,8.13102953911808,7.384429724906704,197.02608191525238,10.04249751470034,4.345404437925921,0.7395628292451741,3.303161545818255,0.5753707058350488,1.0246791860506939,3.714273332315196,11.241611790790557,0.6310729145162225,0.10349525984825983,0.6110919596581798,59.32263310964368
18,24.991850346690217,6.08880195262176,1.6944773939895224,2.9987552668626787,10.020502440206801,16.99267354879473,14.702187082405148,5.107412569670622,3587.947686490598,0.009101771255933434,8.977449964668232,0.997695168969656,1.878506803125692,0.7535929225798802,0.9755801216496093,5.6988443390195505,17.20524793627705,0.3091482823801768,0.2789159721386549,0.4132946865354883,69.67792672113127
19,25.050203562708955,4.419335554749359,1.3768342283658686,0.029114653788401404,9.931804833923595,1.956058799551473,13.780916763646234,5.485914693955896,0.04537367177541643,0.004590952583434505,8.892886403705774,0.951443570055749,3.5673183372761583,0.5388973725159324,0.9793956179895755,4.889085911912216,-0.00806253391178793,0.18960004151407545,0.04539096113312378,0.4887946324704751,61.85235568004209
20,20.04021383155371,9.02784737074033,1.6499680964105958,-0.03774793888101865,2.003114877050981,27.033988684944184,18.689814669470373,5.4627539716257605,-0.023198282553335933,-0.048915386329231716,15.045982906033737,0.18100958533058709,-0.026891209542202716,1.1324401661498733,1.0137076139252714,3.665052335264509,0.014085085733942179,0.27706082433032786,0.019735223971409963,0.24523806529981884,81.61481554395847
21,22.961012562892172,6.485104047935541,3.688734998797733,3.019096596206198,9.025820562641059,69.01530199779513,16.576027232451697,5.722989175070143,-0.015283168326606929,-0.03859827376199214,10.0607695914503,0.8526479991990936,1.528671755788537,0.8255982176676581,0.964736687579465,6.53892491032035,19.545702957177554,0.6512044368086686,-0.020598135540749685,0.3143675990476132,63.92874544057
22,22.024891972536377,6.965395227220457,2.920983927406871,1.069678276757883,0.975014101745364,107.02378716115511,9.292543931870783,6.84756989920115,6730.9789166850205,312.988042490071,7.009017643204698,0.09314983639919978,1.0004134829389262,0.9119469309805069,0.9812294072875183,2.2446354924154153,2.214912968380003,0.4588129773063033,-0.04651902043470754,0.6203945169916677,72.64196725170258
23,19.02434189663475,4.30803530913599,1.8437497783758419,2.031854499379692,9.974909843905111,43.03871275973851,12.824386845881428,8.020174250586235,16433.028408115457,263.02422289550884,9.300373709702319,1.020176490237038,3.738156449152167,0.538103702467881,0.968783030050821,3.604419312137545,7.266936819178815,0.31911597800626723,-0.024667418467523336,0.36427873943432665,58.733571256442005
24,24.965552101337423,7.675293950881224,3.4353996558906936,0.04242087406685962,5.944006555417095,19.975243613733628,5.740501221542139,8.590280580697238,14686.994606049424,280.93770151963406,1.424020558845106,0.5803656998308893,0.3156126208486324,0.9204031800839932,0.9697499797109694,4.2505053746748445,0.027130418245992896,0.502148920384082,0.006531347985402908,0.6515707799211315,76.0684751381474
25,21.024563329312645,4.984452420834164,3.6315663346787117,1.006550162513265,9.047696867844321,26.98924816550916,4.045184121875862,8.32277805859296,7833.014452230977,241.02365094402333,-0.011505798490385572,0.8879090110609628,3.048193956944428,0.6127773722061429,0.9783980651740689,4.088641745493553,4.115311743362279,0.626194911237354,-0.014130335239238618,0.7919484323072666,61.840117780518
26,23.046137957552375,8.53975828271311,3.5029230233089192,4.02903795846295,0.9783953806893531,102.94315496897254,10.593371482870035,5.734905334842887,10993.002277030686,164.98919906027675,2.5762984998655876,0.09175704122985417,0.02454204578876208,1.1091755534016956,1.0271801246351662,8.03962003595334,32.26391521009776,0.6072012243044261,0.030061670537051343,0.5738203980981972,72.0004173669312
27,22.96632365581267,5.024813462856973,3.7931917260158623,-0.021535596430621067,4.007231298335864,53.09421268730307,6.039940323837335,6.801317917114397,5150.997148739889,161.99329729581774,3.29249819795948,0.40422227481505735,3.022780224907401,0.5783026428858395,0.9473636055897889,2.795979599974072,0.0782983550197106,0.6327339997549192,-0.044675642200352396,0.7487541570994469,62.27781637441309
28,18.97247491536957,5.0047392293675435,1.8120000001684071,1.0238759143702367,4.018117511244501,52.99551244054048,15.528722505393986,5.761003767778946,4743.971596478088,194.00760778825074,9.905086912407114,0.41548248335906574,2.9963853630409294,0.6471744988120415,1.0130045283993692,5.628162261614829,5.686025505748898,0.2601815648935847,-0.0038627569222509967,0.4051137034182682,62.71592464055493
29,25.030529844005304,4.161842429966619,3.3686637198264084,1.019631644021823,9.045362038474243,64.03116183699744,13.27353438421103,6.076267781737456,3325.0543642176194,182.0080795171354,6.98091833856494,0.9242176628380611,3.890276197294899,0.5132828065924968,1.007738419984306,6.317463541784465,6.332012992098671,0.570006497741121,-0.023000656596918523,0.42719410192847834,56.36959555948377
30,21.00814485932477,6.40634189702412,2.3471028990328953,2.0086973352211297,4.995383066780431,98.96285516566994,7.015405221533635,7.008951179115399,9316.956098191145,362.9786271423019,5.628076395715173,0.5676655094880957,1.6033809465968356,0.7734960706880144,1.029050312922548,1.404414389065272,2.8304156251394277,0.39265006202957126,0.02973862681333739,0.6922632437493894,70.76614872886641
31,22.016544288257187,6.831879718723625,3.5234608216272236,2.039480222591555,4.983817106186647,20.02989165276929,13.909928256127714,5.308687808588743,14131.012367619222,362.01874730265405,7.427435577912673,0.5037048779300022,1.1407972989262238,0.8618683314733637,1.007711469613915,6.447089822481888,12.956815693671969,0.4999218633310035,0.016278329180716703,0.4416842028576011,67.74301239420957
32,18.010217676492015,4.288730990027034,3.172651480935383,3.983836454864578,6.005192029457117,106.0557277262995,9.646671634424042,5.846232377216757,4493.011299697763,235.9304180558031,7.092343381296932,0.6220737916193915,3.7080410061884193,0.5843285907686829,0.988634820260016,2.519342728289315,10.137142587819225,0.5566797078044856,-0.024930166810698855,0.6649481707237781,57.09096511679402
33,21.011720877627845,7.940533422699602,3.299402448111008,0.9943882745057901,1.0385224082962685,97.99819157752916,18.05296776713546,8.741837581310213,9135.034630688584,401.98648743340294,16.51233374241684,0.05237329756965176,0.07053123270287674,0.9977133253034952,0.975540708236804,1.6285417973886793,1.6236106091258946,0.5849084742842555,0.0256262916366733,0.17455865122624256,74.349440529293
34,18.960205836150667,6.338782358685546,2.9925635964276402,5.0028638612407486,0.9948948240579765,11.969673555102313,9.402498839126405,6.80904719272288,15103.041642700971,328.0046104528953,-0.006053913090048278,0.08862451043303399,1.7305106456480486,0.7796236736987628,1.0297123502172836,9.41553424125509,46.961982397621455,0.5401791735168316,-0.04868290355956421,0.5947987716237275,59.81424691372192
35,23.031419531198644,6.649911984964304,1.4871504522660672,0.969111670867318,8.971353927552478,55.995836107971634,3.9195476573975028,6.7218441948918075,5471.995878342018,256.9896515205436,-0.03695495823383298,0.8918874931961378,1.4217745027454285,0.7861185228118089,1.0149084425276589,3.9259405082633414,3.9027790105636844,0.21168991348654212,-0.05359484890076786,0.8359212640327391,73.73876610775658
36,22.035087699772834,6.209157293795941,2.599686046128418,2.0068079583140075,2.953777265750539,47.93319715425128,3.750143004512411,5.077890007515964,9753.015911829178,269.945192690881,-0.0011780534579086902,0.26948055333038684,1.7942545905020202,0.772034525166918,0.9852059302355135,3.7903582872398,7.540557381121131,0.3758295138916507,-0.02655510485397366,0.861632269972543,69.55690773584563
37,20.993118277677958,6.017621750994181,3.9659748656416665,4.948432087611384,3.963361078461843,116.99886339896935,6.788173420692799,5.936449224827909,5697.052946211314,183.02274082136282,3.0752391386530737,0.3839202180589739,1.973363209596705,0.7100355053913168,1.0272673517249997,3.7692296005363946,18.737732060246067,0.6543551123703254,-0.05948703135927073,0.7690264303908179,63.082126392833246
38,17.998695691505585,6.842425618649933,3.830875413083839,0.03140863603284627,1.0259317449221999,53.02462901417939,6.345709303761912,8.463153473966965,9631.998044696993,258.96254836563617,4.487242109637566,0.09677545847033117,1.2043927718016243,0.8407022733573931,0.9866236535438165,1.9217919578166422,-0.044427531171757934,0.6488692691730331,-0.0033769019961146984,0.6057852309758054,70.85097238619501
39,17.95406677492333,4.813421818112069,1.0461756946640421,0.0013991209969789723,8.990381265710795,8.998927270668794,10.302937987929067,5.690338863439187,5134.968006995748,317.99797457977417,3.110477208252294,0.8848600987750558,3.1807629857642885,0.5981082705482519,0.9999717440351801,7.1757497818949085,-0.028621887664036418,0.15504961148709887,-0.002423641531934225,0.5980443195971441,65.10480326308017
40,20.015427642680535,4.884962976766294,1.5161929353848502,2.984373212882887,7.981774372702379,51.99147581335933,9.672753600376119,6.682400545682841,1731.988465956619,91.00459103791204,4.7905500545253545,0.8780550256351449,3.1236341197835147,0.5416837552786858,0.9818654887436611,4.967526776877821,14.833829548339365,0.20226896756390578,0.33775155592354944,0.5460811960862828,67.07260765091175
41,20.017161723251423,8.286543714904164,1.3902039244239628,1.9749687916311462,1.9785209833044817,43.01582704348336,19.182670488840813,5.040062435361542,12691.960860620042,380.00059481461295,17.148833023032875,0.2153682602473319,0.016680471427741376,1.0791496661376367,1.016015257132007,2.0806209746665996,4.17049287378672,0.2550704208346835,0.01616747080728148,0.2653949622761912,78.93259441851508
42,23.99813426949002,8.70715664861321,3.1648722531857767,2.992962629111424,8.002551375806005,46.01812074540849,12.72525008294173,6.862344905907755,5652.01115450433,174.0350703277759,7.213921582940682,0.8600306821657802,0.08807899777480308,1.0503443558063867,0.9701742594943036,5.4318676312479734,16.331460139605294,0.5229771280787884,-0.021701751581442087,0.48610221630642314,75.71887642254015
43,19.033730600796115,5.861283157341614,3.506071501117961,5.020647791323173,6.992816347187032,51.95020283312484,12.572499839248938,5.095284845849666,4978.031933686244,152.99840212320018,11.241248751155998,0.7447795353650201,2.086646563840472,0.7319212239648792,0.9910423393580154,1.3359644078888588,6.563657383123718,0.6020110102614153,-0.002804079940446645,0.5297962888572987,65.42476921106727
44,24.989977683070602,5.395702232539074,1.5532914673988059,2.016432169362127,5.991806035688422,73.00266468886836,1.8955281078332735,8.320267703485804,5453.996368755238,215.0128236621409,-0.06788429888072377,0.5808226159964884,2.59089723114546,0.6910149973743756,0.9803633865024666,1.866668350671863,3.74687013656872,0.2671405674514342,-0.023916952917110202,0.8365357786522737,67.68096484461303
45,21.016938177776808,7.232896413546908,2.501191414651589,3.9788338615816463,1.0404797178343221,45.07307955372688,12.96610474051867,8.280132857640032,12684.951371198516,257.99832287900546,9.583235763754386,0.10112681402259435,0.7953567297818966,0.9392564915453754,1.0079113588498605,3.2882234418681784,13.311464464222185,0.41168351084194976,-0.0366112802781215,0.36117479466654046,70.9686798525678
46,20.96941006983924,5.9342623844650415,3.4573136927656534,0.974618809821171,7.046140488455849,11.95994951263056,10.509639042452063,8.125900614247787,2547.0306495250516,150.018388682525,3.5000330716941686,0.6869552613677626,1.9966704339718675,0.7262354098088151,1.011654637547231,6.899909596257634,6.963483403229739,0.5814092538713005,-0.018352690763930406,0.4775971963725341,65.16017924774108
47,24.999293435473774,4.1460344630538355,3.213838162529535,4.0197069611895895,9.95169934981273,35.99743743501501,10.857535440048201,6.11425294111393,11403.946711031153,293.0418048589114,6.964398323319751,0.9951453172214101,3.9308123681388447,0.43722444217081313,0.9668751721872497,3.869828519368143,15.25742592628601,0.5225799721658374,0.017880519913335495,0.5345111861095032,54.7921047511886
48,23.994769372262915,4.833671226561095,2.572269279991089,4.978329577861549,7.0098277819342885,101.05825238366155,8.626127600358595,8.367148261324212,6082.953621356663,221.00412625488417,3.010563870741377,0.6707069899243381,3.1917096306481363,0.6323599114803385,1.0121929416647424,5.651034103890173,28.371792880411807,0.41957706066601974,-0.052692546913859176,0.5915004702750408,56.63978130589193
49,23.006759237661228,7.586207061525085,2.7864701794891205,2.0017972932223853,8.976694137041358,23.03312525469631,6.2609170267013505,7.206855528192447,9216.994649848375,257.0234555107275,0.3875438765293794,0.8867539401248934,0.4591714514843052,0.9125151534072137,0.9556982984892689,5.899805352569934,11.782878980610635,0.4336282331001583,-0.01019067037401201,0.7129858617647569,74.38694118761576
50,22.988914192135,7.316301724836154,2.508818481638295,5.0037126392757285,0.9925524665841672,0.9845980995767182,17.261891230471264,6.462811795658585,3121.00755355737,62.04365986804647,14.635284849676,0.11078556644599716,0.7174682532917712,0.9232832973075118,1.0657591951431689,2.7005324374186133,13.339765855064108,0.43116715006862394,0.7071243802541518,0.2491610873401072,81.12193837443168
51,23.99605582212985,4.1000944318071895,1.876823736644733,1.009361863951802,2.009278351553801,85.00618406138868,10.992900865413162,7.45505154572026,3090.0126674249627,145.04071552740922,1.1728675579341563,0.20999366170826614,3.8854279185603597,0.5251476910040693,0.984655807921597,9.690004410881121,9.714532738747218,0.3540927810461363,0.0321513141153833,0.48514518430037423,57.75917313073724
52,23.024781415143245,5.13689971105316,2.698261080009951,0.02574811290545615,8.993618402492073,79.99993664960046,4.612919309718245,5.1201998896579735,12404.998015813439,273.98844131789167,-0.030096240595909565,0.907602109956488,2.8777626294505803,0.5399391170198523,1.0314778199490682,4.675942300071864,-0.030553055800900817,0.4349856207717774,-0.020460770441094792,0.9328933774178689,65.22260591867817
53,19.986897072882854,5.229480494283099,3.0545850849626546,-0.03788888810601968,9.006913796418829,98.97755784587035,12.255883825814117,5.564680316363299,6307.052801312954,247.03109297067235,2.7989452174570504,0.8982097552534932,2.8312261658022537,0.6015548968536668,1.006034991776975,9.510149779039166,0.01662033936469194,0.5726496553936647,0.06639671662257914,0.5148312727391449,63.365519627289146
54,20.95180268697784,7.35799787830451,3.618926268107885,4.942665220242185,6.020189106180958,12.997772436775207,16.10761926542522,7.977586783870709,0.0019550502324960552,0.007463134801415784,7.104185260539951,0.6258222727571082,0.6008556045566039,0.911175663798486,1.0072538650305751,9.116861062481075,45.20820138309174,0.611297339316872,-0.03154825855095567,0.288588538401734,63.100985275023646
55,24.052487517126163,4.117617872403925,2.952947414166523,2.9829765815631495,6.008837304016209,8.991601016015805,8.253742915886322,5.959242074781471,9601.031040043052,318.033516899932,1.8497627305479631,0.5922887092176439,3.900271801612703,0.4349761624318229,0.9650177822246123,6.367676360764264,19.117571774934746,0.4910785706633135,-0.006854104377066151,0.6397865766138088,55.041435614741644
56,21.041443622360713,4.493831164390703,3.3837662660372985,2.0540458522349656,3.9805949108749714,34.003382468142306,4.663919269133154,7.404698869283581,7626.023608636923,236.0170590375069,0.02013575975181599,0.4417465701928485,3.4820455932072765,0.5223584617122776,1.025303225772449,4.699638893215223,9.328340311511713,0.5696505454558409,-0.035108631182225326,0.7604579056769157,58.78514786321017
57,24.961232119146832,8.002484977115543,1.5027350443999932,2.0606652230026214,3.9811240117908904,23.977548504579268,20.66673746931499,6.568801826241046,6046.961213788034,240.00827004228108,18.894909930608865,0.34457207328947315,-0.0018433704276152275,1.0036863568038,1.001459413957432,1.7845410022766297,3.6006378930290106,0.2792532373008331,0.01299257670496285,0.0975150058285006,77.4434898291575
58,18.020691234157354,4.878154842970906,2.4236461242239153,0.054935314066976625,4.956808841101459,1.96170145399266,5.631497145199438,8.428993885147188,14726.994908085382,333.0130191624104,2.926303677345881,0.5197043307192727,3.0808313544759165,0.609845490437262,1.0141041906605317,2.763307252931723,0.047210705148654226,0.38636278223899084,0.08403662175271165,0.6460240178864354,63.81968575906729
59,19.98491075688346,7.352444112073625,0.9465812298127754,3.9942105589671795,2.9743823910743785,109.99876157679823,4.76852861995254,8.862225742310434,7875.063699615398,196.00765713868117,3.2881853471946476,0.31465113336742073,0.7408513436867801,0.9215796329193281,0.9972785703146465,1.4459937472021382,5.610987040491502,0.18331137160511696,0.05531223090499859,0.7088122615388361,77.13478915161319
60,22.007904616459932,5.231201854597077,1.7450820297891676,0.9465365475404551,1.058862050856956,101.05145354654536,12.34667035769404,8.520197662301767,13480.984869474381,279.0088299913541,8.433470571140601,0.0797630032824535,2.821511804567662,0.6634766293618656,1.0039012918874988,3.8859936026412827,3.9042266504757883,0.3147323738063167,0.025391813025994556,0.3547988736280536,64.29864639528202
61,20.008826723870406,4.477806865080811,3.2232868551417235,3.9297088269504448,0.9762398927771426,16.002466087787884,1.3384816913380964,6.0721135258089385,9201.97976138427,404.99523502918254,-0.0063801857006855305,0.08934306919434169,3.494756934820977,0.5120451129906116,0.9733848521730469,1.3694387038807574,5.453536611796326,0.5219520162240165,-0.018224713046700532,0.9046555400266022,60.79812596851069
62,23.99296776599051,5.159961681792693,3.985481996651463,3.9815788551535176,6.964198635626685,10.990052186632054,5.47594609978773,5.786942190538323,2276.0051172674443,67.99244826978178,2.1191370134890684,0.713943728173271,2.794315957508418,0.6114545520976209,0.9954132676950783,3.436276356972386,13.78738820136981,0.6668088316163444,0.5705453439718424,0.80139015239162,69.10937010273616
63,21.97648703003241,7.588429821070664,1.3371154240086702,4.9940577910955195,1.0095978358553432,53.02262257415116,5.7450977830780605,6.913948849365183,14018.985944402122,519.0528952478812,0.019576070890565848,0.1274780574144625,0.4027652250471769,0.9728409856853615,0.9874033237504196,5.791055032400846,28.821413174814104,0.193648931905773,0.03348139158603423,0.708271023626821,73.64784151133496
64,17.979283768430513,8.31303507938274,2.19236571770064,0.03901876203167876,0.9966890572212442,114.99525041162214,6.305427320256751,5.036838417861879,3076.976188862615,172.01432583733333,2.0829214074557347,0.04751610495006681,-0.0001662071661639864,1.0832299072300804,0.9788328640673165,4.250242537284574,0.004824082290821349,0.3518752194473529,0.02248518807723109,0.7695166507360699,81.19422727382427
65,23.972514242535564,8.207206175318387,3.386259244509563,0.02603416378627337,2.9941322028945234,23.056040987748773,18.838854912391007,5.061467549191347,15354.985501498171,302.98280085233307,15.325024069108514,0.31884738202962765,-0.02870808537927503,0.9959777585341335,1.0040357721908475,3.516196642212795,0.006799115797024248,0.556175939299251,0.002487521692535901,0.1984665360849996,76.22585507148257
66,18.975045333753087,6.037593984743047,1.6142600477628248,0.006822152369748618,10.042271378992362,27.99988262472115,17.463043508572923,7.219375454985867,7379.042960290141,318.9916774770571,11.495156686063407,0.9862704644332733,1.9429767761484507,0.7577671678229088,1.0109016086745555,5.880941316872175,0.04334488532568552,0.2395407624447094,0.004257372265605057,0.18483775274140263,68.48008340860561
67,20.99798465129852,7.323697591665425,2.668099365005091,4.973304656871766,4.016473800266751,42.021014911894746,12.296991174003528,7.068774792455897,15107.995901439255,252.03168775360345,10.022466247324216,0.4337586932289566,0.6760689800067693,0.9367124867994169,1.0075231602918955,2.2951009070758577,11.337131278960184,0.448111577420432,0.03167102461188963,0.4507870172779543,71.98033160966195
68,17.978527200326678,5.029087070772587,3.2306487429319986,2.9711766132526534,3.9841002120488955,23.977361868528202,16.435577863325236,8.962570689577761,745.9601577490174,12.977914398697342,8.317235410339528,0.3448217435855147,2.9961444752800492,0.6321266685156786,0.996932176154906,8.249272456604773,24.666734360896516,0.5432582022883337,0.19405974149763985,0.18299268328284823,57.95212583039507
69,21.020461561971377,5.509805662018313,2.7683203056421943,4.007623830612143,1.9872657224722465,99.0150926776001,13.270720145216771,5.810974461642597,16357.954647603858,365.95553916954566,11.546367202666762,0.2733589689536362,2.4778650040684753,0.6800370108373706,1.0123332716509077,1.596781113826146,6.611184210360554,0.47950517437981766,-0.04502213645156334,0.4818586000480098,63.7668520762599
70,23.04461738466008,8.45832103809367,1.5684983563053045,5.020911529365192,0.9849224045828294,59.00825280430831,3.367048583467742,6.001154319380124,8360.06620414796,399.95774652578194,-0.008622270294771228,0.07341580200957709,0.02458014091186709,1.0432805001665302,1.0072649263594533,3.36668651488458,16.75213111469569,0.2424125280266243,0.0068108915935047466,0.8325916864816325,79.79373794265842
71,18.9825984027589,4.094129044065593,2.07270930634775,2.0117564378673674,3.026242188647408,88.99830481626023,4.64734992855823,5.415938260283803,12311.993299968917,279.94813073199384,-0.003160143683745788,0.34289883560369033,3.893125405922978,0.5720580761429662,1.0029258161348493,4.739394456766228,9.391726224444131,0.3318103419593242,0.017345196879396948,0.8225181456488663,59.23261779720838
72,19.007182135016063,4.431802692197261,3.4227850011254835,0.9689620612118004,3.9907555711164058,100.98494726716491,8.710878361544632,8.591535931199884,1329.013037355029,48.961035554252064,6.00781572506734,0.397924461408015,3.6562072072508585,0.5528862712458092,1.0049845305990688,2.7961094147909664,2.7852198508174157,0.5921941807050782,0.4754311466523949,0.5247278876857786,65.76671886904242
73,18.014990553309087,4.99845431214426,2.681496739154409,3.0195200288637625,2.9462053949263756,63.98085909503043,3.9867894785869544,8.162417119855297,474.9768586832098,41.96457402180597,2.9934802161125447,0.2754399978839961,2.9831551722531255,0.6366682609365182,1.0354900896930381,1.0782043467920885,3.176317512573629,0.4317381859870001,0.41805812178214663,0.740126148124376,69.27702967688657
74,19.014160068127577,4.115092711058712,0.9595601264689849,2.0127773290130424,7.99855040963797,83.00847057991939,5.554890392332115,8.30667193957309,4363.009629579078,201.04155712138825,0.01148646367786694,0.8079534201614423,3.9042215039610473,0.5222296024224073,0.9638477931579205,5.578362683806047,11.044556167398548,0.19139240743782823,-0.008655622080697426,0.691675249107244,59.9605819692529
75,22.002278658037483,4.890437550542616,3.281829600001926,3.9678800078142946,9.953889219966163,118.0188681732909,12.968330994361393,8.60649707636081,11193.043779889547,299.9986146236202,5.692537660097912,1.030873763348691,3.0913341473149063,0.5881274477899757,0.9904421149054632,7.368363905909797,29.430323021772278,0.5280260684019894,0.03920370246995889,0.3174267149598721,54.79571972108359
76,19.02228047255079,6.869105644543745,1.0990387288795855,-0.02352962910900767,1.065526918052647,26.996185116111175,17.762640468376386,7.0799833028934005,6505.980432104488,264.9891020938259,10.224048461937654,0.05341885597765713,1.1131933417320443,0.8640246306994293,1.0101452382586862,7.585491436665148,0.016600067198849277,0.19464321408703966,-0.011050270526504901,0.2287022178128121,73.77895201578953
77,21.01446746858042,6.0962996780786165,3.1645708254900686,4.020654879236847,1.971029962584583,15.008618037873624,11.177194230347773,6.7137190315386075,15929.013757603398,287.95669760810944,3.272109594390374,0.2210476654786103,1.9319725338699116,0.7528327193636569,0.9525179229255201,7.941813715094409,31.767053265536394,0.5559038835952659,0.007781240126788927,0.5341731898023073,61.20654149242341
78,20.96287012733018,8.50927142329098,1.5654495667289698,4.992964773945623,6.995144057039268,45.99886255965602,6.513992242819667,6.298144133713356,1509.9578276117234,95.99570620807586,4.883445201377994,0.6996346450402873,0.01824842876781289,1.0522955722649334,1.0414775344997822,1.6648368210587112,8.34540827398929,0.18717607813353987,0.3014928534829107,0.6894666663257886,85.20723173169088
79,24.02607468193168,8.080329368416157,3.9633388900229876,1.0476744190490936,4.007746082041034,80.00295578074716,12.860804874618138,7.3814759901149225,7018.060685983551,354.9478801581231,8.6504174365917,0.41731132247699004,-0.06092388808398175,1.0220087742305628,1.0076445362717343,4.206345314072588,4.233670670423681,0.6760540089598684,0.04987880102372959,0.420353403673959,74.98001834320945
80,21.026618725118002,5.6929286626543005,2.0741830378855837,5.015033878281938,7.991340255179623,102.99398665051969,7.964585045390071,6.848265229107817,18213.008056077906,481.9889174848614,5.944508832530526,0.8003292607201694,2.3149958483141857,0.6850307108029399,1.0287070529327123,2.048012209134194,10.233023975118728,0.3891221341879385,0.022229911002883174,0.6432213254341854,66.11659355160003
81,23.977101416874643,5.27181610274042,1.9903087289368098,2.985401064354322,2.991299087956014,91.00053917738104,20.012034314157,6.829268759808099,18192.98761618467,286.0619348316953,11.276617769882503,0.28284393483736037,2.669673655731569,0.6263563473758875,1.0335928563566465,8.824536537933627,26.26416842778734,0.32406589961455423,-0.013729359025105942,0.1497469400997902,58.52456357012075
82,21.001138135063428,5.933577347526923,1.3889828899760213,2.999693831988272,6.012654818584826,57.08094121370452,6.262839914974554,8.754751758672574,1867.9910637763014,96.01991410736119,-0.03692389818769281,0.5666063024588436,2.0907069246475114,0.7525817518121627,1.0123735878673197,6.262925152758263,18.908344344065167,0.2437054851678361,0.3085823615996696,0.6233780675453521,71.26275167176424
83,22.02049986978433,6.991166327272359,1.8873592957668868,1.0019015017791315,9.045786478763889,75.00934902896422,4.8863413307229635,8.979116224377941,3587.9846988547647,-0.006293944810635919,0.9433826531866147,0.9201793533614108,1.02067987560512,0.8590516822211399,0.9330221888366785,3.9965884114113837,3.963565636050266,0.29149299443248705,0.21596492279579685,0.7146321035060318,77.73896100341304
84,24.993720585412618,5.343582666353785,3.6186404021990732,1.9781482906027488,1.023025272454519,26.01935890875293,7.186105345242403,8.180143883337344,2275.9862328450763,68.02094370816219,5.568872538737623,0.12001815976596505,2.666407172747549,0.6521495283916979,1.0044308266519062,1.581653804897686,3.14578227902389,0.6109044160851168,0.576138255943508,0.6737252912418125,71.55336656080459
85,24.032189341432982,7.145862435516227,4.028444288514161,1.9726223540546712,1.0443554163572062,117.01314070815984,1.6744052433347938,8.06255566748403,10734.92657514573,256.9843537046562,0.0026388467585382663,0.11986816743072425,0.9346784402245518,0.8296361034197001,1.0063566074058579,1.734244833069867,3.361976726734215,0.7404981600850902,-0.02833653266634803,0.8637525300322934,72.39782950805977
86,20.07091617483858,5.997568621058348,2.0908213670540525,3.021041696814285,7.9686014267571945,51.992115495301086,4.645653202412622,7.708462526688393,8953.997061028038,323.9759796677136,0.7038677092771628,0.8128278895832173,1.989398423013463,0.778892483465299,0.9673939973328579,3.9765366975472087,11.77132753809958,0.28409792719248605,-0.002439947069653183,0.744417364825872,67.8087072006678
87,22.97642041902095,6.769746538023579,2.2629056514022294,3.025358198911263,3.0095208789976606,41.03881967639875,2.9947577236059697,5.633565760733667,4925.995803639582,195.051123888886,0.033964010773709245,0.3283409661551841,1.2651281211875436,0.8657204863574708,0.9463097962974155,3.0122716748933933,9.126872818081864,0.36831198752906663,0.041042242061351306,0.887913376843507,72.68225881218392
88,17.958568661905385,6.137423063668,3.238233206835467,0.01811344408658876,5.004657381561748,57.99126508688721,2.3777418163873056,5.209828610587325,0.014659846117814313,-0.03426823961760821,-0.026360042855149275,0.5421820783930893,1.8020603347738127,0.7962420635593549,1.0138500790840406,2.382773536442811,0.022055061421697143,0.5572359642988678,0.03970950193124604,0.8922604989561039,70.30437659982532
89,21.009114557868145,5.455838887809196,3.6971397672640998,2.045459542829714,1.010532738750302,46.031651636468276,5.19268263642085,7.728065107364811,20668.984305687605,297.9893763629297,-0.05193947807433038,0.043707464577804465,2.551160282279553,0.6991197686119324,0.962524289883462,5.154412412125101,10.367036932585831,0.6545141654913172,-0.04694551912762863,0.6684275897129629,62.81229955164428
90,19.021646875153785,8.65878495525304,2.851909654445715,0.983746802919652,5.041286959119067,92.989973790058,7.917618143675359,7.939772040864074,14460.976868910575,273.0091809984709,2.5493471589511096,0.42974607668392734,0.03593037673600528,1.042021291389292,1.0618425162690035,5.235408344827223,5.262909665032375,0.42519399560032356,-0.05169585691773259,0.5587143713920565,79.4178216326342
91,24.993074008784657,7.841354088823845,2.132632423073045,2.050228122982134,5.9933763255062384,103.97120082442568,21.82071351806829,5.167717632867088,6798.999766751666,278.9719129738273,19.833476827944324,0.6515384207963894,0.18166684753836523,0.9818699689403745,1.0078941184543946,2.0643947588431875,4.134822573568795,0.3475209446896735,-0.017793946675187206,0.1300555101123903,75.12695673079067
92,21.04359781989963,4.7034747376168085,2.2058620966384996,-0.027027633556624582,7.987834899003377,33.01096188624709,12.213966766141318,8.679009134648952,10146.951628956458,335.01951814860894,4.77171019469356,0.7597686045624443,3.2609492781709943,0.5692259949296515,1.0405453515251473,7.429615020582066,0.011083393428647687,0.3492571300135191,-0.05337314034274896,0.37213477102196424,61.75417888924823
93,18.9598418260083,8.311688135722761,3.157558190016286,4.969619433098945,3.0160194239225597,35.966859949316934,10.022368417944305,5.381412056589841,9261.004302695626,354.99080216426074,2.174869894913544,0.2674127013963114,0.003408820837126379,1.008614286842994,1.0009349019810334,7.821523828306752,39.24253586815831,0.49707679272235505,-0.03790162616024866,0.6553968284827518,70.86515283269799
94,23.020787558690948,6.3333873697319465,0.9894020759368553,2.9472012335355227,2.9466539181730247,5.016069206750498,15.60151699540282,6.149839111714167,3760.944145422214,200.019917309827,9.55966159677709,0.29137157064375224,1.5825207064443343,0.8150014472433716,1.0225461648392884,6.030171033296341,18.156256287833855,0.16318142898336713,0.010536267440014237,0.2681777269755011,68.39079829761022
95,22.981824175377234,8.464061007123481,2.893235197299961,2.9866261405851957,9.992894438526335,5.96417524031726,15.345485659609825,7.718877759485374,5164.033624559465,237.0175795253925,7.406022702051549,0.9503808526386069,0.047391563402610186,1.1122552675025803,1.0015979179368915,7.914986910275648,23.83214055795185,0.440472604432768,-0.0011364908440103653,0.292471819966396,73.40510036377471
96,23.051581337186217,8.026612393293389,2.10886535074771,-0.01511167010488361,8.995974069321436,94.99042975908581,1.7939980198801906,5.695377985338184,11548.02052809867,287.9927096360812,-0.006922971153498309,0.8885523990807709,-0.007405775150178686,1.0448001825686903,1.0301671879112702,1.8347787347809859,-0.03827272710248539,0.34236423806030336,-0.05162815203057008,0.9505016846593213,81.21805510290552
97,19.059775460595045,6.108603223371477,3.3832361254334513,1.0157781184076395,3.9723892415107924,94.95704810910426,3.274615429806499,5.19740665259408,6374.972214423708,331.0513197601777,0.08293045548351408,0.3715568396763201,1.8909878812444372,0.7811643505553184,0.9388500429539396,3.26808694974986,3.20919240208888,0.5385821997607954,0.03510098904041161,0.9231805102887025,68.62911900784076
98,20.9770003023665,4.0955838416394315,1.2906378420384181,3.0073167282486137,4.0317117703406975,116.08472501028209,4.154337842865049,6.3222830724940575,9685.0198341404,352.980039925897,0.05694351047455514,0.3929997739090898,3.85812304617789,0.5115931552162241,1.0266444353166826,4.162760956344685,12.545699976644658,0.2146010196244787,-0.012658829669089289,0.8172163685155006,59.85843763383532
99,22.983513285922744,5.316945270758003,2.7898655471742577,3.9642107988694257,6.968132790479702,23.95038121321151,13.506582932488644,8.063753989723091,4503.003345426728,146.04046611411647,12.231771553890974,0.708395239147213,2.712576510392393,0.6560337303724326,1.0200629248280264,1.203515749761763,4.911147349083938,0.4455127673565799,0.049222499322709244,0.36386052472191727,63.57474276050652
100,22.025787636609394,6.749073934184074,2.3811773779672087,2.9882182128472254,1.995923808549086,32.00029441221189,21.689709064908932,6.62242524024578,2717.9697296930676,47.035247997278844,19.72541311938741,0.18969385323711307,1.2647733315415948,0.8103648924067032,0.9953754502575094,1.9229012207895264,5.925546384082736,0.39492889849822327,0.5920383411525701,0.07361429009483691,77.03903126258076
101,23.988386080506313,7.1933687260938886,2.9368656965060165,3.9888561393673694,8.00879471675969,54.034299128229904,20.309443786111405,7.57686125077718,2523.9393137152833,168.05312646622983,19.131107113343646,0.7881785814380856,0.8132731073864212,0.8919080044887997,0.9877250834600562,1.331808683000902,5.105423714714674,0.45224021236605133,0.012326378435137697,0.09944256864808523,70.59063110132072
102,18.998637663462034,5.302081094079742,1.213832340968893,-0.05327946740885678,6.040603546844284,57.03109157725761,15.468370671124914,7.299578351726469,5002.009493070503,244.0052216811803,8.679940769786118,0.6077398739037494,2.7174027517949404,0.6897557187876443,0.9910269324847069,6.71903187073958,0.037866726360063975,0.22858101842878198,-0.001272622554777985,0.30108820637409983,65.98898466691584
103,19.000761652616273,4.70577790756194,2.707518846963099,-0.029428401810401083,2.999683306953574,6.025540263665194,21.639158840227214,5.151097470700162,6221.976171544586,289.97634242864217,17.83914546387551,0.3313287539384984,3.277509746640769,0.6421941739607482,1.00848300905146,3.91051860301543,0.010502376516469744,0.44023210164863075,-0.014837639625982762,0.1984853560726274,59.67195727149808
104,20.94240980531407,8.27176328905822,2.724257130206704,2.976875591081577,9.028084607823846,114.99048314835336,21.642062501702906,8.937617677173353,13541.03284908709,399.0623038975599,16.06353724710884,0.94808893040765,0.02869739793053139,1.0005055607910787,1.036421180939679,5.600319962209353,16.726023133523388,0.45041483259212767,0.01708862357349305,0.017335335851023047,72.76817558443271
105,18.999584867617173,8.83701931206743,2.6920693250038963,2.0430087505946286,5.021017861918314,56.04053266839011,2.695323969689402,5.206986003741601,22244.000421012017,405.98995895596073,-7.013693443722589e-05,0.49344385237993355,-0.008246263178737149,1.0526495954598492,0.9839743237666746,2.804877584990527,5.508573751490719,0.44562541712847414,-0.012984376079833066,0.9259216841530242,81.78493442016956
106,18.979308166778075,6.620496690443664,2.776773885449413,4.0057435214787205,8.003703726685075,11.027401732724066,7.137361996241128,8.855940184715605,12108.979012519105,323.9755937228188,3.8742085860442095,0.8547466745576972,1.3558626891228738,0.8090737801166308,0.9489469872652357,3.273434680725298,12.922269231190166,0.46688363322596865,-0.006851032191779331,0.5595229320169307,68.60355390475641
107,22.985206315328007,4.896555932537228,2.9819212708615632,1.019865062618425,6.9673145977517965,15.006368988529815,15.521463938276725,7.2266651645862,7566.053935161993,267.99430639762284,10.831451764969609,0.7263012050428374,3.1463586202094103,0.6396186233861341,1.074537429527352,4.698201792051277,4.7046401772416395,0.5000657771668093,-0.03529487176757882,0.29348122011708433,60.07822475412596
108,21.043308960104063,5.417003151785526,3.4000534912331384,2.9550409350855236,7.956962574172869,79.0072174227318,19.180279074713916,8.877074749666734,18229.01729339478,453.9705492785153,11.380929250370794,0.7630397463808047,2.57229588277777,0.7371683187197722,1.0201472369354108,7.7820305201456375,23.444485556611784,0.5908208174855462,0.034276810028159056,0.1261369438338113,56.9855408591968
109,22.962304793171622,4.080278823380158,1.768223648748813,1.0358264344904198,7.003195162042576,41.99088232057154,11.243662812045287,5.488577715238561,15565.890347404547,440.0157844647537,8.24389618430047,0.6621637523315897,3.9152121162379947,0.5518012361997041,0.9882636515787404,3.0298782919627087,3.06864186788152,0.2914179930239951,0.046577872436992664,0.47878405687933673,59.69300138101571
110,24.02439615560244,8.598531049074246,3.4849921695023998,3.0390330618907226,2.9837190937829217,115.97271043922501,21.90479259206144,6.9716348202602685,2816.9854082469365,89.98182994854724,20.153501860267827,0.2826813644819199,0.012773834221417325,1.1135585563713513,1.0356654015699114,1.7264087189687145,5.08404185566293,0.5617395272636023,0.43241929664275475,0.04962063583947261,81.61607261609971
111,24.991631112090047,4.621342317383965,2.4845165007438568,1.9400496509856613,2.027577832750439,99.03711452926436,2.272624415765592,5.721320997363434,14334.95847733024,345.99137547490284,0.0017839778212642868,0.2433381195007918,3.411675540217731,0.5495131893897578,1.028010817054453,2.2979510214712198,4.570489062929372,0.41791812534829564,-0.01458444925143272,0.9171689803110203,62.42638430034962
112,23.991607194945125,6.993387306031315,1.2637366868948703,1.9788404982825245,7.022375695542958,76.03936623980805,13.31468526219649,5.211350619080582,8700.976006061868,253.02903336584995,10.772524795305403,0.6849589805330338,1.1111558574779037,0.8378583187935298,1.014768471210097,2.4694866165095446,4.93446601902194,0.18161287364881246,0.028063492308614896,0.4945858778503791,73.9303002600658
113,25.02371115688155,5.424241085682063,1.1167855518019825,2.0148729671904655,2.9944616701668885,5.973476725769102,13.556469883624583,7.5214058918802085,2099.9956580280323,96.01871079630529,4.11808961772662,0.2432292952648118,2.5708943709031997,0.6352857108820138,0.9856884492401652,9.39171757623162,18.771488021483737,0.19775259264650058,0.3489095277780876,0.3821231290639433,68.03413486834027
114,23.010201538837066,6.774558032059084,1.994611408357831,5.019331653606145,2.9652686122817618,98.99538644504561,13.813070493357737,5.781402405904347,14990.010621455258,232.0004675371771,5.501736025171469,0.2931334737333687,1.2507404880450819,0.8300356079162371,1.02001967556953,8.283762647711528,41.35245875935172,0.30177251525652965,-0.013313086891735465,0.4775576649915724,64.424208075379
115,24.017118389916586,7.287287209539318,3.451770813784443,1.9796451580853833,2.0153220664882183,109.99569730350623,20.577228967962157,7.360448587430004,16674.007840972263,292.0051262058624,13.818419888936077,0.1405828409731878,0.7286874745060193,0.9399229335023349,1.0326867647107814,6.6864780821447685,13.412027022928815,0.5981601408379543,0.034534301161821296,0.09086285103703835,68.56998105446903
116,21.029045539815986,8.086397576748483,3.1036553339239736,-0.009164983891609586,3.9694615166159455,49.99902032288779,8.60959469187842,5.45849970777607,10725.032336192296,328.00036766291896,0.043971792389683045,0.3683504305918939,0.014251701937512,1.0612346156080477,0.9483978180312747,8.630381074130467,0.0069664330926215495,0.4932506839211799,-0.012733705680161819,0.6626600864670352,78.48133173421947
117,17.9900607485045,4.946130704821099,3.422602524202633,-0.017921431831354286,7.977246082312074,72.00192884635763,6.656165418714081,6.3019044046258355,10677.019097951325,205.9870653480075,-0.0012177550878569472,0.7823891478112225,2.960010712934531,0.6353655181384859,1.0067348494591633,6.604054394580931,0.012053135173708514,0.6026487759529262,-0.038583820188580566,0.7393870560139195,62.86464350014281
118,22.98163289796477,4.090097294248957,2.602994789452993,5.003312541408383,0.9706175278535454,31.028405843849384,7.827337868491134,8.147387526652913,3335.0172424078737,196.99992420017458,5.159641677053024,0.10449006732774074,3.8706489637303374,0.5048463711997024,1.008945271083324,2.6818476079158513,13.37247089070323,0.431499561565322,-0.0019737572444202063,0.6322349342427865,56.42020763621337
119,24.967445484203267,4.7219848724546525,2.279979998563505,4.035915355943858,0.9958449693418014,73.9775834807454,19.074296427104965,6.705297519732701,0.006044769693998231,0.01472524876478831,10.0455754157499,0.13072486979820636,3.319723698800675,0.5554982554697974,1.0079822998428662,9.054552704608932,36.1664072383932,0.4090179289956026,0.0325303209098465,0.19393874165737185,53.240557091745664
120,21.97523768410063,8.461773036427696,1.3327425219647324,0.9768687352857639,5.035105770022117,6.97460959025462,9.878794442250639,7.49037447022719,10319.038603965582,328.9962151361306,4.004102378245554,0.520824078301153,-0.060110523350904506,1.0591245453196012,1.0013855084954852,5.8523112750353885,5.8710367306755185,0.2103139743627135,0.0030830511044532324,0.5574296458684472,80.7380651135072
121,25.088472832759262,8.431454479531519,2.0061636706110892,3.0300246149330525,4.999848773893294,96.03709859226429,10.047915980627087,7.530027365613066,6348.990511703704,186.0125930289069,1.75127434401587,0.4646202560465754,0.010161115798211119,1.0560937898295166,1.035582192260617,8.212425960726666,24.83695635013893,0.2743279806873085,-0.035179040367982556,0.5088945396974742,75.45652325687882
122,22.037340387422102,7.01463324463253,2.2767318018619283,2.9765498378295936,0.9867034392271691,85.98612065774356,3.7481596087401847,8.426758795508885,10689.991290901939,291.9748999366473,-0.023804192072958034,0.08884863213503043,0.9600646960784314,0.8311078378168041,0.9936604920076851,3.791217625136606,11.246539683875739,0.333869036981438,-0.01209373205775399,0.7479288108508407,72.60740194284308
123,18.95946776901376,6.977973000340869,1.275989937815041,4.974571183625094,5.954231552098642,87.96210893939269,14.048351570859626,6.293053515181641,13754.94283279941,332.9818831904656,10.123343221085687,0.602291267661077,0.9739590466747117,0.9026441878552036,0.9999164365213309,3.8996791396442263,19.27845877650108,0.2917537367235513,0.035889450459130064,0.44707196220798917,70.94152325001126
124,23.96032626129769,7.295754110879864,1.6850303823206265,0.024557838550296397,1.0165637375418952,118.985446101737,14.233369804731707,7.81500652104449,6829.031684921314,178.9779703849018,12.219605299066448,0.09213378626660503,0.6576679717699723,0.8997825801107402,1.0094699595423537,1.935533838001077,0.061781849683782995,0.2653951243929728,0.008214735027054457,0.35121801047441353,75.33394158096371
125,22.014455981851555,4.947949654229231,2.8523458421987047,3.0276580913402285,4.976587861822141,70.99009841794268,9.023651352827267,8.874088497795585,11036.997692227327,314.98304605884624,5.96644603956353,0.4919211432239512,3.1073831924734687,0.6383424752330361,0.9946579141808555,3.0201177267076287,9.18866326734057,0.4995514085531163,-0.0005663919796030326,0.4985724370604489,60.520385404470474
126,25.01641794392134,8.622006434405176,3.2721451262676196,0.02554229810287963,9.003525528574743,44.04664888183177,8.764671784976542,7.933442946400531,5697.088008171185,183.03861543140118,3.88934928898227,0.8483177002603719,0.033490843555028925,1.0746724011384705,0.9584199622974654,4.904686486160872,-0.02445262959773341,0.49440064472798884,-0.003912393520717731,0.5580598499769545,79.34143606459524
127,19.01646651505952,6.100263509646944,4.006516238125852,3.960526077753456,4.989373441522501,85.0277447863713,12.182595916736965,6.94241316917157,6063.987834019247,209.02178116379332,3.794314655311805,0.46541797546581076,1.9104405257143808,0.7714165007866192,1.006423901310668,8.369093933657554,33.47457615154616,0.6720323083756542,0.032396315710894255,0.4848645387091365,59.34138407058155
128,17.99235132619339,5.89286950049117,3.786056983282648,0.9860214706578385,6.025145316587983,58.034425618498965,12.715694801002064,7.488609498929377,7047.002657343883,254.96769230643946,4.014210630008728,0.5879118045258218,2.113734991467667,0.7164415236975609,1.0067636913211437,8.746681787505201,8.732600822632829,0.6437855498711927,0.030440030692372475,0.44128681030972455,63.42273590732265
129,20.996236372199913,6.60229827211355,2.8646832074764634,4.024689657760099,7.995282908239143,3.0245992092704035,11.589217957517764,7.975689147216908,14687.016395148608,281.01312494889225,10.562711654319608,0.7072032297516452,1.405038766884647,0.8146615414255365,0.9890450475575365,1.049777672569229,4.199315413345957,0.5684256936663744,-0.042035351607903025,0.4089027324180735,69.47031846076649
130,21.009836385724782,4.184647093261731,2.314056204846382,5.001246255216917,0.9982322093643085,103.02838731014846,3.9146080245796964,7.4478545797218105,-0.03305699918966139,-0.0117174693794571,0.029754801430143616,0.11921932960029563,3.820480805326119,0.5442612637008587,0.996030552504121,3.889078920474301,19.536992483091293,0.3737975711702578,0.028197844669190442,0.7871277382514061,57.06088538419917
131,21.0025767901888,4.736857514828429,2.953487168001954,1.967789214614076,2.0145724144236636,65.97935753620258,12.322149924192527,5.029821890535441,5832.010756431417,271.97952846243584,7.553577699171017,0.15881962700866792,3.2140125684275005,0.5960550529578488,0.9046038928108006,4.750866499069819,9.51273839160056,0.461995291860596,0.015492684126498853,0.5251813813900673,59.844267904874
132,21.933420988817574,7.7612653373160425,3.392579788389245,2.013749538173763,9.063208205467896,27.994041935339396,2.2808989450365322,5.734494247504751,3915.0010398429617,230.95542781602833,-0.027254101029041664,0.9206051439979541,0.21854705418008435,0.929350779529085,1.036252181480024,2.2892326821749713,4.5668240347049025,0.577194674947186,0.04778957498028075,0.9130339245568887,76.49087999868182
133,17.993106011082745,4.404659749975982,1.3286301187774032,1.978555782230256,3.0266534079107568,103.9703025406093,11.439119991238165,8.211238888125692,10693.990889354309,309.0291575608146,9.362742549102453,0.3179674801341273,3.627189202129849,0.5533472216515685,1.027030905275818,2.078317967221716,4.203218254894866,0.20559045572424967,-0.002073944896348361,0.4707425718462547,61.024204001554125
134,21.97445780697219,7.011944417953676,2.220101490154466,4.053835745451766,5.997341816809541,27.99368535908389,2.0750862123065485,6.144629016757987,0.0351781187622902,-0.040915894490014156,-0.0026744396346102283,0.5836892087066284,1.024034558858827,0.886570250505152,0.9598650645855245,2.0883085225767912,8.317804348649057,0.37895397334609304,0.03405698153368579,0.9028738558031822,74.2673745749342
135,24.005256342567254,5.198262767503693,3.5295619913435017,3.0463452438725476,5.000095939718459,97.02052314972804,4.513610497461315,7.996398337540339,3754.9728875384626,201.9984411046597,0.024961291377888623,0.5300164497710461,2.7891306150802477,0.6911866557701609,0.9797359826491732,4.562971214455197,13.554900333196478,0.5817286796951988,0.014067989300340549,0.714399353568413,61.12388771764228
136,22.089557770078102,5.877946495978263,2.152424630788425,1.018122922790667,1.984254216190267,97.00403749854436,14.411613706852282,6.496149674419268,0.008247063392466647,-0.02838933737174606,10.491761708068545,0.222295920347748,2.040773798168019,0.7720765980597842,1.0434556408312476,3.89141204277341,3.91834732799916,0.3440521370341167,-0.03341692945035192,0.3555502608689445,66.92767653490732
137,18.01102444996423,5.394422265571537,2.705294525509889,2.040830201143093,6.971500128894409,27.03934442456881,3.8342424132311,7.094468283887238,4500.043639928742,196.0232753184121,-0.023790399803704686,0.6907311558749607,2.607274220769032,0.673060933609384,0.9653544796803715,3.8690862470197533,7.754558922680368,0.4648315180146373,0.030617929818925926,0.7885135920638308,64.91727901551981
138,17.99059410941483,5.75201815713417,2.8135367804840827,5.001943740503702,3.98341747638801,75.96575752623319,19.740865474577497,5.259910388845114,-0.02119865267868895,-0.010030554789418515,12.395059506273713,0.38734721154424906,2.209799824124095,0.7085799450600726,1.014353760677084,7.35730243688467,36.57552655970577,0.46991630774728926,0.024282638272189547,0.18794261193665532,57.90126203938169
139,24.027654045059318,7.6683125949415984,1.5978067809397318,5.02296312483125,0.9768355310886417,78.01500715052094,2.508584993445096,5.691965439550715,11008.99109342052,273.9959661203344,-0.02613569861354003,0.1329169835699307,0.38678549552317504,0.9431509580191493,0.9852394980675867,2.542012890996002,12.879693637567117,0.2894762798379645,-0.01949779245920366,0.8786398804571618,77.24880719165363
140,18.014480636616277,5.462964640047328,2.0762768724274396,2.0443316088590624,4.0196010515138765,85.96255091594392,8.78366228446516,8.871255371728218,8314.070359136904,346.9969779721121,0.01875978789886514,0.40696041518223,2.5056009917304007,0.6717879947786622,1.012304258700555,8.745341584841974,17.446369845238983,0.3995736012151848,0.008685357196965445,0.49121756289665375,63.037318446764544
141,25.012602834713555,6.7690410114845845,2.030478116706907,2.0073649604538293,5.96786415426393,43.00282529407521,20.858644434147244,8.616207291816915,5974.014231731955,160.00907711004808,11.236422678866774,0.6313409150510443,1.2321552077391114,0.8651848367711183,1.001504140754712,9.718195390217792,19.296669617384502,0.31828404096818963,0.10327428939340115,-0.0007496144565374181,67.53023063200403
142,18.01820551779647,6.386792223868408,1.0878986076209396,0.9923443848545714,7.0399963168414015,89.0222100026767,8.500077394428148,7.583197427424822,14548.9848140757,185.00039014291949,5.192421492419268,0.6283307777694178,1.6719256515488548,0.8312499536784695,0.9915030451216872,3.2558331510144836,3.286916227214875,0.17098809202092877,-0.014491166032844236,0.5571750283294798,72.41293600520848
143,21.061696306944885,7.338642271745571,1.055444415119002,1.9488613412546865,7.022561391508565,2.993564922995273,1.5509152130287784,6.8375148486472614,9557.024078742803,352.9987018043312,0.03467983361016945,0.7029545529105838,0.7044071101874761,0.9496950307788227,1.0116556561975436,1.5720503961401138,3.107861920605412,0.1429639107455966,0.021785057416628804,0.9128049149830896,78.54849494233054
144,24.966073346940224,8.700435269977879,3.4385157654299094,0.9975059942283552,7.00061505188103,89.01653379812261,20.540381032327325,7.6865040109786955,3408.9829571934524,146.98444794074237,16.83402371667067,0.6526777273909188,0.010017410440597263,1.07513380642507,0.9852085844245466,3.703670682034634,3.6896135355833226,0.5989642415712565,-0.03284639910823743,0.014950524321785848,75.96982025900807
145,25.014208962304345,7.662915926119086,1.8378254855999794,5.024702695536869,3.000009558343952,102.97120802995501,10.366627634280796,7.457392827754051,6348.953052522275,185.95275811879975,6.811993863954679,0.2992263447753971,0.275286333744438,0.9471392080175765,0.9464730138113358,3.6175520599167186,17.83720803580861,0.2806574535761862,-0.01710926565733389,0.48644740256049435,74.41973929014678
146,23.972208566100555,5.13763015082272,2.6184999192941336,2.028369002827029,5.983281560711563,7.950089300654109,6.3242716286726335,7.305577247662895,12022.041170918357,262.9664434712137,4.942914803076127,0.6214146062503765,2.884958238620703,0.624888167263241,0.9721683319373879,1.2826184895256818,2.680853010429677,0.4436991728283359,0.024316901743003314,0.6815794361125863,64.0659387045102
147,20.01666537939027,4.221930018803564,1.902639206413875,4.015130951971552,8.008102532340432,118.01671088867464,4.970135075202383,5.200641153639016,2944.966908222076,145.02155439216043,0.0064290069616124304,0.8521742043724732,3.7959187210888556,0.46703889149741523,0.9685642412535717,4.981948685730309,19.91068058191663,0.3516308632836655,0.007700436008704858,0.8586254052720108,57.899459540046564
148,19.972439404655418,5.316153048716493,3.786791760894476,3.983761027151133,4.032642773896257,4.052320307022272,13.341043973915788,7.54399409072809,6088.0735513787495,285.9908254161002,7.743646351639512,0.37185499814688444,2.735331541061718,0.6264156292435924,0.9518764252623738,5.479745568205376,22.101060362051154,0.6128013803021184,-0.0060371273012306695,0.37428885549436897,57.61581781625419
149,17.987478995591847,7.021472027235125,1.7841300475739061,4.940695352931573,7.978905306132326,54.970118651794905,17.677465881292637,8.101847143219176,8711.985320028736,285.98007970666833,16.298030254209408,0.7842288558409406,1.0245687326808417,0.8739634098218395,1.0110820019904312,1.4422824567614785,7.378970327690232,0.28577151579897164,0.051074896832999594,0.17081696563018645,71.43805574012376
150,24.991147302572863,4.371830857017473,2.2677279005467517,0.985143547059858,1.953998237332438,95.0366658254032,21.109840082800215,8.975735464791946,22359.063997940448,361.95782815566747,17.54176187222296,0.19713401278773388,3.757880600320239,0.548878152213319,0.9948169992816848,3.4866136145706483,3.4993711372879375,0.4137687133049298,-0.02765437750566332,-0.0026384011193435987,56.95953043516728
151,20.029274501580343,6.565552846851084,3.5870563306632035,3.9908696538683817,10.021096547645703,83.0013027022645,9.855079097728169,5.066792034809604,4789.9589398679445,104.94841058579729,0.6449644717112519,0.9707640669561433,1.4552932147301938,0.8272351917364764,1.0106182319742947,9.166384284485867,36.69015913510172,0.6212226850005683,0.41999562348234065,0.5757060370533349,68.57511325400698
152,20.027553633318274,6.979398539709901,3.4363973835463946,0.9906121309842996,9.009730979227314,48.959929254349206,12.519850527388478,7.924429555216124,7007.030764807588,147.97890379359615,9.30599172617126,0.9293567918636777,0.9602879508805309,0.851585167343884,1.0156225406681012,3.1204082754818923,3.1605572302893177,0.6013778407127792,0.21935734216144925,0.4193561263610811,73.59212068746731
153,17.96262847870661,5.748716549784334,1.5779180903959447,4.018556690709338,8.966394035956764,73.96605484095943,2.093823665447842,7.326513897634683,2759.0149917881895,120.02664158562136,0.020241012456067135,0.8978971636390313,2.333062488057078,0.6977666955654194,1.0226940651028071,2.0778478132732148,8.314511398114286,0.25492506069106907,0.14629227224988545,0.8781059804396746,71.0686007502109
154,20.001648023329995,7.911495045692767,3.3906718745094673,4.059570292330445,7.977998258872576,14.000473543200819,20.71819822686133,6.694333840852225,6435.025132386767,248.98328789419133,15.382643535879831,0.8036587107012815,0.1434658112894343,0.9794148858008163,1.0122076522344634,5.418888837632502,21.6440144419348,0.5235845777435574,0.01527690697713171,0.12985155144526678,69.98535916111948
155,21.978712604357526,4.514972874484132,2.4182964014157124,1.0037058760552329,9.974226871778496,30.987866131362278,7.636901233351061,5.499536742169794,7937.0290406812,310.0120145657572,0.01964745296062577,1.0186051938032248,3.500993843650128,0.5510662230349332,0.9706117420961734,7.564042906021354,7.654077318782572,0.37864498364696086,0.032240263425835594,0.778508774924182,60.45696622346065
156,18.96224485267974,4.349231875050701,2.398802206098799,2.993498046325306,9.978264031928973,26.960612610697254,21.459919012826436,6.637845605714468,9892.985067645732,275.9819082051181,18.390341067305037,0.9978486545087377,3.466031884094133,0.57064053161994,1.0173857657575294,3.1594494689026202,9.528092268636525,0.36971558455339043,-0.0034380611725251657,0.03937768524371696,56.48449360506832
157,23.99348948848727,7.594888427038354,1.4238476934162667,3.9922233456098772,0.9902895173787644,20.949178821563237,18.452542272212465,6.339833778465859,15127.96073468474,433.0191660008809,11.309441868050326,0.07547382615472405,0.3776941251430379,0.9107547767011421,1.0066541421762312,7.125449690635797,28.17117615227868,0.25077972275494775,-0.020557784041400726,0.1711925333951631,71.01317931400135
158,18.990745516346326,6.475615292289903,1.2404740531534029,2.0037315430072313,1.9920035808715775,103.97459842016221,12.467459873075011,6.177421417992644,10203.998472468089,202.98944747594575,4.576387938065686,0.198109392851046,1.5100648095644817,0.7780211318487118,1.0657031433737447,7.864453652124434,15.768400314207247,0.20853564609861275,-0.009373204201231645,0.49284268610463633,69.66941074838557
159,18.072801494590365,7.4248417644468,3.231745102814723,4.975151187189548,5.980476190347947,16.005814270249935,12.40381122917382,7.895592022369236,4597.006690907728,228.96304347263347,9.28446867711994,0.5743145592145983,0.5730176104026676,0.9160469411305766,1.0002375501961902,3.084205659806145,15.697283763945608,0.5153748255879604,-0.08035224330610469,0.39112532696442925,70.50100397751704
160,21.012988794760822,6.232132415012084,2.5141152954213566,3.0036059567623816,9.977255085415003,57.99980797742191,7.564159495959503,7.8284461798447005,5562.985844661365,216.99193140796302,0.04969020335214108,1.0032394266734945,1.8055537847081313,0.7340318888998698,1.011486993571988,7.511933161563942,22.61070558024817,0.40383040082080107,0.03018370992155554,0.5787644857272252,65.26058867842752
161,23.958671474977372,5.137765409469511,2.3003558803754234,1.0135243700899539,4.993136469682419,88.984962861275,2.8913093091063877,7.338794699610562,3588.008326619105,0.05502001254841222,-0.030807671258497496,0.5299081316240539,2.856956663466159,0.5929858916313002,0.997155231735571,2.8967771273611858,2.945868223830907,0.3976028231005974,0.23218770996094928,0.8144397926320376,69.00603249898832
162,17.98305677987487,8.099338954079872,3.1705763597475936,3.0062905819072347,9.005030746045787,107.00605661582874,8.584194758139782,8.72545763038082,15090.009888765935,462.05369652946655,1.866697642028634,0.86475065123183,0.04278398458785003,0.9676956852114074,1.0014668755208964,6.693772456499443,20.10604305599628,0.523753399328158,-0.005292789406439667,0.5093663579139152,73.56655819985124
163,25.03064149886288,8.033655845143828,3.3221983215413795,0.013726258020143435,4.990511103909054,70.03120080159589,2.0390897005485327,6.424524573419686,11681.972699206604,311.0145959990834,0.018614505717818638,0.45402886995673725,0.024266767361104162,0.992718562346537,0.9994415993775071,1.9623767159489736,0.048040275681353446,0.5325655987426867,-0.0500037073820733,0.9525766453672484,78.93841148284056
164,21.062653283186098,7.494399631130596,1.5503924214666458,0.013012428280456059,2.0347600107002393,105.01182379531302,3.4588450198715734,5.931462680626299,5813.011849138451,211.9958882355376,-0.03717515649341453,0.20147749807759024,0.49806652163485526,0.9564159244897643,0.9869612927139805,3.5557994487066393,0.04302742572167743,0.3093577338698251,0.033271179763585464,0.9232710357873657,79.2492864770692
165,18.95242050063286,5.421871909350071,2.8102631811895122,3.9468430995326065,10.015242631432624,55.99636073985831,9.73118386597912,7.557862677976693,9410.99198363929,458.00911705406287,7.883396189121223,0.9769660114976828,2.585159958262988,0.6945409960317849,1.0053206097326475,1.891169795115734,7.329781363822519,0.4501779408267027,-0.013127900394786084,0.47801649459302936,63.52350641946527
166,17.94360226844583,7.010534964028812,1.4575177744527836,4.019106104751862,3.952274624294239,25.02784216019982,4.458217357787539,5.789152230997919,6221.979000572994,290.009505570162,-0.01195616258970216,0.4009523582323591,1.0227325394583242,0.9226374629761728,1.0186528132636932,4.482068499204509,17.928891898929265,0.2533925237129204,0.01695729637301601,0.7769535356020009,73.14765942946693
167,25.056128955261155,5.810249806958579,3.2542328487581673,1.9798695546301264,9.015711832962415,23.971204490933513,8.495220354403598,6.216568796957649,0.02362125414671979,-0.001196602571013046,4.613846123129198,0.9096121056182911,2.200761839575007,0.7280499535271258,0.9874147996188802,3.9132092907234246,7.7501717272501045,0.5617772703066518,-0.0003417974612504604,0.6118022931943763,65.09353147048839
168,24.011688425321125,4.491860550657951,2.965375098456614,4.967124825109881,1.0181663194775674,8.99325241381334,20.400519160902082,5.857709621160211,18059.976690263647,247.01322832059768,17.701633877917953,0.03568941313214383,3.5017911331811713,0.5695860153698649,1.0250671986553068,2.7063615787383184,13.378565057590757,0.4543023220548449,-0.04844695255293889,0.13556415874962965,55.54153930842672
169,23.97395121804371,8.563502575875928,3.9256560452324476,2.9668664451643503,0.9869579509562743,43.993967361931986,6.41590991330532,5.297203013750639,12668.986299972303,267.00624680586463,5.056004533567782,0.12069548282975627,-0.04653646838643081,1.0674877888891496,1.0214293098879939,1.3986524681772021,4.085303435785255,0.6296301834959149,0.038056293144118646,0.7379921865990474,78.33766835344217
170,23.016038872583675,4.666354095577249,1.2079287063045976,0.01300624831417588,6.9551440723809055,81.96289140224671,20.027611272722037,8.336279215137377,7275.0021615255055,334.99052082843906,13.670355111782198,0.6649099449113425,3.2785640885332232,0.5814452060279197,0.9735921324452006,6.298833929040959,0.0036885354618958507,0.22457365120234102,0.032357507339832954,0.06417297461369444,61.867294597302134
171,24.920927567829494,8.82128057543366,1.2394134652971542,3.9933227521832544,3.000242002782334,9.987403775131469,9.53178722077043,6.043665926475564,6435.04122934862,248.96414229601848,2.4393708469078277,0.2993295614830593,0.022555814019504433,1.1624163599478565,0.9710893082314557,7.156262733097158,28.37762006521241,0.19605551642234917,0.022921007162159387,0.5890949559783418,77.75760952296561
172,22.000101265197916,6.200583747665567,1.7995358507781978,4.949540936480438,9.999768740455533,75.93775120957314,7.239274857209254,6.923263299809217,9572.005783522332,224.9861982227334,6.114751369362796,0.9802185299368471,1.7669679947775423,0.7828405431176509,1.0134446020032077,1.1472325444636735,5.710765783688606,0.2560518126291894,0.00944541575255494,0.6206416222131403,70.10524005941909
173,20.009834635185292,4.895844632661784,1.7739607373241502,3.0143411344557687,1.9663506129040043,52.057365341429886,20.615583098695755,5.207234029600444,10817.015848649975,380.02398556547223,15.03402420932027,0.18344128955647118,3.1079712129580734,0.6229482280728237,0.9823739264506256,5.621497287124282,16.800279448376763,0.3118346458636727,-0.035924362577345284,0.14544575277408048,58.94660908238691
174,21.027728104186135,6.687283298730329,1.6935922027338486,3.956811756076035,8.956463423512202,70.9718775863469,17.1151993885417,7.736142293735192,12014.99107072392,-0.0009438667348609373,14.1256116338645,0.9508187381885397,1.312375107845924,0.803146570912491,0.9686286805819152,3.0385232820882906,12.145035314581907,0.2658641939781297,0.27513142255212836,0.2568068316329536,72.97986310726952
175,24.969583121431224,8.390844334635577,3.654019480872288,4.004194640755546,2.997373393606397,103.04758342394264,2.8196896752341067,6.3335123587978845,22025.99764531127,367.0090086067476,0.003910921798854799,0.3095780256238698,0.014126634472620556,1.062312668247152,1.0515069233846022,2.765809414831037,11.114329013522223,0.6297434319310181,0.06614996532365258,0.8605265525979595,77.20631705160461
176,23.0025706148421,7.731407353834644,1.6661422798070888,0.007154967770191624,1.9930076842384754,67.00114253517158,9.117745364853706,7.964111754012913,4934.998533682994,232.99150953416887,6.507953291157462,0.22714065208860773,0.3168079264907305,0.9822499593797039,0.9710101730710394,2.5776499948430587,-0.01725930577956305,0.36396657305849617,0.0034840734067006374,0.5277410732512203,78.36980351022996
177,19.97223726121821,7.989942677543959,1.8291733199375404,0.026567312450851345,7.987482039040328,110.01694592396468,16.831413140932778,6.627577272620287,5992.0087991870805,303.9682120748497,9.603537972901147,0.8045282406260823,0.018831781594201957,1.033309303838136,0.9542921365552228,7.182863075708388,0.024299034571667006,0.31147317209919173,0.004070649147882289,0.22605355229184265,78.3209397204936
178,20.00766151267023,7.259768058600953,3.326183622434088,4.053450543594005,9.997497677957604,93.98533600604947,7.572693183918407,5.796812438966262,13754.991120972809,332.9928411085538,3.011138855463899,1.0186004072396486,0.6812862072387244,0.931402535747045,0.9764891983473666,4.421483526129627,17.882834099107185,0.5683651904880171,-0.033055175319065454,0.6827701648475416,70.89351308308181
179,17.97313961032911,7.522309553266205,2.310890128544182,0.9590597102229838,5.966916708785391,27.00623789075885,9.458029162053503,6.9980911356031275,5273.040199996564,193.9693263229775,-0.013793207998972094,0.6125213508643035,0.4559703630901648,0.9336978531574806,1.006949445811677,9.424168484350199,9.33460296823411,0.3757134974617194,-0.06211199673542475,0.590493739553694,74.54253254800017
180,19.987756974825192,8.193853700084057,3.2483676743711856,3.9984257843181084,5.986955381614017,74.01951468919965,11.48201295981569,5.46746674182383,12763.988805012845,330.9674113247919,9.259113981386742,0.6076336843406047,-0.026206062371500503,1.0199173006141036,1.0022065623200265,2.2112756682062416,8.946758736336085,0.5164123702693735,-0.010773467879059669,0.5599498776874154,76.03565529099875
181,21.970125538156292,5.200941875965984,1.1892478927346133,4.991709941148674,10.01599975091843,106.01993657243183,1.5429566719132355,6.779007182322451,5244.948782765944,285.0361690982661,0.00634376835155241,1.0332146772749404,2.8218976359071473,0.6478375796369329,1.056616402904945,1.5164251103395991,7.481699738056145,0.23071774759577274,0.04445004506398361,0.9301663122725401,66.98160605637108
182,24.01953408725471,6.448227349191986,2.4632500033401983,4.013012490578829,6.989500897589461,64.02324320170223,7.636229866193313,6.284633580525327,4676.082283898131,225.987397419852,5.652049486825748,0.704695163615328,1.5639746021861287,0.8032156113068272,0.9769482115668171,2.0342753959266515,8.05859464873906,0.39849148808737817,0.04031276141081342,0.63389208771771,69.6201492075279
183,23.0257535334997,5.0993831832794845,1.135295997613633,2.0064700631280084,6.949840825846223,47.98895001869882,14.078553528233616,8.654101979676145,10724.990178939272,302.9777554582362,4.713283120658616,0.7685544571665311,2.8687816796034653,0.6755295132241853,1.0070846922096377,9.322646965097965,18.614519620871288,0.17645788230498669,-0.0019622483504814436,0.2646614694978847,61.43619015810598
184,19.992961382901278,8.908675510193563,1.182488335993122,1.9894236127179015,5.985819231668293,45.98558920982526,5.151648488031435,5.213602597858306,12574.039395093612,242.04853879053144,-0.0014130512368063812,0.6288159471843731,-0.031384320022730214,1.1446791864760362,1.0338546666516746,5.244447243716632,10.37877454558451,0.25380426606921774,0.012903878831457305,0.8490030716652216,82.75772720252439
185,18.0011471398488,8.66463229526105,3.667427568676554,1.9867729343416742,3.9678952460947943,50.95217471024197,3.4818247969170795,7.802314889037464,10499.042143725259,306.0244495510621,0.07284890537227048,0.3658137790678093,-0.05537923364229781,1.1100873286117734,0.9802295245451995,3.3212878190705113,6.613328800927479,0.6065354339057263,-0.03655085267622424,0.8081215575293663,78.5946114120672
186,21.956542257560994,4.193409916429472,1.4008938849536428,0.9665064743444786,9.008014088893852,101.01569657033531,19.35412926048084,5.750409086761815,0.028356429367511454,-0.011145276765055143,12.475184460836998,0.8947035087305105,3.7655898690160456,0.585876299414109,1.0211117262420693,6.8961118890192346,6.912954332858636,0.26979317728756963,0.0033367877542785644,0.19641278381219718,58.25094165537374
187,18.991009700559797,7.5182857813562585,2.5807953662949616,1.0296358474721954,6.009565122101413,87.0324713613397,17.784427897097444,6.282559135451424,4877.994059183412,204.01282908976657,9.453426705653571,0.6119123279847201,0.53001190739971,0.8578128487416953,0.9450348669742308,8.34829047456131,8.314234381263292,0.4449576768710964,-0.015732934286974316,0.27267454138680564,72.69908215396693
188,23.998493861488747,8.553338787984762,2.2445123173061114,4.013776125447986,3.950236761247419,53.04847945039754,17.42661707765037,6.624680368761907,11611.008600544596,331.9929263504522,11.470219757929156,0.4013349050713611,-0.021502939581466828,1.0611982427702191,1.0527626361823221,6.031936337400812,23.923347198646898,0.3500739354850708,0.0016401346286966136,0.20891010883238634,74.58736140952651
189,24.078623792730898,4.906025352793471,1.9779556730739742,2.027533045933854,3.0227703891174658,59.009155179037414,7.508450178379876,8.617242549628116,3843.961764693721,175.97921960962162,1.700186805715711,0.320606202569165,3.0475318553033692,0.6121618214265686,1.0298427328452164,5.710327565015242,11.467428185763868,0.34357555273612506,-0.008239603191151102,0.5414159567660759,61.74959242772513
190,22.966640989226775,6.803023732179344,3.658023152223261,0.9906881159057346,3.9666344109616434,55.977005606812746,9.316553204223263,5.995135010325733,1619.0597044332146,79.01424073673455,6.175245631199884,0.4239105011450162,1.1846506843525626,0.8298331157811708,0.9795797500837309,3.1738495282925663,3.2505032920591486,0.5951740261863434,0.43407898246931514,0.5635594987578916,76.85597004002223
191,24.04392531716257,8.601238623667623,1.0354125945272745,-0.019705064060832913,3.0467754687144706,45.94908711570132,8.98526210917016,5.409815736684053,-0.025554179945480093,-0.009729056559606087,7.1342295208655635,0.25921239042603106,0.01531641647681002,1.0471074782604282,1.0248945333350115,1.855188771289862,-0.0018974037340186893,0.21047508661055575,0.02989196813200999,0.6620941129901092,83.27545994001507
192,20.029905763203974,4.231114766959747,2.9990764049275977,3.967650548001123,1.9985367120649815,30.0312500019925,2.248985612582485,6.26020390189871,9600.992382971117,318.00226494027,-0.0029917604305729727,0.23843232634149486,3.74507681705349,0.4734852107891038,1.039395486983798,2.319567270035834,9.005736273389127,0.5374128148501719,0.05891768245214476,0.9019182028998086,58.69047072587507
193,18.008419092134705,7.510033155445456,3.8831420965842622,5.01076752751222,4.962608195043825,103.94611170299667,5.678078622182633,5.412509810965752,7937.002969594611,310.03064089704696,-0.0173509016096226,0.4850954760354187,0.5285993092929804,0.9281601416374722,0.9613399424854981,5.746247729107828,28.544672266141323,0.6514702138675645,-0.005083669644790853,0.7705775043945712,69.18810890802034
194,24.052758614525853,5.544342156950694,2.6571328618046484,2.968806203264153,1.9657404178792195,44.98978187766769,19.30464253191457,5.505149326759248,3408.9967768073548,147.02733639311387,12.680081574190039,0.1821228648240573,2.4567705755392275,0.714320811615255,0.9820036630307566,6.701891606960345,20.08941104962484,0.49027429280307794,0.042558911576582356,0.1924215550449881,59.98594655030583
195,24.011163164178207,8.570192314532179,3.8356767938376732,4.055459892068996,6.0104428587536205,112.99327079516169,14.742066287685097,7.308246790267329,2816.9802938015314,89.98349720124432,10.69283031324742,0.5820263282188338,-0.01186450916960058,1.098218090269128,1.040382502415288,4.066890896228713,16.214272596477194,0.638135545753956,0.38881557092647634,0.40576979144922054,80.34560728460292
196,19.011674775870038,8.90407773701655,1.2200173544228772,2.960770722567197,2.9882610033030486,24.997916345864468,12.872847631925506,5.2225679809982,0.04183017156164065,0.01458094806861258,8.749005253005537,0.3242572921797175,-0.012247953299868518,1.089936103412779,1.002024186683199,4.085955310705399,12.447860633986181,0.22743539294102305,-0.0027671580851323136,0.4880594035256816,80.7371497401981
197,18.998406380409474,8.702534003591698,2.299153463631883,2.008209803576375,5.997100382711456,112.00107407800108,13.683916268772851,5.033174448272852,10140.028508378504,316.9661643126156,6.101689559503221,0.5919879690555664,-0.0168432032026658,1.0941073523559506,1.0130849849709844,7.502109444254975,15.029802136076707,0.4718692312716714,-0.03888580895442995,0.508308677102686,77.62668361543078
198,21.03670706647256,6.367922365187348,1.840929787325126,3.0470056412164137,10.04838340698091,113.00414442669103,7.946445941283916,7.895783070049413,5771.009661416129,288.01351242483946,0.025924713368521608,0.9800934506698687,1.598055949045554,0.8407279944564828,1.0021059168581887,7.959528670133319,23.808606754587053,0.3742534723739568,-0.009370915253376027,0.5872762136331822,67.09921338712878
199,22.032894077014326,8.328688850062742,3.2198760810019587,2.0179726927779145,8.979022678073127,3.927539102137644,3.258325947120703,6.503840668414877,5369.9880134083205,176.00445485917405,0.005630000254258126,0.887281225276694,0.023356810619300953,0.9918979886396431,1.0267446653099743,3.2748350218996896,6.549143452844587,0.5278567684532484,0.021470965694904726,0.8299786187663402,78.49230476585011
200,19.981229681375115,8.269740199175583,3.875314322954447,0.00527021137475338,1.0017988857308713,83.0004396772961,15.629884569592647,5.481628004211829,0.03192827615533412,0.011369380870902921,7.587823891466869,0.0461592502325237,-0.0012240474390962665,1.020234920588824,1.015387949216441,8.027542148316538,-0.05800577217359975,0.6588051505832592,0.03355902375851026,0.414583118627525,76.04269483528722
201,23.960422584162036,5.599489817765485,1.768823395080277,2.970945490591143,6.042595334621192,50.93311273277664,10.385635286083978,5.978000398932436,15111.986065941017,387.9910766573607,3.6413870374652184,0.5747350870814554,2.3818297901972025,0.7085948887242681,1.00318651791766,6.77930825499891,20.37377459579286,0.26838132063781334,-0.023355763835854568,0.5895322569458133,63.708654998308745
202,24.99391058087813,8.115150632648213,3.0245394463336157,3.958546924342969,9.008115404263991,104.02196654219273,5.426327784858918,7.565886984328293,6064.04711175521,209.06252213820957,3.6625387850634112,0.862812493540407,0.01372046054282686,1.0128004602011036,0.9369492205654804,1.7571069580279939,7.0609214623540355,0.5239593682636224,0.013741995620196533,0.7080267293100705,77.42404647690802
203,23.97599884306807,4.20253555427446,1.6118910086940206,2.0231015032675277,3.95180191793926,73.98334624532589,13.263450766990283,6.094374883488136,10081.003336627464,284.9729610087714,10.812355102038572,0.3919249200851233,3.806217911858675,0.5505190018205218,1.0192003189154482,2.457746346305889,4.846263562289859,0.2783431693757299,0.036899830429903246,0.4773447566859117,59.538665013132395
204,17.99809426276154,6.978592459902785,2.70509243303912,4.045184417223249,2.015161670351964,118.9352888982433,18.50026287521399,7.009865557314889,5161.036893445809,247.02914655132906,9.32884330450761,0.21992579810820778,0.9799148932021953,0.8300652191101441,1.0218772292997764,9.05530664121577,36.321580772720004,0.42677943441675353,0.03263182793245283,0.26519252881859046,64.0765734224285
205,21.037123144040525,5.14537719166594,2.374605065913933,0.9868345002856549,3.9651099142664967,52.97557385967844,12.06309521816381,5.491639183249351,4362.996585390215,98.96904905040695,5.549116364898657,0.41661627702799686,2.801269042662531,0.6198254401760777,0.9628138338172891,6.450993727765961,6.461007029184124,0.435605454747794,0.45545621057934393,0.4980293990043351,69.983004749503
206,21.986280950347396,4.578826795507139,3.9182384270101727,1.9658281547715095,1.042204225861989,31.98289773982446,20.839039435865388,7.326221315088864,12465.00214599546,226.01513032523889,19.76842660161143,0.1377025149263975,3.377429724903773,0.5954612402808799,0.964852032752932,1.0454503256068024,2.190802198399465,0.6420317117117937,-0.017675527110084202,0.08956876606902411,56.442551666931294
207,24.998715298560654,4.358241248571448,2.7773350335059814,2.9262549170835293,2.9753139718500607,49.03572098852665,2.2187199947933913,6.220447716483259,9172.036762631844,292.01727369931757,0.3309377649579084,0.3310192745188986,3.5740278381480914,0.4989332781671496,1.015527957870088,1.8946559920921417,5.785515473269085,0.4510394269586897,-0.020665070883629198,0.8848070284210809,60.65517827904116
208,21.00174068204425,7.551123062341773,1.9969404003621896,1.9705770546901238,10.08908528523237,37.00589913225251,20.439856042617418,7.53596902554459,5652.065817754554,174.00164927614688,13.441969284538134,0.9841420985524487,0.5241740364244971,0.9618530352309983,1.005829752044028,7.007393072248638,13.923911602748559,0.34531822265036355,-0.02527949959442327,0.05779710271028436,71.7579226634221
209,23.02545292646616,5.696546709182303,1.3434083243916095,3.9965902947250287,9.044021279649831,26.010333348330516,12.72183575033288,8.247985337234928,9769.046811004526,258.9851402676837,11.743221538988113,0.9005721420226114,2.3134087641970744,0.7259945446869575,0.9407561925423502,1.0401316853010416,4.252362138738097,0.2027144855608864,-0.0009483436700881004,0.3452986630831825,67.34069234292086
210,21.932593319980462,7.589622420128585,1.4801749729256957,0.04797369722510202,9.97610162291116,97.03543664902662,10.822330311925667,7.481816796342755,9893.026314038581,276.00423404672233,8.374697763902251,0.9990233171733575,0.4231113890570968,0.9722575921911608,0.9753393488756327,2.4651476470159115,-0.0014627797339675165,0.24904961419113628,-0.024694663505385673,0.5344366610472246,77.93881841810469
211,23.981798991157042,4.326674614743634,1.652810322287814,2.020194010766989,5.000600414150048,13.997115671362266,1.2918480892783408,6.150954397478367,6781.017678502989,268.00801031000293,0.043779324400612794,0.43546841951834336,3.7190538550345456,0.5234213104172089,1.009415292967061,1.3134588366233766,2.6132761629327703,0.33572085471529145,0.020341181051513637,0.8831738484474763,62.80368410578566
212,24.006338510768384,5.566347466914323,1.7684235842438967,3.0091525621412027,6.022609328449004,95.02262563883097,18.493152039708697,6.07515310698585,12464.984791539293,226.05369809458918,11.316355472732756,0.5634822138927077,2.373383422228379,0.7152951531014035,1.020300306075066,7.215510029227441,21.698022080320186,0.2815594573284835,0.0068501010098344335,0.24315244742067052,61.74081571184403
213,22.036002368692806,6.676994078859863,3.629828964800629,0.9879964101609661,3.0235098142268013,60.02051583341796,19.564021527341076,6.257689164788283,12022.008856892233,262.973829791441,12.751911743033613,0.2949813996854666,1.3300384579020035,0.8023313728954764,0.982470423405226,6.837394274325153,6.876975051024308,0.6202622844801245,0.0054905063507804655,0.14565937433805964,66.94749053149428
214,23.985242926574813,8.002042168077459,2.7076419341214066,4.982505028482321,5.0132700877992855,19.961405915192916,21.84248747714121,5.681288030642045,2996.97260852448,155.9833225951106,18.81378040048389,0.49481310694577574,-0.00892821330845766,0.9875648517260104,0.9955763053450492,3.006422115572758,15.099765441971991,0.43249502513910965,-0.055214266369418855,0.15817484854703978,72.90187883493844
215,19.943703418818743,5.630863069742704,2.5961336786393376,0.04216942792523891,8.037564771108983,45.044189507328895,18.730063552630526,5.662712516984093,5164.011273464011,237.00854206671207,11.366963479826582,0.8153697516261551,2.427876534698017,0.7010901682083259,0.9736194368291613,7.415108345507238,0.059884834248267904,0.404137588124386,0.0008333972610647723,0.22305770053197024,64.84871941762354
216,22.018591343378983,7.115050551355063,1.284727185840653,1.0060221562227516,5.996310931600969,67.95739094659788,17.643559163578395,8.136290058549045,12312.013201519821,279.99231838628816,14.490607882789355,0.6139092488860755,0.8962465017008615,0.8605375172632926,1.0397177102248458,3.1526463907949296,3.1426629057284687,0.21422019330001876,-0.013773549379792888,0.16366310313486554,73.5162210763765
217,20.98093912833523,8.407449754275477,3.614560797226596,1.9369219792423693,3.988998469942719,5.027520999484335,8.722315341764778,6.586830687913439,12208.941174645755,250.99699876886808,4.80400786987679,0.34687922493700796,0.009394892636379677,1.0565432060410278,1.0052376483257803,3.9322673893701285,7.827666338465655,0.680532803474872,0.06499252872363499,0.6595852791348271,76.66796134211138
218,21.96431000022729,7.1023435320570805,3.1745268544702934,3.979793810563083,1.9895940803622616,36.95448780889283,17.38866365407266,6.76494092763428,11388.001162158276,272.0321105550609,9.703422947525477,0.2155579020337259,0.9102968378684109,0.853173783136202,0.9799693515155576,7.737907055600589,30.848497937679358,0.5567821051487295,-0.03839842619489891,0.2708873358026997,65.16291687695434
219,24.981269638308603,5.212007075665803,1.209169967059278,3.9742535190468513,9.025751196959163,61.01803710364455,21.491199457320043,7.363613387535384,0.012446246972673157,-0.08460799510287705,14.753133310026312,0.9053576161936129,2.8243960115585316,0.6580595242950503,0.9653109570347554,6.8010909883481405,27.43096310616053,0.2138615790469804,-0.006162737435315092,0.06037680953088019,58.63824918804831
220,23.994464239270325,4.106049587153877,3.0780623629356114,2.983612079724676,1.0109554312090794,85.0558574463445,4.635111310675825,7.34443488871535,7212.997488704285,262.98206151964945,-0.03580486758267455,0.11870119544933888,3.850963616369734,0.5647555091316183,0.961993378936031,4.665999876727505,13.940514874618112,0.5009301061781123,0.011492955399800681,0.7741743586651735,56.20151554405701
221,19.981857660063852,8.369100831756692,2.5730702184417487,4.016887319808553,1.0087385099707078,60.993610640303494,14.321895510064232,5.273018663325063,0.010741465165697121,-0.05227107678753748,7.385543172849604,0.13200596762924768,-0.04729193138128281,1.0123000308414793,1.05434664157757,6.8846683404820315,27.627373653978143,0.42179584482012544,-0.029181383648331054,0.4012517923370277,73.5201019825286
222,19.93383301828703,4.101382376648994,1.1808753769552496,-0.0032233464538274823,4.023857027477716,80.9923093307144,14.577257449529645,8.345424229722822,9104.9597483327,287.96412550689286,8.505895363913076,0.39571351081636086,3.9201513259530656,0.5118231965117221,0.9947946446741466,6.144282568533986,-0.04816575690919316,0.1554956832047178,0.057847580603742774,0.31808472949947747,59.96002608890621
223,23.026911985906615,8.367789340232468,2.388737776605481,3.99769403778989,6.938468427764384,77.0183131999795,15.603076947095621,5.747547381480481,3408.9767240708334,147.07213873476218,13.819277109393646,0.7373676471094024,0.010690873949800892,1.0014611682586456,0.9880143672946525,1.8581450857552178,7.3730432783453175,0.45385107951359877,0.05846364433579111,0.3540283735747494,77.59316984810121
224,21.038246251238363,6.602432476287024,2.498535104921989,3.039404194839757,1.0093020647162545,72.99011810632112,1.5267445021007442,7.876312979861745,2547.031048144895,150.01794504401857,0.02361484554054516,0.0733179863832086,1.3767306905543417,0.8000113794572874,0.993602685564049,1.463894313135651,4.578494651243646,0.4247339928026838,-0.02575252989167248,0.8687444076415345,72.17182159536894
225,19.019545659740185,8.685580561755351,1.5070636738533334,4.9791061673064,9.006557066666211,45.05454836111228,18.398757061904064,8.041646448095383,7192.00001714997,294.02854694775175,15.00840729458859,0.8716278563888334,0.010929267270502242,1.1085584751521833,0.9810937064158953,3.4089301938610768,16.91376511637425,0.25545847569049407,-0.017754245839143003,0.15953658778783866,76.93315907065535
226,18.965869429887256,8.076181448683485,3.6893490412571466,2.0559259857766206,4.050064242439021,12.00576576748376,3.11562590503123,7.864709058811463,5664.01019636944,227.9975841105064,0.019699335736115348,0.4128631657040663,-0.04223880630311703,0.9870811419462959,0.9967896852076427,3.1698529201949874,6.229594892521289,0.639448759327047,0.06440438681352816,0.7583513941704474,76.34332436738478
227,21.993955253981575,8.998803168487449,3.475770483267597,1.9798607722588675,2.95414236053209,93.99039491475338,5.71153794157468,7.306277074874749,589.9836043651787,21.022761414744956,-0.042586246373126406,0.2889369736408446,0.0979286853260703,1.147272304163054,1.0010478521081492,5.727736353810378,11.346244847952631,0.6460378172882241,0.25373312346651533,0.7257313445418914,81.66809353848282
228,22.999804360543116,5.757872813012153,2.988252900679319,4.002675945898377,1.0467155989713026,92.98379143416312,20.450423411700793,5.020980988857546,7365.000584820698,248.94700306477438,15.792725837031137,0.1078489769385691,2.2393471416048385,0.7356765007603027,1.0004501059642656,4.514821573477662,18.200890620922603,0.5089850152830834,-0.011080401803541104,0.18399261463419203,61.28341869772192
229,18.017963831686856,7.795974593679692,2.4451518611582497,0.991563892137917,10.00226227386774,1.9720115458948093,1.2815407627640805,6.448930067459385,7141.930939634596,321.0311489523531,0.021804718805426046,1.0597894635953347,0.21866908032223636,0.9730644518598002,0.9621220660397064,1.2853823252621157,1.2949091003609776,0.3942240147386411,0.012943073823275853,0.8911356899540271,79.4026848422716
230,22.02005021466154,6.015580762369137,2.167599921748536,2.003702574005029,4.0146696859198014,92.98116735039727,16.275487136240795,7.413606587377216,7671.025380358153,362.9754046764432,9.66278572111367,0.4118048522051193,2.0022689111203245,0.719117622158296,1.0267729294014458,6.7010811154668275,13.390497729852084,0.4206400128514271,-0.041601850820338244,0.25726969247079534,64.96336336878325
231,22.977974786036643,6.450200918384576,3.0048838985429973,5.0133377598521935,9.050277563628281,4.989479798190242,19.9356601134253,6.559195366194094,10688.054237985169,259.9840605254202,11.76908468585269,0.9063650861659236,1.5814381586558408,0.8205646465549262,0.983411217005783,8.175391537897198,40.80145845890324,0.49611034668949966,0.06590214801046718,0.14726742009012184,59.46664850774854
232,21.00245986669241,7.082316428001838,2.6448509092920753,4.013015057202666,10.016822838040166,91.98537082779504,4.6081708747249746,8.423166673994384,16900.968049473522,427.0151545321136,-0.01639652045563375,0.9739233886404446,0.8606944128196241,0.8966240118535448,0.9802400995836756,4.592285622855889,18.30121981376737,0.38258581022120874,0.0021858465643421372,0.7248922900713721,71.03274152369119
233,21.013718412138456,8.35252716077929,1.1606109441015817,2.9774064800813824,6.012011048683877,6.9802547417758865,7.178629926976182,6.254601315909765,-0.02820996562528705,0.009493402757466452,1.019190498050159,0.5490006058012696,-0.003414678824682716,1.0041587877597193,0.9788852195040237,6.179335874333534,18.565213834903087,0.15418980638277763,0.017567592076435816,0.6200179355324461,78.91781572886259
234,21.0436746696644,8.92450511034293,2.511819256775932,4.966312559676573,6.00726873557407,43.06296523691057,9.122293386173912,6.13048705409735,6722.013226396947,230.00253860145182,3.6014972545567856,0.5978236015417947,-0.025792819070853738,1.0835642322015004,0.9684258492060671,5.462297556993049,27.15825606028123,0.4109153724078164,-0.028051377965440872,0.6278940868962998,76.22912747333476
235,21.02113519619474,7.75858203882301,3.3759318449819644,4.075095153727172,0.9854956559501687,107.96909714770531,18.69853987292716,6.035168058309102,5002.044216378716,243.95910711539258,15.960840048110882,0.1320061073982459,0.1759567445404028,0.891929133553459,1.0080339299586194,2.787001489186835,11.04124810580204,0.5754158279081597,-0.03408272382896395,0.20214419829493835,72.18278813569368
236,21.023671700621264,6.0869153367547755,2.3848609877313227,4.985480469811983,9.999145326264689,106.00439897762938,11.957566944397579,6.322712573067382,9128.999937080478,332.0029944100647,4.498749679439661,0.9903118597881798,1.8574973008067641,0.7215311958114872,1.0268494591702,7.49744068817065,37.54303033207063,0.4246583663173719,0.013532738549472442,0.5126295367256481,61.4030514829862
237,23.00251479883788,6.09227138543467,1.1759066749814004,2.0209763731601598,1.9785346170163176,107.01777563029283,5.656467538602547,7.282254552448792,6338.963120459375,239.0288168406045,2.0724411936414517,0.2120438749761611,1.9074898915579335,0.7530987121693887,0.9783103234409856,3.5034446178464704,7.109998967507049,0.17245093307092538,0.05748897224310375,0.714944015611473,70.68245211015949
238,23.042313774356106,7.697910996400997,3.3780442807475235,2.951770760684304,5.998662993017236,32.01890323986751,15.664584777110555,7.853544761056455,10034.9937414829,229.98402538711701,14.38153547383657,0.6427949181815574,0.288690194825313,0.9308243307895693,0.9447062264385468,1.19700659770714,3.6809601587413088,0.5599089062020588,-0.016214353190014567,0.2629152215360183,73.4582438135472
239,20.012292883878786,5.22067493371223,1.6816573644371948,3.99161161840286,1.9299220790883471,79.99824178772653,15.391497662204268,7.682315775128034,-0.030897962409353778,0.03944811136020887,8.665214583559601,0.2420454893969108,2.816052147244776,0.6250500021183895,0.9691865620717472,6.850195194624477,27.261650227908444,0.24237716516081723,-0.02937308905449027,0.28217498811171227,59.25987840287287
240,24.974167362694793,4.579490971531408,1.82533367616215,-0.0038159815194732877,3.0128711870270264,110.99277892284458,21.9298992713988,8.272512311000295,7191.979934611214,293.97381924192257,19.314648200705186,0.31286447662805345,3.413712963809644,0.6167171047272733,0.9865514215211785,2.622516466210993,0.05779892659983247,0.3334114217249588,0.009153926406848995,0.010002292265733315,60.04606732520209
241,19.042101099103757,5.791788122434997,1.5330521358535862,3.014184452097835,3.996347882386491,74.01354642473719,18.38453562297546,8.648084964074325,7625.990878767026,236.00019643675154,8.871534694680106,0.4051031943597203,2.20688393890239,0.7558643997211419,0.9630569406570624,9.463526065694628,28.38623001465552,0.28847258808049936,0.04911579102915011,0.1572372822301406,61.37651978783914
242,24.02093709817617,5.3995718894115186,2.0147598046050947,-0.08167362422975817,4.989913887899997,76.00799564949935,3.706719289711974,8.261247672026753,923.9721202623527,45.0460598320013,-0.039574758051365976,0.4544410085299077,2.6797832077416253,0.654159954367182,0.9820380493299379,3.6140248037743703,0.035670088976654295,0.3920811969017892,0.41359233317519434,0.7282666610697482,73.87192472576345
243,20.986708679366146,5.504487938725564,3.251812296347941,5.00498421839235,9.006592742518205,48.992231234956975,12.741113876512525,5.122612027693895,5562.976662828275,216.979558002619,3.4917824006672604,0.8810941606746918,2.5247111654069663,0.7113061290320755,0.983454195271578,9.180733909158365,46.18624603522398,0.5605460504281728,-0.007496786049694642,0.49802353755036444,55.16103638431965
244,17.985615210978022,5.202934815241238,2.6118487391096994,0.9655077563389632,3.956993082311037,9.953143642848268,1.3189641011891056,7.970379057632059,0.0022360200066673048,0.03161956450131222,0.0020429246160927864,0.3915773257594578,2.762183019680503,0.6864461855871252,0.9995352993364922,1.3274679668686573,1.3484485615192119,0.4892922131122454,0.02511372993648107,0.9078303815245602,65.70358762322572
245,24.00889726635422,4.213080173256677,1.6321878884352206,3.0097303713358476,9.05787809989864,93.98596228833,13.659723905426878,5.859880975099226,9388.006451074363,259.0592395708667,12.579931059481886,0.8744300516569754,3.813762093437644,0.5435564547475726,0.9563513660124313,1.1033760941231816,3.4108928085512007,0.24587959112370972,0.028332464460368082,0.42583331586805784,59.86530287904242
246,23.013895543858027,4.125315185289252,3.5743980157788267,4.968910124094855,9.996916976155372,26.965603495088775,7.046562300725926,5.583227188541206,4555.957280589985,181.0051313220677,0.025717696099851924,1.007453597888583,3.8983794377109455,0.5214678244912568,1.0174034011897692,6.984769984294753,34.858173021764024,0.6064782547420121,-0.008533312956296848,0.739767491924458,51.10575978948479
247,18.005918767968936,8.91177902346953,3.628959800014834,-0.02566448087776744,2.9956246670108344,106.97998521349801,16.10186224759397,7.537420609070465,0.011891451675280123,-0.015810509621499207,11.242888205398257,0.35734944550458303,-0.04024591712479402,1.1454496923315522,1.0498281645609937,4.889214752258671,0.010345029281208337,0.5681754256639234,0.032899386995997204,0.22839090853607866,78.13826752401816
248,18.009339260203287,6.113607565705276,3.6211300862956226,1.991791171688202,7.971038113696013,69.00099669715551,14.334557992193437,6.265039449281909,8205.988541984107,401.9768178359115,4.671934299390403,0.8455328477798485,1.8573510135977012,0.7855855393987223,1.0428735161644032,9.670479824803852,19.410259250847965,0.6172000222423882,0.01586305060604389,0.3385647812650959,62.534532565356955
249,18.050998721237292,5.852533304997606,1.75556120134441,1.9684301159119042,1.0007183914734779,40.0107620843199,17.983905309009984,5.239592965404456,3915.0216078457065,231.03913808110042,8.315222582784152,0.10731639585493621,2.1135960875183866,0.7011071720932778,0.9824786755810523,9.679737396614918,19.32789629540425,0.29187564149069833,0.0004857338425479902,0.2512938540485612,64.1394995481656
250,20.032146294567045,7.401506830974971,2.3874665096245913,0.9857339665979393,9.041608796708198,15.053413582538772,14.719305595504862,5.544519006842343,1532.0234149256207,76.03830082598019,6.051201579863633,0.9233830221607449,0.6209264260463566,0.919332032381831,1.0200596548347507,8.707018492066538,8.67418305400759,0.32638459671906705,0.48949035923602185,0.3851365716528029,80.2705119636026
251,23.00571906773795,5.114385226440048,3.967071670531728,2.9641987269437005,9.03107748628296,66.98387780863288,10.526314199616642,5.009555025589945,20030.98366376457,446.04347927368605,6.826590006163658,0.8781418705393165,2.8686122840202644,0.6209379275682135,1.0165076141770604,3.656648890484439,10.923663282151601,0.69995487837321,0.022938143573349272,0.6349473349214275,59.670507544336644
252,18.028239317423026,8.721868235837112,3.2891511567188236,2.945004886449038,10.025633132534217,98.02323876905825,1.1430114402736262,8.65688246355159,0.018424430821131994,-0.0009851505196784125,-0.07046898215562927,1.043922680520064,0.02910501159583933,1.1220742045178123,0.998694245112123,1.1542805111444923,3.4837976700557327,0.5756605007382274,-0.031410382269189484,0.8769857878806212,80.19064913447214
253,20.969024282894175,7.879229476772987,1.1430671297949089,3.0305387115728806,2.016391968550018,47.00917880073313,8.031574287456236,5.085655598318811,5708.974891318809,165.03113420824582,0.0348575301363868,0.1531410021216446,0.10854743190445815,0.9700873384764372,1.0053101692352537,8.050311592158165,24.13557109760128,0.16666408343778571,0.04450536742208249,0.6443237241264697,76.28324532107794
254,22.011937811498406,4.380228821753341,1.145147823574741,4.961118539215282,3.9892437241731216,55.038879930119194,17.77041196312881,5.830859631122188,5232.039712861885,251.99853481826622,13.987926767460939,0.4273848448325849,3.6358757747082753,0.5274344508607047,1.0204913139057714,3.8810155077733355,19.221637084605867,0.20843653573449072,0.010361983979923342,0.2479293124879108,57.440425934984525
255,18.054279190491993,6.0827769797414915,2.337948728537069,0.9946395733717605,7.956495104988899,63.01728686158787,21.091192868688143,6.675229330105798,10200.976025913975,281.97350834635176,18.53075568679677,0.8148676913059932,1.9326886119501776,0.7933004622341492,1.0265012741312032,2.5333120559717557,2.5079303754641034,0.35518774776770823,0.04126840816771374,0.11551701524454788,66.45966967561553
256,19.993458623138228,8.41609241699674,3.7026818583679484,3.0225867324448137,6.993968836844001,57.96974555718141,19.339751445996892,6.423150447219244,11611.01058248826,332.03372530355335,13.371025396128228,0.6773242183973672,-0.004753107462089765,1.0577901304779531,0.9756498320979482,6.011110244648342,18.05504612456065,0.5935600514973718,0.0015538101588894893,0.17267273960039656,72.25511064507053
257,23.974570982141426,8.731016431647726,2.5867223212167754,4.981551676924519,0.9929238560639897,88.94830861912126,10.2039896494755,8.592579825159596,7909.994371725661,331.0490161083483,0.7426621100445758,0.09373639729786187,0.049067991903062845,1.1508534705189493,1.0224307416994804,9.460077261233376,47.17064837475514,0.4834057162400738,0.007429179952355865,0.510136753974523,70.67950543610914
258,22.98043733334221,6.287776196781252,2.5002318367952707,1.975245023007634,5.031463833190137,61.00933785099002,5.972667755257289,5.142596170719032,11139.969493164574,361.96938194081656,-0.02116477596249451,0.4659724189053182,1.6662765172963863,0.7616327543158063,1.0499938757045633,5.945447536098513,11.92226313434176,0.3820362721106172,0.011966599704224505,0.8081216949306058,68.90570957493313
259,24.96731100887973,7.127238869408811,1.328359353137076,0.0067871426600226445,7.009281713273794,119.98414647006298,2.2565961042712184,7.070621197267125,4212.027027472854,163.96881707111297,-0.025324131710825013,0.667250798565933,0.9717088351485212,0.87193492211602,1.026465449260526,2.2139129271315015,-0.01200400129508617,0.21695305619361827,0.01640548516148236,0.8544694468713354,77.6569934573322
260,19.976457142756168,4.803704394274938,2.9834229196164346,5.033538014681815,4.048369345837107,74.97059058762149,21.66661088572153,7.763126402527979,4743.981576045734,194.00119945802692,19.812440215316563,0.35226837998128213,3.1736364295854234,0.6336590321228347,1.0460938874586958,1.8935308237963748,9.408945424403425,0.458109169952723,0.045845982488335386,0.020056585532794317,57.215987341166134
261,17.9888847570423,8.996271426685126,3.443809825072081,1.9649205420474058,1.0359246562011453,9.961972668864007,11.025817644306517,8.69536144297387,28.94899783505065,3.02868385817223,4.437446217391029,0.12302541706602135,-0.0014400819503304113,1.0866269888621694,0.9224944192946489,6.563551802935996,13.08021529840287,0.5934716899369796,0.04080574139543853,0.4253796383551878,77.18218487226066
262,22.95783298942464,5.193658473105461,2.1613344467159985,1.9954955650394768,8.986305131714877,100.00482926492761,12.111895808115506,7.445221528023075,-0.0864604008950409,-0.0340145758126186,2.176506500858168,0.9361603490828004,2.782984351041617,0.6895907707377766,1.0178712718788427,9.873365159325745,19.81384867949061,0.36688235315918777,-0.0008396752734251751,0.4083712780971718,60.57465736137098
263,22.00046855001849,8.722398340938064,3.2700831513768365,-0.05197483784901982,4.9461461241014035,88.0452312309794,8.25738494993634,8.22090701408152,9410.973748659168,458.00681047210867,5.967935313568368,0.43514576408559724,-0.011303729636392182,1.0512763385344628,1.0079275380972461,2.1926939522527173,0.012066091920067894,0.5717239064938143,0.03028599200182426,0.5931764240694851,79.4792782951154
264,18.0270683152136,7.209767334503613,3.868228886339637,1.9882039698895344,2.0415672570182446,16.98773982962882,10.259325151926165,5.267732148053665,4477.041277252579,196.98228719137822,4.548908596448691,0.2551491654845452,0.8877066098754187,0.9183067068963311,1.030812540916707,5.63370889121028,11.362997513790303,0.664039520108681,0.012912569492087097,0.6231061978655799,70.26227932135285
265,19.972767314595593,7.068274762829429,1.633111600411678,1.0010261405361423,8.040781556696922,18.01770810933226,7.553667969412633,6.526650893910386,18213.037732154025,482.02102487299476,-0.019809312169835558,0.7996397529008948,0.9861183793776677,0.8197084692060417,0.966231215272648,7.566925009369492,7.555050967760005,0.30947173287358565,0.08866599302629294,0.6757114563629063,74.12594974500838
266,19.045578517709252,6.57443326071008,2.5884653263687545,-0.02563873925265197,1.9590136522729331,85.99693200949348,8.211435471706693,6.447918738213458,10080.97844204793,284.97606339535514,0.446735412898723,0.20869559614630515,1.425533251168788,0.8263538951996493,0.9848157672468485,7.697211210139278,-0.015639610447149812,0.41671248521970916,0.008742537625355786,0.6456105740140433,71.79987235709308
267,21.01532376265583,5.2155430510609,1.8980983044389557,1.986290244985243,3.045277200594825,53.961318537326896,19.57691453069075,8.591071838995274,-0.011233647441041383,0.023154090008225377,12.285032530524633,0.2558276149324477,2.792937912661407,0.6089140853184551,1.0270161019894195,7.246413107931917,14.533989936988444,0.28491843173390985,0.03712993498398226,0.04903739996234306,60.26004015652828
268,25.030917417568723,4.884123969705655,3.4144837037218094,3.9577531969507764,10.011463515117775,101.02204434030531,5.169850081195386,5.586920065369489,10734.986052607734,256.99525355567545,-0.02063505580026836,1.039624772504946,3.128096512887632,0.6702882571103447,0.9682099432762651,5.226653607999634,20.82119677857323,0.5490514850319707,0.02646246412600828,0.8142924626409191,58.550225126533995
269,23.980264963384435,5.07392139039034,2.7325074930933,5.002312358341444,1.0048205649437696,116.96715923867917,19.455983516543043,5.659585025590171,5730.959997035637,254.97188578428955,15.141601201517968,0.10600750279500502,2.8836752144488704,0.6053510846161345,1.0072694277235414,4.148648926934342,21.213068280332685,0.40961307550912845,-0.0614969484370029,0.21137307417994255,57.72462274549334
270,20.025635756811997,4.899673985888951,2.8899961792045468,2.0316708274664945,2.04844349762742,81.00064879891781,7.340941353196254,6.343405640603749,5204.971535043851,245.0019106986628,3.648822719840803,0.234164787193139,3.1076839628097748,0.5876342897305747,0.9994918425128335,3.6477357999912425,7.261737720608503,0.48569672409916287,-0.022103648367574728,0.7417347395158991,61.59452430580862
271,22.967241982988142,7.904120574382212,3.445598560177429,0.9670856839068861,7.040340555196918,24.98975438754984,13.268498098504399,5.200610481069077,4926.029434485582,194.94186080056534,4.9632031953272255,0.7366257496194323,0.11886094901418191,1.0035627786890862,0.9941220799940196,8.272048185690059,8.266621944917471,0.5624780172490917,-0.013182732354284,0.44120126706256146,74.60339031684069
272,25.026707425025094,5.887545206651803,2.1359260045379562,2.9813198470034283,10.019539928559857,5.026792323036971,11.240198738947896,5.697841210894618,3008.0151166361416,-0.016772837163148195,2.8715747802806306,1.0400462326816382,2.1783456563999057,0.7069712711330979,1.0171809592629066,8.35397851556181,24.8823977493861,0.3809927869265631,0.1430104584757158,0.5224678050299877,65.85963255958056
273,25.005155180193807,4.294475625529504,3.7227936171085925,2.0150763873936253,2.0141965119743594,2.968255470225879,3.0129907082698715,8.854193627524971,11459.008192665757,304.01012203210973,0.05827139031446003,0.18055157672443392,3.782731777726768,0.558498600710576,0.9665349763786191,2.9732374113830202,6.06690977409535,0.5681794224897153,-0.011857707784368628,0.7069839966198184,57.869720738453154
274,25.016597536599544,8.76609463811546,2.5748141732594703,3.0363627215796822,6.018491828715911,107.01172609723406,3.338624935425728,6.706860601272254,7191.95994560165,293.94684735662906,-0.07154233851506957,0.5937611397632039,0.020428231297013925,1.0786732946400264,0.9765964965510963,3.309564955515873,9.917704498749037,0.43294296209356614,-0.04113556193944849,0.8259594062469878,80.31023503165551
275,17.964732161831254,8.408190321524833,1.5411681394982397,3.9552043056337323,2.9879982769835243,113.97480607777953,4.8186967359078645,7.540384408318572,5664.003021096421,227.92286589440684,-0.013518574493594698,0.28164893775811456,-0.0067791286355212855,1.0263614713019233,0.9958225361365912,4.773053359451268,19.370508640172286,0.286434425959474,-0.033274948111316004,0.6827730189601351,78.48768012232192
276,20.9731479047317,8.537760798873608,3.1042613343649164,1.9949364578775215,3.9983469565080303,27.984666843630137,11.245751479608689,7.876703701314095,9647.930884650916,320.9298189804056,5.779560555693941,0.4268528938822385,-0.020917035505520775,1.0741732388175835,0.9639645290448726,5.497155420189923,11.008374229988885,0.5338335500300057,0.007247466287477165,0.4859817157517241,76.75952637768388
277,18.017916846547603,8.997241296521873,3.379812840039718,0.00849392466958575,7.972930485362164,57.8909439931738,6.510067311626792,6.492391846205666,5896.025284080738,258.03981385666503,-0.023261370124096632,0.8099866768809123,0.0027516907088094562,1.0884920847911956,1.0369276540699912,6.488965351031881,-0.005132578718138891,0.5098005903945629,0.05758193991347752,0.7406837859327717,81.03420293889197
278,22.971549559873274,4.900480758468855,2.019885232790649,2.9969383082811345,2.9900088067278325,97.06276295714854,11.247010654987097,5.597959841649997,244.0077572470221,16.997697229617117,4.386688575118907,0.33207434592039714,3.0635200596815957,0.6243909909400246,0.9760369858770988,6.918699039202612,20.491223614847286,0.33298206463889896,0.11605035812834016,0.5443777073149473,62.063856382480694
279,18.013896188762974,6.0238380114883565,3.6267956504162178,3.9256962379936873,9.989000983639931,16.01651670798479,3.7116359498001605,5.819788145298524,2099.959643026437,95.98402603817978,-0.02398804724838484,1.033382164091717,2.0534688579154983,0.7763189555960927,1.0235898880012269,3.7293335639581704,14.950850068884833,0.5780167511864295,0.2947854670341598,0.8208383463530889,70.14320303588653
280,18.95898586580619,7.829208667482836,3.7192568236857593,0.015032700279263157,5.98094083891135,105.97697957542185,13.588302283695688,6.22863878033746,5563.048492766725,217.02835464207,5.423768808985283,0.5481822152718328,0.21293761317203258,0.9915898991997731,0.9737349007915805,8.15580314012561,-0.0396886967725523,0.617052523228895,-0.015982181691755006,0.37969359020988885,74.95086117267199
281,21.02544522638,7.484892911432769,1.7691091128110081,0.045580090532719324,1.0041023950794539,41.96626032935001,1.6656785036031891,7.53445345050704,3760.946115060225,199.98786650952593,-0.033566310423293305,0.14052310391661618,0.4973604179776582,0.9567984261413476,1.0211259161842825,1.6287179882468408,-0.027487951603734746,0.2885804048329332,-0.004415304865356036,0.8468007282274546,78.83370596942648
282,20.963024300556945,4.795481579561102,3.9854794862913376,0.003499852535085103,6.990280574478983,115.98513053741362,2.4600031749809887,6.565492962445173,0.01590918546748807,0.00805385699600196,-0.07053671824044958,0.7285258287329714,3.2313793356307015,0.54225434340104,0.9517345397665932,2.3860316962163726,-0.0586757888285947,0.7188455589393479,-0.04626400952306732,0.8933444745035583,61.71400996174081
283,23.016568998130385,8.07701637508168,1.3998778148863569,-0.030933181598827898,8.015067041610559,79.02150638604458,6.433743357390322,5.031753160846508,6722.016655153069,230.0007726605277,2.010798430726904,0.7889232535044352,-0.021645443342579024,0.9986505676242282,1.0422584620313353,4.41190373576932,-0.026775129786734547,0.2359047288149957,-0.020972548240698975,0.7488884193003039,81.7914256768633
284,24.01876892800938,5.066158123355769,1.5987622104204984,1.9846061826090715,7.951330381601187,64.94323745223245,16.137735848518847,7.0925631605565975,8757.96280988682,298.9858700173774,14.29575738467659,0.8104937829958889,2.8653212124070873,0.6306880450306885,1.034053990153199,1.8650432829324117,3.689423080533375,0.2761694281014798,-0.023743519519622027,0.33975728528020166,63.47660881596904
285,18.979096845447113,5.1092968433814185,1.6224923642631506,5.053097392029668,2.996599356176781,32.99575246742117,19.20418864437267,8.69785121850429,2660.9988644792757,128.00882437651669,13.031940999647967,0.2962899128525189,2.896096007848138,0.6811335801538679,0.9834224947563234,6.2320594198457195,31.01528089167946,0.2653447583975878,0.10919671406067788,0.13097086319694468,58.47310900588426
286,20.017460797012543,6.661792433542102,3.639552963024802,2.027298876225817,10.003946549205326,118.05311925617389,4.079873505304724,8.302987272290155,6174.950895164736,182.0231978366426,2.7490835230687845,1.0184816703589352,1.3038263094840876,0.8200607783498012,0.975230781037686,1.28694160770959,2.6345177671855566,0.6309001851451924,0.012768861411096366,0.7375247183021332,70.4613221743061
287,18.007813267900005,6.987561192982844,3.0100298116366053,2.01920079855153,0.9906811228048936,6.9659816099209655,18.541395003651115,8.296026658409014,17297.91460877051,322.9944528014895,13.35467017530919,0.08885810857885372,1.0159175861977832,0.8059479652162951,1.0137340753750037,5.224441619649462,10.371017213899812,0.49349343992465267,-0.004582832060611759,0.11822728567727693,68.58350832627015
288,21.98383474431422,6.870144781203023,1.4913005593669009,4.0106923775060315,8.994828219005724,12.00241155116291,4.077019168758768,8.210137936013734,7603.967963713192,351.98618333280535,-0.019088410491756115,0.9143678172350732,1.0557116625070329,0.8323809147900952,0.9542168133458875,4.090595238379789,16.22485028762168,0.2732055343800779,-0.011332937719245614,0.7229241230076064,72.46661213945082
289,17.969743359477715,4.516490495588708,2.2748449815084815,3.980165886634271,5.952442619678104,105.06609929445773,11.740649354343587,6.296887621909271,13271.981501251732,306.98972462776004,8.096456226031574,0.6020191591397805,3.4863104950994233,0.5426642034783663,1.0010425626038275,3.571899478104835,14.31444697072546,0.3715755688488262,-0.021291005239578144,0.5487846361491138,58.2550445498453
290,24.941121229249823,8.454042902977996,2.777725396666912,4.993982864580327,9.010694313140085,7.0189645488907235,13.441821110481575,8.052852670943047,0.019327685424323757,-0.06893737598357196,7.130940791609308,0.8870341828951409,-0.09250394379505665,0.9853055359821704,0.9757723469524648,6.344349977387404,31.584189933806748,0.5079602678664914,0.001547342460553035,0.33363247338661445,71.97856657237453
291,18.01048950141899,5.2609523605159,1.2935638700644612,3.9976623179296444,7.019428179477012,93.00377771461456,3.0262157535036804,5.566425221901463,1251.002022242552,67.00849178639527,1.8120281330534544,0.7057040873470617,2.6645295248728176,0.6915610756211762,0.9923706965416608,1.2826823981502735,5.106258413471379,0.2315600795660827,0.4905715943267605,0.9196977352486675,75.54615224349381
292,19.95305591685914,4.544409445513073,3.4919674468662145,1.0164872294819334,1.014806118826113,95.01519909364727,9.329800127646266,7.628235207724958,9572.002806363782,224.96372666133036,8.004590970697691,0.18119408720466273,3.4214578460110125,0.5279125990344482,0.9806845368677899,1.2883137127787003,1.3301048312289916,0.595423281510697,0.04641714014084949,0.544403766392049,59.42020835355298
293,18.00286032598324,8.396253393439498,3.3789613128762532,5.045267566828007,1.0311618117832655,98.9879740399497,9.861936937836239,7.578393031231847,8274.969567351302,373.0188915617236,1.543345561038431,0.07943390110522955,0.028830774257242044,1.0633806464469626,0.9760489410131865,8.397920868879563,42.004015438877936,0.5919294215993243,-0.044937053177645805,0.5439068664177252,69.66383526006813
294,18.992096553517534,8.800470933878733,2.473725555260611,4.033550144103794,6.006045888173475,110.0389889385591,10.264372035361694,5.0712203770434305,8241.984099660878,315.99728727697976,6.0535076084688875,0.5925016922621529,-0.03426013605939059,1.067228098229104,1.0511438247287375,4.2272704715679765,16.990209760313586,0.4314575680931379,-0.019689113335513257,0.5849714145862704,77.9676374761568
295,19.020374283263145,8.30655977920272,3.9159834962796785,4.957418469326119,5.014360435419528,92.98802009931299,14.22478849431401,8.106039788496652,2945.972102201704,121.00315363289592,12.06454788428539,0.4799566280110091,-0.009738136472231273,1.0827095310191523,1.0234163045001092,2.1461071925083997,10.735809273717825,0.6748194545358448,0.20183771028614436,0.3083457754676815,76.47589712651185
296,20.990938635015304,7.98661038454297,2.275834199524684,2.0067198490670313,9.004682722153705,63.94122455173792,5.490237361858815,8.629628921804228,2482.963250779789,126.02100987511818,-0.030580844609569946,0.8831035084341725,0.0007681846538398235,0.9917153890666554,0.9556041105348356,5.530633788632,10.999027229247732,0.3859056496957306,0.09322838058557546,0.6613578577422234,78.81344255525293
297,22.990116566409586,7.293980821035237,3.9935465859948853,2.022102900355037,2.020626521587775,41.988260906881784,16.729269682291875,6.096943714977438,7622.982189017191,361.9722042870098,8.766103612246965,0.22447323060156074,0.7323433041652635,0.8981266503624371,0.9737255978569778,7.880701737821582,15.895737058517994,0.6594310336343068,0.020159196651063593,0.2827256681365496,68.09490110922371
298,24.02195612112865,6.811025312316218,3.046268298829839,5.018565809904339,7.952683110916037,37.9709979641037,2.23467226314549,8.272369074984084,3490.002235371553,164.01107745330052,-0.0018260751664869127,0.8214764737890821,1.24587284599551,0.8658476333996997,1.0257234708800473,2.266692662758787,11.402479469767322,0.5040582854741966,0.051515815278897654,0.8487267250812349,70.76617552050195
299,22.010051740872523,4.431212926779345,2.9298305455944624,0.9811229870983774,4.973192570960659,79.99156417963408,3.2636831372070003,5.334649160556694,-0.017179155582726098,0.008028631576879943,-0.002809418560146417,0.4998240949003607,3.6045924676566905,0.5197809854643778,1.0290606053141351,3.20534487701116,3.2251648206778802,0.4683220350767799,0.024993088058624307,0.8704040894433522,60.99283530068379
300,25.009484678715484,5.941348536890452,1.5270681419983037,1.087423276473051,2.0476069897109928,57.99222747822758,14.929835564244481,7.423016738823599,12691.990294919917,379.9944565750207,13.13559984274911,0.23078889755807336,1.992181500332533,0.7672663942168261,0.9584475191304146,1.744760445784591,1.7660694402602652,0.2793798593358682,-0.036060754975353854,0.30310570241836077,68.78759653336141
301,18.014078027694257,5.888931816829056,3.5850038270876747,4.961687463130066,9.926186925337113,83.03592269599415,6.662935142373302,6.961402870780515,10387.020847444328,234.97215441397708,5.1532906282552435,1.0238032988648293,2.0566891917389807,0.7230499412549053,1.020958145460739,1.4404422190524624,7.330630971486125,0.6440756044330216,-0.034626846956517146,0.7232610007088391,65.44655870095427
302,17.953932836303785,5.3064142638182314,2.316290968378689,3.9675043466000184,5.99579466210524,87.02085878179993,9.932267742953101,7.203628880768648,3789.984977367439,118.01785715092166,4.215633510382708,0.5951299744192136,2.703242077036832,0.6446619446016981,1.0079508734839906,5.784236794777746,23.10125073456973,0.40070445888091244,0.2479196543656012,0.5707811504371985,64.47656854076135
303,20.02270366039961,7.572460716861678,1.492983065986392,3.007007852437847,10.035168248788242,113.00789796462726,14.847591521482727,8.674213775359735,11494.95998100107,512.0211036363326,9.04277030083252,0.9539840577461738,0.4622476750447083,0.9473729386914815,0.9417499010480319,5.88141135807608,17.540939445725815,0.29254472830499395,0.01329143392861477,0.3138893631697688,73.28441152512714
304,23.018374063820406,6.551935088953019,0.9941172036796919,1.0635040916489156,7.997202180033747,84.99991163766002,1.216144749627585,8.45709144608536,6088.016903605648,286.00340806077935,-0.042427593480859255,0.8248934902384701,1.5387057764981196,0.7798098869203999,0.9879040684482008,1.2504497487666857,1.2484441341454846,0.20047260304994458,0.03618406679991907,0.7873351384110072,74.79740749201163
305,18.969499506142704,4.380937703593138,2.712290560312397,-0.025085845521125125,3.987849667856479,91.96823425973426,21.501415299650088,8.128342922597433,678.0079754894552,54.96789092752856,13.949630877768254,0.40508993863005927,3.605245748887767,0.5442732494624,0.995915100509485,7.5403920497307295,0.025021074344899048,0.44195244760884467,0.4771587307554201,0.022271682471255605,65.09517847106167
306,21.992677585789774,5.0987612193897816,2.5820901923473722,1.9920251490305902,2.003882650304459,84.93456474287002,16.68831742821164,6.08947847671372,4993.009859784946,237.98417652901225,6.881656199778994,0.20066670391101776,2.9091013342610035,0.6476845514136782,1.0014547541610204,9.801321049797581,19.53530867715836,0.4584071083444561,-0.014547122452801138,0.3035417730722665,58.73577162392556
307,20.998820781371172,7.416680662905269,3.2447900931332962,5.032318810190471,4.989406394599927,43.00339480034178,11.114889426411755,8.642742366186031,6093.018775159726,241.9981900183274,5.450161083978366,0.48601855939970856,0.579344509156438,0.8557377580384672,0.9603825163803993,5.718112918716069,28.265707856564493,0.4948443564997391,-0.007519503213799641,0.4110646801332913,68.06288955400012
308,18.99596509646795,4.382261456335944,3.695196095812062,-0.0005358646466320049,2.0009254847827083,8.023839236107209,11.021403867881263,5.333699290059863,6910.013699245819,231.02065483649946,7.159841437344159,0.22233946847348948,3.589285931136704,0.582739225886128,0.9771095348744588,3.91068499890063,-0.049393675039824524,0.6222487300567113,-0.008121471720500257,0.5751504483623813,58.71146711210028
309,25.010015798997056,8.244602808565869,1.2185508169877899,4.989961884364091,1.979498568904396,35.99674998350266,9.651213184803197,8.461650778364055,108.00086186077414,2.9524953179666067,1.5039133418017465,0.21045488757285505,0.004427975267530467,1.061979343903837,0.9813116878405476,8.187309905002731,40.76661511640951,0.16452936929063322,0.07661935615235216,0.4886900814228094,73.66380284725041
310,23.042941003454935,6.487140364192504,3.243668014377719,2.0169689870566017,6.033260232598671,72.9839543703164,6.188475041937467,6.301778620333428,20159.071743579887,316.98308589607086,2.7676822368416873,0.5928951587159311,1.5045190302095532,0.7568626847630089,0.9839297285002074,3.4664157643958036,6.926160997383861,0.5300436562061043,-0.0031214102399121733,0.7331931013854186,69.47642743454259
311,25.032453001830184,6.430883216677811,1.6309496132372554,2.0081755397068877,10.04269794763197,35.01393506495643,8.881032749813706,5.225181132497308,2496.961450937611,47.987919823201736,3.9468438818087197,0.9632363635834327,1.6303224979870914,0.7396870311293406,0.9844300765824155,5.0040766112416435,9.912163667277586,0.22347582278210165,0.5606540948026869,0.7633062668662979,78.93969185654115
312,23.96063342419706,6.9898931461964455,3.5577324269192845,1.0309131635691038,8.99599829033665,99.99750003398127,9.38678618348488,7.717336469722891,10676.982407481646,205.9975033526179,7.665126417111667,0.9320378730564023,1.0288624879822388,0.9002571987680359,0.9960210126725655,1.722922998028896,1.6970331058088788,0.6328291215811814,0.027344499073699305,0.5482639229238538,71.31290721829163
313,21.018662099709182,8.07460697095623,3.5133468768502967,1.038744066671961,3.958405317379263,91.05057232575922,20.8600510046604,5.859650831914363,18193.02902003094,285.96096024147926,19.630166626607068,0.41814715669467634,0.015617003406332477,1.0354355672554816,1.0092890984533125,1.2028272053098978,1.2357252657980629,0.5714868093534196,0.04773263651318224,0.14369061460975324,74.90614482061078
314,24.03986799958606,5.727770166285082,2.6255215818338193,0.009210091800160851,5.984284704890598,27.03698185026205,14.043715335528884,5.9546491838426485,9648.004277588763,320.9934740166488,4.425647365972346,0.6076620869983679,2.270025614654021,0.7311910426197419,1.0532267717354373,9.672982189731982,0.035890295977522794,0.4605230099343129,-0.0010558764297497235,0.43880324671714194,66.24120684419712
315,20.011604255620675,7.390076753119309,3.1267558906648225,5.008751981761349,6.994480340196911,41.0287852417107,17.12453055897849,6.208386481792606,746.0227376910203,12.990685493070622,8.599898623518394,0.6202967801465801,0.5711575403645456,0.8821922858949305,1.026126662606397,8.53135524691238,42.5757506253784,0.5144010477857138,0.1927340741659995,0.282502669263223,66.89682986975438
316,25.03272941275558,6.784695175590493,1.8666011549765609,2.006423329468584,6.015166166307096,42.0227320234263,16.43319306249294,5.23991069863648,12692.005092692885,379.9688722438553,9.141473030682052,0.5988631722865182,1.1733632558914626,0.9048592667123044,1.0395059016852926,7.288223333106916,14.567071502194924,0.26134052424396126,0.0548331231178947,0.3137256863818643,69.58600494645759
317,20.060368113371023,5.304483682689899,2.38028894288948,0.014673916699478628,7.96975960330488,83.96129497756645,10.398050758344882,5.704795402278581,0.04122169653479944,-0.0035390275250605256,5.645109957657484,0.7927638888957301,2.7070656086762,0.6398499739955341,0.9855773294492896,4.654374599643446,-0.014701095932855394,0.3854751364735022,-0.0033101912213386966,0.5310153147923684,65.39405081727512
318,18.03071128638321,8.423122506288564,3.5298367470722485,3.001655119136144,3.9769251304407356,87.01988981106157,17.83810417031399,5.063414043953345,2090.969774674331,107.98376492709643,15.247088436594629,0.3814451294483698,-0.06078963164268425,1.0571842962305475,0.9698823054927121,2.5976385128564004,7.700198189701724,0.5674119836050723,0.2137783460659912,0.2978712681189428,78.82185723089772
319,24.007479257869253,8.071451405951976,2.3771471888795204,-1.8254469668683514e-05,1.0153202841357643,41.0112897787294,15.866598295976985,6.800203766271817,10499.040273796682,306.0148675842753,13.40904068742191,0.12262705835692853,-0.0001882521739386475,1.0075533706551651,1.02404275826642,2.4080904985139777,-0.018426706776496878,0.39955667506877873,0.06561201854304655,0.29984333581546835,77.50032845672224
320,23.03135265422254,7.324817083229722,2.0910091183000707,4.035898813624817,7.028167264961187,103.01819274185173,17.041610724951806,5.368741058058864,3587.0351298947962,112.97344017316988,13.733572907320184,0.7214458010250183,0.7422592814936243,0.9602879345839207,0.9995136718034572,3.2773674610993107,13.059256033572094,0.3952410568795184,0.31615329781387186,0.2594252708498832,76.1822211210659
321,25.004346634992906,8.334795198991651,2.547276274285059,0.045483485410651295,2.9813521786448796,65.01477828460439,2.0899783827684995,7.7314136081543285,12385.963691326573,299.0026950236639,0.02491713040264222,0.3131047415157716,0.020004781040419202,1.0412550189983123,1.0219095340038862,2.089290194742209,-0.0009348900949826986,0.4668751693467104,0.00037472240652199247,0.8901317825486835,80.98855639196235
322,22.000717091298547,8.284821014030365,3.4985660224884563,3.954773411660997,5.96000348838147,54.01358287763544,2.1231316528058435,5.898018808615635,9148.018919962296,335.9757483348831,0.05316278252475746,0.6311367274430323,-0.010521828328373508,1.049975240670236,0.9735309932624487,2.1636777233496,8.600135497542816,0.5763963685975008,0.019498848891255086,0.9157100913009654,77.94024863835078
323,20.98945757292859,7.469223956820915,1.9781967758649848,4.000300634552217,2.0985235460386367,71.08102599408649,9.194496165938057,8.707609088945619,10929.998708802033,213.98200737285524,2.2771012559599453,0.16933104457898474,0.4790523375875066,0.9351862236763775,1.0194573129630293,6.948792082774094,27.781207854586977,0.2955249715757998,-0.03134928524258076,0.5448497573065997,71.04213126806161
324,19.046902400764964,8.201869940488573,1.4736714792941128,3.979339166996643,9.023499127112661,46.99771442990144,2.607903813319924,8.444117768303052,10685.981802539427,266.00891874883115,-0.021605640350281324,0.8863903782969208,0.024171458543300467,0.989102018338649,0.9947425154077032,2.6101597603414364,10.399036899453812,0.22767673702941846,0.03328256459781715,0.7213774648105684,79.94419680608114
325,22.97544714002174,7.503215097457788,3.1099815798875556,2.990670856005418,0.9919898871469891,90.02809012142488,5.543723138481113,6.170792971124981,-0.056658575691531585,0.007041531985264666,-0.0015068905376980932,0.10224376789557418,0.5091816609815681,0.8679401821068906,0.9861729704659519,5.5587596438221425,16.53564789526117,0.5310549417330084,-0.054000911784946086,0.8079212783393385,72.81551581997468
326,23.045971031740343,7.367644617759063,3.460005559745684,0.012075486292059642,6.026070938265925,20.98587030569208,9.630588656251954,8.13095309138093,11885.969675589866,295.98748933452265,2.015140618288707,0.5813399394231625,0.5926070264225174,0.9259773962438196,0.9889973270304997,7.580550928717048,0.00280501110545393,0.5800860594362014,0.032119264195196104,0.49627718093482115,73.71463037575589
327,20.01499592371221,7.09474116410288,1.2925799210831075,0.020083151146274052,5.996266301108568,100.02371924751662,21.89721150303816,8.203695090573321,14335.021243364206,345.99191768145005,15.835602538114069,0.6218150766511062,0.8823290736328161,0.8451291072845566,1.0147130025174362,6.005386561070328,0.024362259706699346,0.16940699326742187,-0.021651326042713838,0.037774736455502306,73.28938182672407
328,23.95802081475594,7.811979528051574,1.7099969160497006,2.99663620669166,5.026014706673005,26.028179596706973,5.749040063259043,8.938942692797795,3588.024415238078,-0.043608193353285724,0.02347785380055676,0.48433397455604915,0.20229148969061841,0.9855053164594161,1.0232242394903317,5.781319033880022,17.327352957628808,0.26822555563260253,0.17463364199903833,0.6426960542142893,79.18590038178677
329,25.01102947878974,4.810811801850543,1.43897449461643,1.9425997899583158,5.004781795933287,120.01093278231406,7.240207471215557,7.4503516472632825,5564.993678685582,287.0420829293174,2.430156941905571,0.5389511001334026,3.1909088970803907,0.6044625026155247,0.9890075752683742,4.7710873648339716,9.570532253336749,0.2726805510008268,-0.06004124313258923,0.6535976965575907,62.91403461756302
330,24.93699920477045,8.415128635601528,2.0200264424111,0.9710486325827146,1.002738156945027,92.05007740827129,9.092880521409839,5.305312892270706,10520.024509554294,180.02062369193635,5.900942223312523,0.07206521794749432,0.023531387097501445,1.053733010881421,1.0103292948526998,3.1586805588165907,3.2404632929942654,0.3421010120563791,-0.014284577385938649,0.6632188445416822,80.51110928243621
331,18.01876524050493,8.408728941904124,2.3785780464605346,0.02689499010600498,9.996592543953076,65.97347171890918,6.064828580722277,7.617834583683481,9105.028357802337,288.01954344152614,1.813336456396116,1.0639595094850185,0.0372350728793615,1.0184122614161262,1.0102244918299954,4.221160338299005,-0.08685798059607076,0.4014187425568176,0.021333414773248748,0.6697458690566542,80.64048850529343
332,18.02655694448967,4.084789740221898,3.2353525795269116,0.917787207338952,4.956578559996108,106.98538337174995,11.225643140624832,7.50005738808063,0.004639198758790421,-0.047850966508686456,3.476256317556393,0.5608789206680727,3.858982505164719,0.543596322290841,1.0221501058009488,7.8168658750728826,7.790596828942884,0.5216695152792518,-0.04169675584376217,0.4501878912272497,55.91404915903853
333,20.98222932133044,8.084582981200535,2.9910145488735758,5.03562281455046,2.058142846981794,12.006371402580704,7.207526621225526,7.54817181464642,8862.978329991285,263.9821353002253,6.132300516291451,0.19715740561053968,-0.03677458717586518,1.0267431329168883,1.0296074557984947,1.1045085436375122,5.65394232637197,0.4862012707720032,-0.03706717768326944,0.6241651943151777,77.33808056934903
334,20.00370643087867,4.5640314580601835,2.8629289093385175,5.015636899719336,6.971753982391967,44.02642420560453,2.3806142091800893,6.265299126458503,9715.013231623385,394.9899636191323,0.312153320150312,0.7343851135277724,3.4404416856294624,0.5395490065080625,1.0543366416181814,2.045928163743771,10.228218664763922,0.49965215039968625,-0.014826614445559928,0.8479260570843526,60.57549186680727
335,23.05862472301251,5.753543251175553,2.094838759222036,3.0394852824459004,2.9591992927106823,9.005382885638848,14.076223875185645,8.483875911480743,0.0146095412297659,-0.05793184476102037,12.674394060610913,0.2879871581847418,2.3049745682799183,0.774556427517668,0.9860448884043096,1.4052400712638284,4.241199009856545,0.35426182117934857,0.024226590434567246,0.2959953575558644,65.69562778649014
336,24.98482759887214,7.700403510938579,3.5431450760343712,4.994042924393571,3.993614203517309,99.03857277109532,7.1782221364947025,8.832813516293454,11423.02021833171,330.02669850288225,5.769284043285996,0.4303985949469404,0.2660504808963346,0.9561762604724557,1.0438002969898055,1.3142874258601864,6.835477342912925,0.6064638190605522,0.027975884575396057,0.563679589721024,74.28553394943883
337,21.9682327723883,4.793254408326154,2.4049572015019476,4.938157837279313,2.971155845594685,7.98014930387101,11.98362591720677,5.893976081577264,10677.0259620981,206.04361653465645,3.3054499749015376,0.2947206500562969,3.2294975481998196,0.5599714049802358,1.0035122312518403,8.701790797673809,43.531956310097925,0.41639941836520183,0.004196107971061484,0.4601228394199122,53.67690861902594
338,20.04444990207388,8.072136237556427,3.9003756559298934,2.012910879245195,2.998448616283192,52.96578264531534,7.782442317293221,5.360916740864501,3789.9591350628425,118.06185804868011,0.4950322566722189,0.2614368030447455,0.010250552996664983,0.9897494404721451,0.967155963837649,7.350322940311214,14.676465135399877,0.6505916036477374,0.2830427556713939,0.7141766549382449,78.17446397168835
339,21.058877615715925,8.288069737069833,2.9491163493410855,2.0382395937211504,4.020632915456853,119.0092438500961,5.980302010255678,5.780223114164298,745.9847021226391,12.968623485174469,0.6626921405767245,0.29401545436963306,0.06609737285774678,0.9797332741530017,0.9804854654185818,5.251087459345505,10.46515013810169,0.49485962735970324,0.17558665539566562,0.7602315229579831,79.77978825919956
340,21.000110870155435,6.467800159033313,1.3570593545883671,2.0277416541654025,5.029859087015876,117.99768459171659,21.100953761071267,8.28612764827971,7327.943041359629,318.00351970490505,19.15405594663135,0.4919385966178817,1.4929409496820338,0.8532828075306071,1.0139788036064865,1.8883588308395671,3.819446180992254,0.21555735893126438,-0.012509618873005683,0.03529793636618101,69.50262236864717
341,20.03034389106225,3.9871345622318177,2.9614320265784166,4.980119255495359,1.0244419216486504,26.016285911610748,8.437593593910009,7.689359735554655,14269.02240988115,398.0396845480745,2.962142750295821,0.10837187526055879,4.033261119912061,0.5324134498048756,1.0217128213577642,5.427786235288297,27.065517997137924,0.4985549410688392,0.02728536331766609,0.5988401904105202,52.38447248438532
342,21.040244277465927,5.412475105088582,1.951524605870995,3.0026028322638796,3.9908310383564296,32.999177931274005,17.262532716290107,7.530817018200067,2563.9936306565605,115.9923914456316,11.995303494167665,0.43990949278108654,2.5565349668260167,0.6971843872420912,0.9695119642981651,5.2926107037022145,15.812482089846535,0.373561846005642,0.1550580087425773,0.2103641982833583,64.41548542580684
343,19.97772547302385,7.118006388972328,3.1111794455944017,3.9840149119366024,8.001487754829848,113.98979940628129,7.931241572869213,6.5925809416074195,10735.01292442212,256.9829903625847,5.400915310307785,0.8010987509645418,0.9418808265049076,0.9040342570555855,0.9770834723014531,2.555706057380077,10.188337751605808,0.5169879674970377,0.014594591946303465,0.6160051742679635,71.48347260590721
344,18.985440824938966,8.928737961656472,1.2049947938134538,3.975422006074319,10.012236371526924,-0.0022481271517117048,12.165428675081865,7.337041301492867,6156.955729637554,309.94401946979366,7.28755567697595,1.0300873040415277,0.028324801746334637,1.1499502648244913,0.9840065002942326,4.928697598316565,19.661362571873124,0.1934842834940312,-0.0349804316812726,0.4474515940325574,79.0212190861542
345,20.036926235394642,7.254228255233078,1.5462820910183932,1.0286616571353955,6.947266377281738,31.000865466843795,5.713652718912206,6.2271439665337684,7711.042029425491,376.03397867373315,1.1837286431124643,0.6863817535833542,0.848130423013813,0.8927401736273419,0.9740989593430581,4.577142026901795,4.578202638193866,0.25631453288120765,0.004284016181670044,0.6627507683954412,76.30251552532665
346,24.050550428361255,5.315184729663821,3.607304252314103,3.964074030662045,9.017117541003596,87.99085056100455,19.342218412262874,6.871068579261549,8246.964169825062,232.9994221773178,12.841761905515826,0.8898816309140567,2.733317409525262,0.6751798643043717,0.9435974502925754,6.601670541314803,26.182131856563274,0.5650328899416025,0.03655703101589424,0.150090480588717,55.93395586768019
347,20.016886425805232,7.1683190760010005,1.687875285215621,3.9731855070825515,4.956281021372485,91.99390603861029,8.855888170153225,8.148296883305107,7706.023236899132,250.9781197442311,2.140319165369263,0.5316210704758576,0.7970285544237294,0.8756432540884801,0.9334205886111009,6.702737609849597,26.803786633381016,0.28995878187747565,0.0063959453974545555,0.5637883920345171,70.46010586557686
348,20.973605569394937,6.692291646246347,3.500053846186343,1.9668792309958285,10.061210397967194,69.9878921998904,16.189376475830205,8.824022060643635,3809.003538505127,215.00851571869487,14.766046866360929,0.9260597654599219,1.264866203078894,0.8328965434267658,0.9885457865350489,1.3871861142184314,2.837359070855595,0.634214653817477,-0.00037732949227020537,0.23682442453895536,68.11867953013842
349,25.059611833350985,7.909234971175417,1.8035312225538287,1.9552925743010285,3.9878645474607493,112.02569995359609,4.100324011144842,8.715165221943536,6174.994316716674,164.00459016119535,-0.017587067231991903,0.4003895148670875,0.08193841298907852,1.0010023151950218,1.007562378688791,4.086985236416682,8.1924890663623,0.275741569373416,0.026051766318258403,0.6999500366470202,78.71763912035284
350,23.98407087306564,4.562046781245175,2.849847161800155,5.004392428755278,7.994453744684162,66.00582063013518,2.5187079858115604,8.741129351952914,15111.991895196801,388.00504777307066,0.0035695926418501875,0.7880011595133241,3.4471654883840563,0.4700657152867024,1.0196675682027596,2.478159432834683,12.51851969800372,0.4913449878413114,0.01989928476253185,0.7144250497153879,59.04840651543168
351,20.989945866564856,7.758065835647271,3.1813099493300467,1.0348450914544594,8.976908787022865,83.06770257416507,1.1275115263691862,6.605915924533991,10543.98085810972,244.9934870581302,-0.004363847678097695,0.9408183361455685,0.17237302906448887,0.9564086767309585,0.9591299777807667,1.0425403069831851,1.108488498708145,0.5159618394393327,0.06402006055975708,0.8505853575325732,78.26573597870119
352,18.010270135034688,6.736077295156757,2.515596130543057,-0.0055463026873579695,6.981100899044329,19.004821136538354,5.289863005543232,6.939404630545941,1532.038855885307,76.0486707447629,0.049871000088314535,0.6841526111506053,1.3127758404762528,0.8424496141932255,0.9596398264782191,5.301828070627736,0.005355266084959035,0.41519404482457134,0.48198988677947596,0.7624748965399246,79.9764535854138
353,18.04662481262144,8.805397431086393,1.9063002492406775,0.954827565983075,7.068222807074298,115.98347427589015,6.166320346990771,7.837247181227451,4597.000378385031,228.99599020800213,0.025546444057935734,0.7154975490871028,-0.0014325863647555892,1.0976745180217589,0.9841621419068693,6.0781205385894586,6.16367875789915,0.3146528341866529,-0.015075414870968048,0.656463841440137,81.46453280011347
354,25.025619279296567,5.725134916056884,1.6184549195283575,1.0251983361922608,5.028211090658699,93.0801202612459,17.4454442558305,8.705913555592675,4731.96192335409,63.0485796622897,15.021864944619583,0.5276455090800408,2.293292295796033,0.6989281102276341,1.000100273586657,2.444883843052885,2.4420826383348797,0.2880959331797862,0.7644904114093065,0.2205189722590989,77.76209682524376
355,25.01244596501086,7.196940158500922,1.1212823294175982,3.050571052621049,3.953523926645565,34.01240879133143,15.000666376889162,5.520701928962892,2717.988481193939,47.01692350779201,13.253380461377168,0.35522212017608773,0.7762069125215749,0.9176745581642244,1.030263448011904,1.5948658091673162,4.892062753497299,0.15038969310271488,0.5345078681623905,0.35308355761920185,83.6167224717524
356,24.013898655903542,8.67472702109621,1.895783395434927,4.9806127302756025,10.045126387020558,98.02970374360679,12.235796433374611,6.209060738376486,6564.003850170816,345.01053510428284,5.4434116159461885,0.995818890751783,-0.05317197032574855,1.0662686288037584,1.0215316620757067,6.786038585862656,33.94506235786986,0.3373268793638984,-0.03717714442532537,0.4919367437664249,74.56150244614415
357,19.001305440059305,4.52252618338204,2.981062765912779,2.9856433719984685,1.035797268254243,112.01776308949607,5.73169194852242,5.545400115780288,0.026934158443359762,-0.003398242598344658,4.516747802257666,0.08705090697742186,3.5054624933971175,0.5258427762004039,0.9889651548655881,1.1729283247826603,3.690671695906834,0.502074033887502,-0.07297428487238099,0.82820388239121,60.63759827071104
358,25.016744185435556,8.719632930813168,3.817983520589651,1.0154698189025018,9.99156362613135,102.01869033087893,2.754864969965963,7.42641756403576,10428.981861408385,334.0292187008064,-0.004909713317096185,1.0283887974048878,0.011374805774059298,1.1230129831886866,1.010804659138533,2.8064355253483475,2.7347071268288006,0.580451654137635,-0.013848062746644017,0.8295271912266518,79.43849608859156
359,17.924113197669172,7.429161708972192,3.6115713252159436,1.0486562124335514,10.009200908260896,90.01606962154058,18.06759191180787,6.2060035800346,-0.016133296674136433,0.0033897530273398584,8.521025422993134,1.020252455224366,0.5702530931985982,0.956279455778116,0.9746938228260948,9.481754870629443,9.432446185022656,0.6113951474189097,-0.04213312841599698,0.1914086109159307,70.25654312219625
360,19.991101776227907,4.299600860938641,3.2757032970273174,0.9844049756282433,6.999551677617368,88.96693746305672,2.5988767491077502,6.245756311381751,2193.0007029638145,117.9720360635466,-0.03263305866892708,0.6930039390982244,3.6839967918950887,0.5195255270719212,1.0022303726694948,2.581021458642948,2.6481812803907308,0.5534175967018,0.15664076650921255,0.9610950051598353,62.214118613860144
361,21.007239658047503,5.482005339300405,3.442571068341018,3.960026506570054,1.059177397133408,77.01102587142684,7.4456150247250665,5.2417244038595605,0.02620274459841977,-0.028964765729941066,2.8944301395041294,0.06857775848751846,2.546264003622683,0.6854391629093991,0.9981273012089937,4.4992474169436845,17.965031776126665,0.5405140527339224,-0.015284242541616113,0.7695009570447188,61.8267999650996
362,17.965469577491415,7.453236390149285,3.0088005610896893,3.018942558188172,0.9761112943302372,15.960254160884492,9.087306116087278,6.426222802082949,2502.958937363932,96.01267453865803,2.4138367073645353,0.1311444008806027,0.534784938607209,0.9628796906207113,1.0421290686948397,6.805075744495785,20.386916707632793,0.5048171482630436,0.3238718474002984,0.5944326195232476,76.71868384037028
363,18.011589699534348,4.324581198044182,1.821894580868029,1.023972042194269,5.004380318293272,16.994769114907623,17.8426778559337,8.445712559240205,18258.01516063893,298.972778633445,12.658008248481169,0.49797041670203657,3.6554672631481315,0.5388210298019225,1.0148066525147637,5.152485025656135,5.064262182010708,0.2605120553969567,-0.06310516189530409,0.18081862232652876,58.25177498555752
364,18.993865863370416,6.91271668447332,3.7417576266303976,2.000183943513057,8.987155640070215,43.9782314763031,20.84460684433486,5.914807927451769,7670.986078124096,362.9981330682908,14.907450734343456,0.8514487030299761,1.0974609083830769,0.8784062282061404,0.976876448619919,5.86648322374492,11.731625950314726,0.5961255539808058,-0.010480163621358797,0.1598898348020692,66.6327524258065
365,24.052664270949464,5.671026521014081,3.000656664634945,4.983256002210276,5.957008787861464,115.01072410557546,10.063557832691707,7.779837659960419,13367.990267022547,444.0317155361565,0.6402494808698607,0.5540285880309023,2.3436486704711674,0.7267670038118024,0.9771833552256195,9.424895439713628,47.373839652034825,0.5011092700074684,-0.05257152115697552,0.5259197992126453,56.426448431639734
366,24.047190591756447,7.083842789801101,2.7095085602095237,5.029831361929761,3.0657491476516494,92.01002378742015,8.314736246948748,7.555021720361034,4477.060047272354,197.00911910533682,3.836171588117997,0.31312900290218926,0.8935073700807747,0.8779248934853557,0.990007254013156,4.520003216857071,22.40475948763689,0.39943147688046093,0.02118485544855346,0.5485476567589516,69.44900808818011
367,22.986025832926455,4.185997235641457,1.3243008171551836,2.015841080136439,2.9645530026269276,83.01443437672296,17.62672189545782,8.450126315626273,10180.994105923264,284.9783359538901,7.915421239869165,0.26172581421703445,3.791931704347785,0.5404777200804421,0.9530660198667077,9.62605838325564,19.250100292152545,0.18212511432280315,0.007646927082849766,0.17555806196692278,55.791142351410365
368,18.995474868652998,8.355510467040528,2.2782541674859984,4.976946934492895,7.006603875624633,52.00861889718247,10.331211765752037,5.546211223927932,10055.022640812509,291.0422996253485,1.1583868789338747,0.7557894248081084,0.03278212880229228,1.0210516912192615,0.9930993886555963,9.132333652354317,45.75656018460306,0.3532768865554681,-0.006803952316576595,0.6338214710477721,71.09390304560051
369,19.997781573031748,8.875469528101846,2.40162154988538,4.0014728419391705,5.9477789818085895,89.9817952397464,3.982903891733136,8.884601854728352,3570.021567415116,139.01643625710983,1.2075146325041966,0.57188789146922,0.02961207732825647,1.1243282295423567,0.9956902237105492,2.781113048816254,11.084188759622034,0.4023751744915092,0.10831408445632654,0.7268024831391893,81.0905473527036
370,23.986450215715212,8.76598508929581,3.6037664575995345,3.9594487740392608,8.988027883822706,80.99216989531945,4.408432701319134,7.311441101477598,3134.964599282577,134.03053378961613,2.8529022358259644,0.8999891782392817,0.028059100361417986,1.09777707030765,1.0139958063689911,1.5891756771784047,6.49687532524863,0.6132401725543251,0.07956562870059894,0.7706645300692269,80.16366869842172
371,21.005850749520842,7.687625629643362,2.571318243449498,0.020576713693137596,6.012659064643004,67.02761188483764,2.535318916394419,8.990619306551912,8246.944638170244,232.93197324970373,0.6034117040456298,0.6047733589848091,0.2921404575247759,0.9516783870425423,1.0183637605644655,1.8990265300042561,0.027032725180086106,0.4065492596612344,0.011582464754947513,0.7543119355922134,77.98404513885333
372,24.977251537933373,4.677839075050113,2.1695291036602162,-0.007867007081485675,4.975257980614929,64.03203570031883,14.319967865993878,8.706779611250115,5583.024629462772,266.0099255863479,13.15510145062486,0.47811866782289464,3.319886640488251,0.5500979239160997,1.0029674922816412,1.1907487596465398,0.005712229024541395,0.3215320705069668,0.020623933565701316,0.26579730655126477,61.414556059692885
373,18.966081539951873,7.751189852373997,3.857781196695228,-0.013071324971542113,10.01760405552207,112.9655965070412,15.274403958878734,5.932893245785446,2572.9674936142264,82.0252647350914,13.48334454212918,0.932805189082661,0.24484236541865678,0.9789497778287757,0.9511002194008131,1.8073535802830796,-0.007888031258206666,0.6541433633012343,0.46197269611562264,0.3190744784101152,81.48043959478433
374,25.01868133671701,4.160677706917084,1.2610568828893853,4.999013765445427,6.991928767243357,-0.04592782897537939,6.25833819423553,5.237484842083684,11139.950074511364,362.0510086592689,0.05827672767106177,0.7057268529284868,3.898503789045943,0.5136559083296933,0.9633686040655679,6.244999870118135,31.324630466230264,0.22000116364221056,-0.01533872330246985,0.7943906046044977,55.82299167168779
375,18.018885887526654,4.1375762219308765,2.3394267972711074,4.001209230979907,1.0348024753719585,56.978193318503855,12.932781961007773,6.024543012804821,9105.030784866445,287.95608544247546,11.269769062521553,0.07740280029693226,3.88789771136059,0.487310906135327,0.9818468522920174,1.606896127542387,6.620175272135714,0.36232617119621724,0.0012434076041875806,0.45295680332589405,57.688398625941375
376,20.9758705272102,5.5766294173544,1.1213979875238964,4.026847901846967,7.040852827400207,25.031356227460968,20.1602787020492,7.152032080668816,4596.969417197986,229.03618343767585,16.315168792908135,0.7034961528284932,2.4369021791726895,0.652093845393436,1.0195687434590466,3.8475626100770977,15.466387456308862,0.23819494301155816,-0.04039575148868444,0.07350861165361797,63.585593548496504
377,21.02686066292288,6.408172641899609,3.169221055475577,4.017732715939757,2.9823976571780997,108.03644652090549,16.08177770834945,5.713840349691354,-0.02317552427053182,0.049331408571037336,7.482183898960128,0.2963300684328387,1.6613631940869134,0.7506657469810563,1.0185557191322399,8.63944725612901,34.41287924488987,0.5388650685858056,0.05355941537500964,0.37304225999521384,61.42815860629005
378,17.98105266812504,7.912523952694639,3.8182186704530507,1.9953077216362158,9.002301985781788,18.972258643587963,13.254778298423922,5.60119013932888,9423.059231194653,288.93948133068164,11.98140613519419,0.9078987374421541,0.16345014650697431,0.9798778103132133,0.992516851807157,1.251599330641414,2.3891742796010664,0.6282283810127125,0.004823344359257425,0.44572600094733655,74.97453520294486
379,19.00759495714114,7.435732575643205,1.8440355133499193,4.02291004449157,6.005503626794167,115.00921928061209,15.887266671091078,6.818382074564343,29325.950207939157,552.014357733296,7.547768772141136,0.6468561036196818,0.5887646550067511,0.9341949291826537,1.070791912293006,8.337951367183187,33.32552177953507,0.2884172861141344,-0.006028245322957358,0.2780140529927543,68.82301044590835
380,18.024610320378375,6.1754418492001975,3.5990921082720906,2.0120221176107482,9.018580478863042,86.0550329399942,14.998356777505093,5.140144209760738,1757.9623114187577,112.01852862443022,11.532610111578157,0.8836145096181863,1.791778792515093,0.8304991478290288,1.0468470275519708,3.552659263499424,7.068693964837687,0.6302649586204373,0.23910747583784375,0.3955292262553585,68.26166297036542
381,24.998991623058888,5.432763203519473,1.9779646870022374,-0.012797989088581112,5.000431459887328,9.01245934431721,15.841067453864875,5.436390973033471,8239.986209055725,213.99018977012045,13.74356741512872,0.4859346603697251,2.569125130005903,0.6736453546484846,1.0371975819355572,2.0786290956319293,0.034753558301105644,0.3330179985356499,-0.03304477693494765,0.3558739888714755,65.60435693917758
382,23.013642227364233,8.983562840873791,3.648278145673959,-0.0037415447470945766,7.005706328780286,58.042645098556996,21.13189321364476,6.633072329857295,14334.992792294805,345.985297166198,13.866609605636699,0.6500260809173832,0.003541569732443949,1.076238418452646,1.021019744637779,7.25046440899468,0.04259244505994639,0.5645373325650775,0.046084521712168244,0.10582399544877931,77.43885762254502
383,20.984507110683374,6.059924127874941,3.3208147036157727,4.995553313334707,3.9926978057561464,74.02996179710249,8.580036131361073,5.2290055516902605,6814.973187641536,328.02003561739866,1.971658419899237,0.3941444814670212,1.8677764320562749,0.7562924549526118,1.0137562526152515,6.667630136144461,33.32606766869339,0.5291256652827779,0.02439881399342979,0.6458239256036541,61.62272784182913
384,21.99410600249716,6.321724096779435,3.43499585008663,0.01515784029522605,7.003457196009161,39.97269403881316,9.47194698354077,6.582315022812625,14460.96524034708,272.98155054739766,0.5787772439051304,0.7122960996782489,1.6842009967487754,0.8250409469555684,1.0115672810833323,8.85838887003926,0.03140293033144162,0.5532630804120041,0.033510884650883956,0.6115612162647963,68.77567535570529
385,21.99382421707359,4.8387227527236725,1.1267403170481576,4.988989321558351,1.038938205806054,103.99430055729509,8.33570017013753,6.891377093753214,15112.045299829733,386.99348252014744,0.6874393585865082,0.0854951536728692,3.2210338939448717,0.5795161317449625,0.945849126149126,7.586882309537533,38.0570518846745,0.18297479880009954,-0.005266496238012622,0.6320268876518758,57.53672972069739
386,24.977602649603792,8.07763726920592,3.8938693282006303,0.988287724407351,7.019382497236355,4.001042634348756,17.96097279812561,6.801326387184995,15566.007889583723,440.0243730470247,9.73366077138393,0.7124929150121647,0.011699322304181895,1.0335581073220268,0.9684614692961587,8.228724327071314,8.20268041592063,0.6688140473406641,0.0016759596433297674,0.2024767842878939,72.92554793404166
387,19.994696775106526,7.464008242047294,3.191286755539666,1.0590627192830189,8.0210376691833,64.00312400164064,15.742174519608238,8.50475922551721,10199.017555062326,253.0526212915098,12.26709193244868,0.7946747442353244,0.4456783608449892,0.9427717413910499,0.993335896397542,3.5064820233323384,3.5514156744134944,0.5012287737246293,-0.010298799542282296,0.23395630568280387,72.5985030430006
388,23.953541451034088,5.120967590552423,1.9133243551326176,3.028192064452413,5.021692109724067,16.02748986860316,8.99090806013326,7.112043284036484,14130.995883244703,362.01613952817627,6.365699896478784,0.46093201286093033,2.947108768948232,0.6569064466356257,1.0038361748623272,2.558774081522429,7.791468289770353,0.3142844422634163,0.0298902662439177,0.566071071677243,63.67409241669753
389,17.985265387585738,4.387705962686194,3.524472634599562,4.977181980067246,1.995385736663569,21.012260542868262,9.373588634030803,6.858461096037863,15764.008683648466,416.0040045348624,1.6593873400414616,0.20935955213549315,3.5673901173854476,0.6057656799461213,0.9962663043147222,7.734175829944017,38.83763949027815,0.6343113308490791,0.011752070689309821,0.5736426085317374,51.172389557178334
390,17.99145373519891,7.423500761315721,1.818074203088471,3.017128229818266,5.009564811307386,96.91191397168666,11.395908165206588,6.599524836875694,8053.027987049833,141.98450807546018,3.094197108624208,0.4938250359930495,0.5711719822836295,0.8698820827789518,1.00816830343633,8.295902665161133,24.726888625728265,0.30087181206893826,0.29659961184743044,0.5451795523264703,76.17434646278257
391,19.99231460742514,7.255885313463062,3.631201736723802,3.0035505019696553,5.967444789649928,118.96061479180722,14.655745949751754,8.300730386059575,10816.970111029563,379.96968199878046,4.688558854839317,0.6036827346422807,0.6628323354470667,0.9393951254902472,0.9369009835077208,9.961260452622872,29.7622262582043,0.5791711370937679,-0.015376750208864223,0.2824285771103927,65.94557223865624
392,19.992755076623876,5.362116906729043,1.269433901287998,1.0117465352578028,2.0380642296895086,107.93437857255071,2.8248726983957577,8.559855074581575,9317.007945079895,363.03328734724505,-0.015274336483107014,0.18299150350368754,2.5801614998430793,0.6721589664635605,1.01516992908458,2.829023199191372,2.8480915235544684,0.17664031280410508,-0.0004443892007570943,0.78026730798712,68.12455957940917
393,24.998147074004198,8.776723755305007,3.093166870626291,5.004120239736953,5.916511187029704,40.00526095721966,14.850065072024325,8.377389090159962,2718.0208812694023,46.99539650446619,10.519920919630893,0.5803379243102731,-0.02690419135997483,1.0715245839993912,1.00186412667436,4.365628739871393,21.717955126787746,0.5020596029035108,0.5515731633773652,0.2594591834972288,82.78036778897349
394,25.014383245542582,4.802368921370042,2.5717995220362875,1.0356892793645571,5.997385548229937,92.00721462948404,12.423632970951534,7.696392717246069,11423.046343920392,225.03452109824,4.455357271613134,0.6047223242265889,3.173826996764333,0.5969809608923068,0.9943765012372509,7.970811823013629,7.958689331727877,0.4009708842725472,0.04325318568776268,0.42762531799275655,60.07930465993206
395,20.026235512223977,6.180767562003849,1.2884166167174158,3.0103686103395435,1.0342268793145082,67.00849674875832,7.76024823483027,5.526991762128508,9108.058436729394,358.99011344366016,3.6547143640951565,0.09308200263873596,1.7260718384480565,0.8257291282945464,1.0278193610358077,4.005262458480574,12.191517731684312,0.2048286643546195,0.024246450508041986,0.7037088662721874,69.86124410934238
396,20.980507043194553,8.719771630317402,1.730456626754429,4.998137339053572,0.9590839619911198,67.97123215196856,10.576832949359753,6.094221417806171,1758.0020957939093,111.98052134015917,1.1950537680661713,0.15172834747507796,0.003897821761614416,1.1275483793926695,0.9686339984989133,9.35001025601303,46.83483431570298,0.2995988424816617,0.20072502455775543,0.5936385336602847,75.22641906701142
397,24.963903974338326,6.130806838547737,1.0032395176217568,3.0312657173094903,10.011993397528505,10.0202243201536,14.678367407569958,5.187753805229572,4500.034159168491,196.01262396666482,6.016024921803691,1.023961915364835,1.9069619550344672,0.7024785661642609,0.9928931544211602,8.716464445606881,26.220864283885373,0.1677754373761273,0.007017515954191565,0.3959576247634216,65.57777135939779
398,22.968738667632707,7.217987326237361,2.478205774894493,4.006998551232636,2.979577006602629,55.021487874894056,12.884160968400838,8.710205521286614,2944.919894961999,144.99770392182194,8.00429819640331,0.31635012778403065,0.8673322021367661,0.876904808819525,1.0085325523419546,4.865175324835149,19.524806853901076,0.3855995425173333,-0.02479517434678065,0.3719672596284937,69.86019507046676
399,24.985383912364153,6.048563629189826,1.9058021910156915,5.003644357379872,9.988935902044334,49.96234552798384,5.308437970705092,7.709348281259019,2467.046568487281,152.96383414186167,0.02661307986139058,0.9946755759549576,2.0145902299299667,0.7782868270670811,0.9744096607417108,5.316970716852455,26.589761470148893,0.2629461788920252,0.020883226610103466,0.7479225065710534,64.9647647463583
400,17.989442360465503,5.412474798883661,2.801790756417392,5.009420678074584,10.028378228819182,19.956018853956532,16.165011293125076,7.987755143700424,1250.9782234901484,67.05452104989345,8.410149046053155,0.9392192965457047,2.585102329408455,0.674347677666509,0.9398996806575353,7.782436498326619,38.93525047843472,0.4916265168736284,0.4569086891078426,0.2306214679275499,63.4627736197876
401,24.976900118014076,8.863493098689796,1.9031854875832064,2.997191729299009,3.0059417077765547,97.9999960494132,19.018558458535026,6.268535146566377,-0.00723292346963673,-0.018809513213149123,17.098021793764325,0.2757721521714696,-0.036021449354202636,1.111959599803683,0.9654087966896381,1.9108758285632292,5.745018708056318,0.30609220526901315,0.005221656007321015,0.19369139202595087,79.4536628758848
402,20.961116500072503,6.04090129540615,1.8808657392142019,4.000276809789864,3.938969323963469,75.0537534682084,15.429660614389656,8.321749178575212,7007.013233134531,148.02782774563522,6.284579611068774,0.38058119642247046,1.9971117062060222,0.7029502063262205,0.9980583823826833,9.133292036457467,36.45902053779889,0.3199062679858346,0.1802405986840946,0.26405547733577034,63.812880874693015
403,19.986316375175775,8.48184531293182,3.198264901628672,1.9823991623371437,1.970707233808052,25.05099228226596,4.124785460087048,6.0141805260425585,10741.99539672898,271.0252556988819,0.0034454837424575074,0.19175046841130258,0.01346168668177678,1.0401356947310292,0.9925294076901138,4.119083246648791,8.302316667349908,0.5059812629689979,-0.026673505813096292,0.8179026399796664,78.67047632830574
404,18.00544279860342,5.127312554990567,1.1338336408133494,0.9774649834112836,9.029260072046663,114.01690213081343,20.079724795063445,4.977392589152498,4493.0058936013875,235.96221611705258,11.741679718058146,0.8989992150183014,2.884899541420429,0.5967538275889825,0.9994520185249988,8.462179076309619,8.474380233195104,0.1710646426167391,-0.01390002467307356,0.20781957588245278,63.00129978035389
405,25.01785088397507,5.1472120264966525,3.7034191200438333,2.9700428884055268,10.01346828154579,17.978100099852597,1.15233922425924,6.4813686083009205,1219.0476307890467,83.9699283706615,0.08293346993356161,1.019682248964565,2.9018304807904576,0.5879004756575551,0.9802216946762962,1.1524094733370078,3.605790218562489,0.5992692049828154,0.3736693943299522,0.9502030868823543,68.87231251335129
406,20.983277308406752,4.213700640321912,3.576196208103496,4.958240501396087,7.0524440671757285,108.02660527978466,10.65187134597251,7.292466139815111,7302.98847339864,315.990954719809,1.5941838345064672,0.7081943668321019,3.8569206228217645,0.4872678604980742,0.9606320850234061,9.121722004046623,45.27686050340527,0.5599824356918598,-0.0007024686639847186,0.49991405137056133,48.3614854333362
407,22.987610065335698,7.255115235605061,2.972247461385641,0.9736084791584633,7.050479427820399,58.98642727205573,1.2981615039757706,6.941066952033323,5545.967392285505,205.97403060366264,0.016066624164339193,0.7347760957440971,0.6884766961888252,0.8846570672766098,1.0041102477462378,1.3105405338072085,1.2929383980810523,0.47276106433934106,0.023707144583433638,0.9034293694291005,75.76650897423805
408,24.97219905073458,5.772453635004706,2.7864939432500244,0.9947719889659923,5.989732646095597,69.97697478889978,2.2693523593890226,8.460338915139035,15103.05440391572,328.0517936911564,1.204232387687237,0.5906429407944225,2.1433967333562256,0.7021665959327573,0.9950043101654084,1.083133591621484,1.062499067025312,0.46622544621854284,-0.005216543401952696,0.810916520429959,68.0796402413091
409,20.999056824888758,8.339682334006556,3.7022159030323265,1.0030935274733692,3.0750971341520845,45.93568099505134,12.553818922412487,5.41320066129301,3520.0158029265103,124.99399473089605,3.342275997601208,0.30771488832510485,0.02620460362174304,1.0122361083381874,1.01913504648285,9.131557202100106,9.161961470645648,0.625623842227136,0.17528132727332055,0.49177494793292087,78.09565228753937
410,22.974547140974277,6.3949263194307155,1.635807596064288,1.9918611031055709,6.000734390095557,118.00307146595043,17.774637283455863,7.2010743488386275,0.057667169259403905,0.026692471284422044,16.043335525995076,0.610315326833364,1.6094296433744513,0.8306136822025281,0.9775694565121663,1.8074740127985376,3.6534868095055417,0.24614865697075777,-0.04186838388709676,0.19575860213297133,69.57853740192904
411,20.017193834397236,8.802387206048266,1.1597853407590069,-0.07067110470382074,7.97111994396773,69.98110397952588,18.517348980122684,7.083407992535595,10536.025908897318,226.01540912167002,14.69641862046825,0.8073717885307578,-0.0512697603377374,1.0727856738493893,0.9393744402746405,3.892039580066476,0.003027774069424097,0.16391902379016357,-0.03796164363588899,0.15678419136011607,81.36855315378051
412,24.946424005241976,4.922764732484908,1.6904052116633372,3.04723759073287,7.9809908040226825,25.002892911385857,17.016898122057217,6.192137663624646,3587.9602921682394,160.0079206734699,7.420073589957221,0.8384567074382043,3.1128293103182885,0.655285540765569,0.9218662006464965,9.54928941741553,28.638343998859664,0.2726401919267667,0.008612071311373305,0.2866524230893577,57.28969836122649
413,22.989211109826424,8.32088968586241,3.4043293005830524,0.03259440368671145,8.932298246841317,38.93101926911289,7.088662039840143,8.29405167114351,0.01936154015270645,0.001209636322187636,-0.009540597180168467,0.9241132296824158,-0.029935906474132398,1.0229807236723314,0.9879559235655676,7.1196124499788445,0.040776140974910745,0.5900555433156796,0.018920051441973635,0.6225991622603103,78.35225678576815
414,18.009033220175752,7.908363994371564,1.044988826971117,0.013372795536513861,1.0482105702474784,4.005094800177511,16.248820445035033,8.038180891922147,6082.9704815580235,221.03711392123367,10.063438115269111,0.060417903414957334,0.11323967207093183,1.0006759597925277,1.0038372748635338,6.174873637117589,0.022927830879233394,0.15515875627526352,-0.007814156255907053,0.23025921314623346,78.86771200395036
415,20.005515035489676,7.893739948863386,2.674992051511008,0.05722472017659804,1.0478428596713159,19.92706636508085,14.865063067510334,7.940301110493864,22770.000222954073,435.9752472108,8.165437496900234,0.09657006702821981,0.1572179052761284,1.0016342924419661,0.9930306243411451,6.687479683312712,0.021625914595463015,0.4503864638058248,0.02798873898448116,0.278461335196644,76.54731468098994
416,18.080791009919416,8.19061994662803,3.9796033438079146,0.9706790764754887,2.9695347768356,77.03263820759805,12.581656913094433,8.522665147193967,15928.997728567892,288.0517900593137,7.550376051651905,0.29958078953310613,-0.00530908003029664,0.998064697376216,0.9830454864303625,5.047198327872837,5.047116856614752,0.646853484223566,-0.04223675762728383,0.3687801662282168,74.79889156107858
417,22.010494000737037,7.8257369647587405,3.576120888784485,4.05662875361878,2.993163471348543,3.0156567370240523,2.8095507481486797,7.855063596656696,7364.951470085861,248.96138330458487,-0.022133031919623035,0.36454623191085017,0.23249813597109475,0.965157283049769,0.9522585276052572,2.8558904066449116,11.2743183353274,0.633855314726851,0.011956161683912142,0.8156626353060787,74.78045690610317
418,18.96987836209474,7.116607085932033,2.6057566863506496,0.9710435776974835,10.002868226323377,21.991640056857264,18.025771067811124,5.915355911595736,10059.975615685313,255.0234453517687,14.028121483720916,0.990106264562636,0.863145380464429,0.8724116848917893,0.9433191338587835,3.977681787220774,3.936525860405174,0.4181351596145635,-0.02555332817668346,0.25592241204529104,71.66878438298046
419,24.997136072587328,4.692280999981467,1.1951832117149461,1.0071621377587407,7.971189408435737,105.01688159580246,21.870256735718517,7.831864083201368,3404.066155619005,137.9578450842018,14.857176880788153,0.7705254828999146,3.2544174256098692,0.5986732213843249,1.011018243429838,7.0610828144965625,7.068263255159652,0.2198601829572268,0.034827494944251844,0.0789698325045017,61.04463538216059
420,22.946712609996005,4.232463369389794,3.4833414169219687,4.961784880245974,9.947346939061864,82.97065777212009,20.709475268113355,6.26637472832246,9317.007151322145,362.9905288334332,12.920592145412368,1.0131497628842994,3.86052111417187,0.5211346653174648,0.9931719631063154,7.784053041589379,38.86954870442374,0.6137853882334146,-0.0229474777225443,0.10655752268879184,47.929514754785195
421,18.997582007521096,8.596128976546106,2.812838878796579,5.000440822866331,0.9936892718866926,14.002171265468446,2.9965920921709577,5.945455973350869,12208.99473211596,251.00279929814184,0.008989235623314148,0.11490957158871337,0.009234450406690114,1.0525480517815906,0.9890944505571982,2.9654194549304456,15.017015734098564,0.5129110859088665,-0.0024229670663715626,0.8717404930492019,78.52963108020725
422,18.975008318289976,7.074450134769968,1.3516922415293875,0.011584994939951661,1.9903676171162226,113.02384322115381,8.36967009119772,5.229001026668796,11495.054386706599,511.9853991395351,0.31874322712408215,0.19778681408810925,0.9191000982348405,0.8910717486597792,0.9537474713524864,8.183714170738634,-0.04693301954492699,0.17606730248410773,0.01316690788571367,0.7029622572936093,76.72690545974135
423,23.027461708266806,7.977230879032899,1.3491776955022525,0.9953592900659634,1.9883476627703367,114.90717132252726,16.270320799353893,7.965052067206763,8451.988112940699,272.9945499129115,14.465641859154283,0.19339216991087332,0.034560669085361304,1.0101884824938987,0.9710123020026996,1.8366986990571483,1.8310332717273439,0.17472335708347705,0.01088937627046044,0.21874293780702272,78.7121786314657
424,19.983513791762135,6.3706377749107075,3.64231684683813,0.021416323322704125,3.006681481878029,107.98658326920967,18.29063219702423,7.870303921430447,8700.997257389141,252.95839088656209,12.818495064446015,0.32846711868186257,1.584165555706061,0.8555013403562777,1.0013531304852923,5.468620183099883,-0.009260005420240362,0.6516232505552895,-0.008714465518125686,0.21951323299266706,66.62241827459917
425,24.996497022526142,4.591827699501889,3.017312165515054,5.0029704334846175,6.042885589755779,91.9993206760959,15.84559181368155,5.8924831322673645,8940.029724085683,359.9703764859383,14.264489925315955,0.5743920553722054,3.4247534907928805,0.577043793682877,1.0085384786039517,1.5171680685084592,7.563786284560882,0.5300445191632004,0.01896802027269204,0.34347181544114086,58.14368331922257
426,21.98093326475787,4.637011728350085,3.4946593012980847,3.984327558148675,0.9909072184092482,6.994111191467627,19.623837749565503,7.964692403236053,3808.9879779260414,215.01494794121587,13.661850636280235,0.08977139971394392,3.4202063248692647,0.5753002504042561,0.9950727960377451,5.876832897803086,23.804892571981078,0.5648255094607462,0.05060224180050027,0.11725098029980141,52.817848585566686
427,18.0521655405556,7.375847144569085,3.6046546602859606,2.9829956004659297,2.005113289961641,40.04371305478682,2.2178279049510325,8.674677557581534,12199.97760437782,284.0008901547493,0.03601569275860261,0.18433550413659838,0.5611558553765287,0.9378519583138002,1.0413774827848716,2.222039692442078,6.695318111708966,0.5028901892070939,-0.0035823360435311923,0.7964037424054095,73.61223002205506
428,20.990362717016463,6.205654272830543,2.688051508993724,0.024327413178470897,1.0218061157123481,110.96628296625231,5.544982438238172,5.4265208624171555,2717.932387307539,46.97928415922536,-0.017182000642291223,0.13281683792861765,1.8453895593423804,0.7465179291201143,0.982735183124311,5.53227841408184,0.0706237015918133,0.4524266135762936,0.5643855398794979,0.8238924716764001,79.00215304350594
429,18.054976711304377,4.980299319631178,2.603527658896616,3.980387739105791,5.016624287795382,17.981365222696642,12.30477570338619,5.947833994446596,4731.971905050598,63.03972833289389,8.146972133040077,0.5085648260985903,3.039205815479386,0.5732347119689353,1.038606157645294,4.133549978312122,16.64747491670781,0.38780840060742017,0.7523981006505923,0.45894799835288996,71.35723330060364
430,21.024424552863547,6.492190728761857,2.3045422218821603,3.027462089114548,6.981567294266565,110.94252392921075,3.8498345614744793,7.963138197186632,1663.9716191676202,71.9634020730003,1.8338423057135012,0.6680501770803619,1.4614884828288681,0.8031369372483753,1.00650600283876,2.0286565516044286,6.1518928247078755,0.3585023490144394,0.49224124377698114,0.8038220924976018,78.67592743312537
431,18.01446200182006,4.254698763640442,1.9826314472795323,2.036681353784958,8.002891313693421,102.04530859953819,16.745616217671486,6.09025064217494,11682.004757000865,310.9891522860241,14.483240274417728,0.771064808202117,3.7060085932438542,0.5696629729393322,1.003244003268624,2.2767475795987444,4.570601711877728,0.3387691067645305,0.037450417960468406,0.30445156414920643,58.72665018447598
432,23.011061994419524,6.893383853125305,2.2731089735652446,-0.0500614158703839,10.01642619460507,44.99261129572174,6.909157965626077,7.535855562072093,3324.9816862520283,181.98483031165463,-0.011906404346333627,1.0562024537083645,1.0930676078926114,0.8995065513950607,1.027975681494382,6.9631458653064415,-0.03515703808898442,0.39280263256530423,0.03775974655269502,0.6680870996397615,73.88946456502518
433,22.011813918946487,5.294188838605851,3.2865391295214152,0.03398779161903104,0.9661494598746767,26.9868477333589,4.0350600566719965,5.284213114190897,2390.0647405703257,150.01845112883282,0.03122560620189474,0.1324965324432112,2.7425492240977785,0.6061184588280556,0.9812761795754745,4.0576726282512245,0.036925445355591266,0.5974394414783134,-0.006032024372125991,0.8386820737564368,65.33375634732091
434,24.942169822619633,8.016208638321071,2.807027777933703,2.061812680953341,7.037906170323895,108.99842551953068,14.458794123134208,6.854307368889308,9104.968271132093,243.0014449107341,12.577769085670152,0.7252465084457044,-0.04231836018355833,1.019982384414804,0.9901238962247512,1.9152329737533036,3.829657728781404,0.45548456990942376,0.014707549982632252,0.3717839570790925,76.33250591342347
435,20.991633498175478,5.606698427397661,3.717969890250528,2.007560112836058,5.042947667156423,120.0190870748529,6.081964817022951,7.9279774904233395,13154.042019400606,264.996755042604,4.294092984513433,0.5003674082292002,2.508072450726316,0.6344560599451702,0.9632937530187442,1.7399398932579486,3.5238864004787476,0.5873775888826445,0.027613718620772425,0.6355436344789781,64.4134049689885
436,25.02535473913553,6.264048236251439,2.325600469320204,0.017972525558844668,9.978316592336665,90.01042090210548,15.723391069530543,7.7754814473213285,10245.006592588654,341.94467349888396,8.5156474526023,1.0452541972036122,1.6947654749188439,0.8012754166449776,1.0280563756451622,7.2978506469277065,-0.03192655392569024,0.4108520927054988,-0.013395511162531711,0.3040193329192816,68.99327207951774
437,24.998533084495776,4.132525947321306,2.7851742993079927,2.0311101597310746,1.005810100550445,67.07943652640671,15.679907927299253,8.248811244693606,5205.024203221072,245.02595103441897,14.052948074817753,0.06689785642065224,3.922153354985436,0.5244807793868996,1.0100651632370539,1.6578530773455424,3.333104150038241,0.47797878355238915,-0.03917724753583506,0.2121390807895871,56.39635567465776
438,24.95784430459589,4.40630909120666,2.908515337019082,0.9917355305446294,3.0192683477001308,14.013618076652113,19.72368598184658,8.47565275227083,11034.022380587841,317.99346522555504,11.343763835966683,0.3225890253661347,3.6416249499600837,0.49828059911453376,1.0329338005571385,8.403281437343482,8.368678594560203,0.4724393753290966,0.02067926849274066,0.07712520253456649,55.8479367473582
439,23.998427866482675,6.005951805515324,2.8288750777585987,3.005468406706136,6.983631575310137,97.98604263712492,12.792901726228878,8.075093028585423,6798.93345293409,279.00346983052833,5.385011736525002,0.6867017948042331,1.9941200197048956,0.7800013842939506,1.0061459020944012,7.369228819993689,22.051922847890193,0.46761948149486904,0.026891628483896337,0.36959721654536537,62.7595207239538
440,20.051123165487663,6.399724529398446,3.134967846854324,2.9605740141113066,10.014448415370643,35.98315929787428,6.700643240732128,7.7063478756453705,2825.9996534196307,139.97754310339718,4.93367645235628,0.9925332004103431,1.5965517434321412,0.8523150770387276,1.0330912664557395,1.718958229259604,5.200180214339191,0.5053256565377178,0.03243669733760132,0.6043711633743403,69.21651128293992
441,18.03740675146604,6.9844672765833336,1.6982350143760543,3.0041590508559137,1.004897668788765,-0.011782768572504274,2.2433819594847324,5.129794380152955,5861.992133155883,262.9728251371155,0.5385515760590784,0.12177367794497161,0.9849150731854411,0.8731255900699257,0.9775813262716065,1.7794181607418713,5.27318991626132,0.30409441917384905,-0.0112244647232814,0.9140225714289427,75.78114791869075
442,24.99813987971902,5.506534070192462,2.493372048251812,1.0149433598693363,6.955962454670836,65.95494489226111,9.341881093853893,7.1735540823433,15049.96601065716,391.0449786327543,0.04987496297351001,0.6956932747395548,2.4734360312160666,0.6917299962493089,1.0296171897091144,9.333507117042751,9.296230090684233,0.46730485135176586,0.04569332614227009,0.5776544784702009,64.2923551548802
443,18.028543478311743,7.514267653077858,1.3057337270150917,2.015484890687794,5.013774839479357,110.00119592622475,3.896628688901412,5.193072201828047,4597.013788781116,228.94680284265212,0.05384935908433827,0.4869590042161623,0.5081557744337816,0.9818734860896071,0.9880655521763908,3.8581472173038267,7.738495941047038,0.19490196320282008,0.00852794275360379,0.8472699567343391,78.10170301641217
444,24.989004789388957,8.247593129259634,2.165508775813078,4.031962741707927,0.9669957275118689,23.023504043186268,4.725180054548759,8.194509080040465,5245.051496209477,284.9683740291665,0.42692429503330726,0.08514527055736225,-0.004058000405248639,1.0037100389773608,1.0000759580905072,4.284194592934729,17.373417498520094,0.3792934066113408,-0.03442768704741028,0.6899248830456741,77.32639352893032
445,20.9488838523952,7.883837174879617,2.494191714668935,1.976755934655934,1.0281760855498614,25.981599091981302,18.318468655673588,6.2423119256526896,10687.919809890684,260.0444147645801,10.058792032475672,0.040409627634666274,0.08471877405023477,0.9544676762713132,1.0218506653998105,8.288648004871566,16.657244498534734,0.3707739708276097,-0.04788262378291171,0.2345336705185404,73.06648489615961
446,19.972266020356113,4.192351590887893,3.022337591954194,-0.01597820270020489,0.9798636677459833,38.97577859831148,11.793762630698017,7.210856186791375,6174.983965909725,164.01922239142996,2.231794235787279,0.12289610857826969,3.7864710815589886,0.49981849488242397,1.0698352372884359,9.572265056238551,0.02122246644832667,0.4678232050558456,0.010355006854688696,0.4836952454870326,58.59706156236735
447,20.046886663055247,6.4076851181708285,3.919258413883311,5.05686522037974,8.995161436990166,62.04547835438883,19.537063227844836,6.09302411711856,8241.962627015077,315.9902361240477,9.660364684507151,0.8698010978160362,1.617287003616794,0.8011124631293298,1.0246015862113313,9.823202426614383,49.38463506703592,0.6668767265740878,0.006744345903076834,0.20065662896325412,56.33093905847145
448,22.99178020754512,4.535799330177814,2.791891971869083,2.9954901487870886,3.0411683674033974,59.95720550530137,7.633026368275093,8.163126435624593,108.00215333478712,3.0373978894286595,0.06470263465871062,0.35575228216977833,3.4760730941194837,0.5635324753278744,1.0274303840485772,7.7095256672591965,22.995733078222756,0.4645546411048222,0.023111614508028483,0.5902693559444753,56.58369836536297
449,23.99269848061875,5.176847775562097,3.206531546032615,2.00600101361937,5.014891449395865,34.93796544870568,2.061011403787899,8.566810858520002,5231.990231361506,252.01340580349188,-0.013068647362579625,0.4913716235055502,2.792591056948233,0.6334012917415924,0.9836386613639516,1.9981425729990123,4.133626177483778,0.5000583396258881,0.05980687196518284,0.8148625052569037,63.91292004421876
450,22.991004854111754,8.885061144595465,2.4752604897912796,3.9979896987482433,9.967615782412764,96.96541294169057,19.128394355629073,6.573649172812327,8198.981829683617,335.00697980275925,17.41391788395515,1.0392831939233786,0.026960021753673208,1.103485587656274,1.0047099397287875,1.728311943475335,6.953948725043472,0.4169295127398948,0.01211950578734201,0.18231237251287502,78.11444376960249
451,23.05712409768719,4.684623976680603,2.9211047644467505,-0.02465042478915067,8.969552502876027,91.95378701848627,6.603351280996826,8.449666922281315,3292.02068520485,135.00676686051307,0.0016510745709163485,0.8457290690195196,3.307416764102079,0.5713129529514774,0.997123981979954,6.578758430412643,0.013013678149132436,0.5097007237665122,0.05155553791137627,0.5922426540369204,62.943545610033894
452,23.048778767460863,6.475954172296864,1.1976653569159057,1.0487058763267543,5.9820209163412885,23.01158678192314,8.728367692915024,6.112129165154978,19542.04908543903,324.0139571465164,2.6140174808021612,0.6219444906359579,1.4685132220092418,0.7977459996585816,1.0422299840366087,6.079107340110839,6.050877097145714,0.1565921954729646,-0.06811025274596173,0.6421331727214101,72.42703552135221
453,23.066563407003443,7.089584405146632,1.791721456449116,0.9841689576423819,9.0118393225007,22.989178864986513,9.761895291053449,7.197240325529373,4597.079839559553,229.0151707750389,4.941216483687283,0.9296566719753544,0.8992838679375913,0.8644443561916424,0.9956219741438624,4.818782011953791,4.815289336155751,0.35239609490134255,0.007050421475994788,0.515308880226991,74.26894591125459
454,22.995228643687998,7.523124066599639,2.0891482849171985,3.966181434288792,8.010748994447983,104.99340938864928,13.80462015916381,8.447781530003283,5453.977811128546,215.06587919158687,4.690798175032725,0.8391069090309331,0.5131106486342891,0.9146868078457745,1.039856255570481,9.150769311029773,36.60708911046792,0.36719084153352916,0.029668622690824643,0.34134495090690625,68.17102924732136
455,22.008868734662414,6.7683849351390695,2.3981131839930043,-0.013522208319082546,7.974706930860114,3.034588025309243,14.546053553221128,6.220221564478578,2236.9453737334456,119.99415321564982,12.53775278018542,0.7541588368164016,1.2296781657370874,0.789971684952172,0.9609505987984183,1.9727169597585525,-0.0011117706815913719,0.4177889025374536,0.19572551625889484,0.3857207358800687,74.04035240920713
456,19.954500723517377,4.012834431854587,1.0865636706520414,2.939948819948234,0.9649837154315692,65.97925995416512,21.038067791472635,8.8289186128428,838.0167758930223,59.995078584355554,15.653365591516831,0.07891844088739214,3.977338639997653,0.4932897471686605,1.0419633197514953,5.449284767020409,16.278149964931753,0.18329297568713276,0.5463026476114671,-0.05950933537954241,63.21015325961112
457,23.044308032783547,5.5489429330994495,1.4197442910800768,1.9804613760505045,9.008447502152576,33.02325268235237,17.40246502353134,5.518042443886241,5472.048314542059,256.9628932043729,16.26778237166072,0.9172952985826824,2.383244108318966,0.6413326203334819,0.9741579746044543,1.0868012495696422,2.219793425544037,0.28574718029866986,0.051659973142744765,0.3247901819900535,66.7172828567259
458,24.96496661346196,6.583159860106734,1.7881414935595146,-0.029043857935569798,5.994544198026295,56.045339683976096,21.720147488922862,5.076738969475683,27745.02441069901,350.9984430783954,16.42048729413588,0.6044532593653232,1.3791452003383944,0.8475167735612226,1.025616524722624,5.21107566117383,0.028372009739789216,0.32886968726414234,-0.040767829176549475,0.11975571435123403,70.70800854531097
459,20.00650326691288,4.390115320993461,3.947788922880821,1.0185228589278197,9.064716476623433,47.98633012505959,9.728686938954205,8.641795447562043,14131.048190411186,362.05588660698635,8.289416448106033,0.9088007892769151,3.580634394018246,0.5332024646756452,0.9740700861259238,1.4959788459869805,1.5201301745955964,0.6389727199419724,-0.01031724137958267,0.46477254665668455,57.59393690671632
460,19.967080924171015,5.850245790187421,2.0439563151044413,3.979797572813204,3.0010981096968923,86.02211068566669,19.80630279967463,5.280711961233811,10998.993235399881,323.02953455007304,17.72495219542188,0.28919140182572,2.2121501414709135,0.7214177126385102,1.01855041771992,2.0909571116502237,8.289059052160269,0.3560550236514114,-0.03043192362471339,0.23492710626812113,65.06591765281145
461,18.982333995197838,4.191755930857419,2.373253695304365,4.026634118067365,3.054427584831008,51.99274546262413,3.65138377373663,8.932960637475544,11662.981712766807,312.98368996768374,1.6529611450638244,0.3465239584516707,3.817834673896509,0.5138037110174413,0.9711223851844811,2.0805898475683615,8.253754410680045,0.3780057841320193,0.02376302726252295,0.7184354738853346,58.98174156023158
462,21.974882127068508,4.3339626957964725,1.6020911280828785,2.0419545197920796,5.96488849205687,119.02772294386523,10.987498854670706,8.783412846999097,0.003463077222039368,0.0009012409356385475,4.186275014957884,0.6782539634483944,3.631527104786492,0.5426765867395532,1.0310944282426981,6.816181064459642,13.712062117286813,0.2582592170088671,-0.03903232139555467,0.4420890318500532,58.678217671591675
463,22.981763742179727,5.940033332794163,2.780480301359914,4.023435260088628,8.952803611813149,114.9528553243727,7.317847324521962,5.5403654343860955,11180.990083404378,270.96110684873247,-0.03580887268095129,0.9031193977202727,1.997264752727727,0.7879012444679016,1.025357363978114,7.291182260257783,29.216651788714383,0.5106656787497733,0.01205248873753886,0.6945659972846575,62.932753768045465
464,17.983826318905532,4.701020887590401,1.7902005731043418,3.9935383513341978,6.966397446024234,21.95063463264624,13.32531171162947,7.1819624433471505,13953.019892820641,194.97092641967106,7.1260724827877935,0.7136026373651575,3.2578403113566154,0.5469551076421816,0.9819793772720351,6.228542527114113,24.955135745198923,0.31162750210506723,-0.03725488114293362,0.4191100774890993,57.339940396046615
465,20.98355193615225,6.818413125673697,1.660072824029344,0.004233434901167788,3.035673893443604,107.98826196855278,10.205519307841614,5.717023477950382,15010.02909303334,393.0044832345784,0.5884688870877675,0.3016873123686845,1.220084104933724,0.8013004923297254,1.0173425352696854,9.6650534974035,0.00833659971762015,0.2865123754810341,0.05273344659154139,0.5904993441245467,74.28594011307439
466,24.02500001735341,7.411263675728818,2.490772857486526,2.9542504517956782,3.052683047690806,67.97333225572821,2.1745258106046106,6.7236770789950295,4926.031442509937,194.9851663619154,-0.056227019960913865,0.3385216019714231,0.6047743103522272,0.928581169799919,1.0284229794496738,2.227200845573747,6.6277315709328235,0.45175541930380864,-0.011227681125803727,0.8908974998345329,75.84190846742395
467,24.966854116208125,8.00502710317403,1.010806781112323,1.995986618824363,1.976534616381421,93.9844987267171,20.25335805225445,5.259110777817636,8596.015317780124,323.96866200631865,16.687282219371117,0.22487348852770433,0.0017990843794800896,0.9851236082878204,0.97230042839129,3.577308736319449,7.095390599623158,0.18311336379122636,0.011338975474573798,0.1817276247939627,77.7943192384476
468,18.006616242810416,5.03486778792517,1.0162396388202484,-0.02581315404200499,8.986183019107214,51.99341420252659,16.64587586935518,5.947585917952375,11663.0073746698,313.0146952229421,7.842540369976712,0.8680085828808947,2.9614978953506634,0.6357887176403184,0.968979914672246,8.751672722870362,0.002064962290490833,0.14233131617859043,-0.05366317868197065,0.35847643134862006,64.89556244997665
469,22.036538774569166,4.783812263377886,1.6699811188255027,3.020829791434479,2.964930572693625,61.021600405955084,5.668033560569178,6.448749606656118,3588.0238328006776,-0.0024675025995997166,2.587996661112554,0.2816189396851606,3.19412492409184,0.6214973171922394,0.9678608580709336,3.0351551422630823,9.07093771041706,0.33317177201627846,0.17940593354738435,0.8031966295531545,66.3963606610356
470,20.9846041090646,4.526847316680804,1.074347135767724,0.07718257167733421,4.945650804586449,39.987770182643025,19.98391049549494,6.697357247451713,10144.941110242771,312.9529734888493,10.275960456587079,0.4697210962098234,3.4641903564162284,0.5293097023030444,0.963609918988732,9.628533128928888,-0.003493742885099252,0.1988177526217309,-0.023201894115457432,0.07222181692568908,61.431363382884655
471,21.97846243327757,7.151039553449207,1.2638193288577564,5.014994649079214,9.021552350933298,55.975284160681305,20.34934019431756,8.929406113946904,14990.00631712257,231.93774559101496,19.266119281994914,0.9808446699658653,0.8144589496533726,0.9181016652979445,0.9677172146195924,1.0879330604947288,5.592585389883929,0.2342705789775503,0.025515543833076686,0.056124005584584406,72.8585775846869
472,24.993084261244594,7.472851565011858,1.9734208779830666,-0.059734204468639994,8.006690609088865,119.98945459869724,14.426329681142972,8.294141656349021,4562.001574341715,198.9828996550428,4.693596944991358,0.8190593535074621,0.4871031791388848,0.9068416953924148,1.0277436462745997,9.734862381320264,0.04001516772435994,0.33500960867990215,0.019772714585806622,0.2742744474571447,75.74434278977262
473,20.03539175625082,4.145788758152046,3.3144990967204846,3.989163094212569,2.0003146394802163,58.9769256416058,20.085759903172328,7.9713715003459935,8278.006392411879,419.9523520456967,18.688345526321083,0.18212941321670653,3.784413968109063,0.5272372557281437,1.01673549463792,1.3859226318381068,5.548275453818016,0.5999894810432916,0.03256169883299829,0.09820697197169953,54.6542699431177
474,21.0058232289286,8.691754640979905,2.716337472023809,3.0036747277612337,2.9579983038850988,52.97197983493812,9.726289556071734,7.126370152245688,5318.997371293613,-0.05606734219411962,0.7222248760251895,0.2797334387812548,-0.04611466449267096,1.0503925882921858,0.9491199343842517,9.046470079303464,27.049831878740456,0.5074486892266923,0.2871455753044674,0.4941697175805786,79.85419242635571
475,19.984063571161773,4.29861216348201,2.561625815237682,2.002620722757808,2.04919870045486,68.95160949559269,17.230256595207248,8.327541623624631,10771.012955664804,361.03386907604204,11.466987440339524,0.22415693818900734,3.7308128760905213,0.5414643127157398,0.9846949904378125,5.730987402807729,11.488139883653497,0.4054063738997369,0.015206081198139739,0.19501381331164497,55.94118230000411
476,25.014516299535643,6.7034230447667955,1.9044346221710957,1.9780756062317375,7.984899297858516,100.00208434348663,3.1826771331352437,6.3314109349947785,7801.982761912354,259.99706867330406,-0.045157026550636414,0.8271476044897741,1.2922430610631193,0.836873681572343,0.9652649023383015,3.1610015865132985,6.384045647870777,0.348629117430905,-0.01679692403302532,0.8269962071153688,73.30098440762924
477,17.96693123550491,7.501856500586614,3.7575119342197816,3.007358752279108,6.016008792744494,55.98293882880209,5.527551760356669,7.900099356411461,11875.033885702884,282.9920366086532,3.8941980256015807,0.6239432313925323,0.5026094231101327,0.9044121153418156,1.0258459058952654,1.654819800866017,4.957302143978291,0.6343645143970028,-0.024243130094469763,0.6783187018799097,73.61396713901689
478,25.020440785313287,8.37217340007565,2.180716708513002,3.9627249748924185,5.956363157842659,9.02898836217704,7.297392079065235,8.970180176784357,9557.014209493322,352.9943478255155,1.3167233033720818,0.5872332792405084,-0.02206470272077664,1.0092476597595677,0.9865106279144176,6.013999139681172,23.898003106510426,0.3067234454249785,-0.016116829923666382,0.5582871747616619,75.58997973701791
479,18.012258219231054,7.594292774667603,1.28623369464925,0.971652738319448,8.994284244311398,38.95657811723823,9.003701049139984,6.240120698185159,4744.004520575737,193.9658650354762,0.08707950787481163,0.9091753093324253,0.3504827482010007,0.9725191575229096,0.9536671773153835,9.058890186132464,8.971855157045105,0.17454501645548512,-0.0034940338220119534,0.5904634783840517,77.09640503659256
480,20.990765745865833,7.955076599941828,2.8694724566835985,0.019373929248111342,8.008741233687157,5.983737493348563,3.8665563353509635,7.695246900676183,15446.97907450288,252.01232928495043,0.013754954287287959,0.8033274529290015,-0.01594876764531761,0.9864099864196485,1.0051049520331174,3.8726144402376725,-0.0006345891963765928,0.49606207553261517,0.019831332479031936,0.7466944116072343,79.05561108134812
481,20.974842426046582,5.740896869253968,1.3258054791518548,3.9695301030736054,4.009812256541599,102.05438721661976,17.274915948660848,8.37049278854183,3570.024459506556,138.99607899019801,10.657157108133763,0.37191218882684723,2.2888537598668184,0.7428609288669704,1.018194763243941,6.704366638857448,26.719517520924107,0.24697731140011087,0.09847582569333305,0.1672262419140881,62.76557675992657
482,22.973399572331495,8.09089121781306,2.02430780133126,5.016146348164768,4.004639456297099,36.97181171448707,3.653995963373156,8.707029510793625,10930.006199790954,213.97727774032063,-0.005184838670292481,0.3722051847137194,0.008782800627445282,0.9961981881052597,0.9713890470028469,3.6943456872841547,18.240284461531704,0.3516055970099917,0.015632163850231653,0.7320487309641399,76.9581181981996
483,22.01604452009038,4.38533341642869,2.46533644618547,2.9589160867603184,9.014835674761462,83.99290400243711,5.382542549327007,7.839565675269511,4934.9773354981935,232.98177113946426,0.29258856172685743,0.9123589513362941,3.5893490276733258,0.5890653920685763,0.9920525224995574,5.114524049994242,15.267083862405649,0.439739623630803,0.01899812208662597,0.7059439561423339,58.26314421012394
484,23.036869415074673,8.547668209853322,3.6217524313334253,0.05294477651375208,0.9660843863190112,59.96352468051524,6.296204490853742,6.165419296949813,9281.998300153728,246.96317623860364,0.016916446588637918,0.10589353243130976,-0.021550465790918374,1.034048313350365,0.9729281354607927,6.254660485299542,-0.006426222024730141,0.6776881701628004,0.05469148643938819,0.7883212728815926,79.21877765990827
485,21.980880767589134,6.662732603993524,2.545804379907318,1.9767719023278785,2.00592117816319,82.95954717461657,10.189617413171714,6.313662762893532,6424.018872478578,299.98781271381296,3.948796841903975,0.21660055132526634,1.2548998180857298,0.8816823967253362,1.0373214217635636,6.282325978427138,12.513095627100077,0.4325181713378579,0.020912192748196844,0.5332603905194898,69.61228000140163
486,23.013751601106545,8.06623238657904,3.157076746156887,0.9932900028458966,2.0034127305044085,2.0464193294926303,16.838717410436235,5.11621079540283,12183.016547206165,335.9928111635765,7.717228495078214,0.22373069116081157,0.00145360486268245,1.017731155891742,0.987059255893842,9.104351347025155,9.148126131900801,0.5087189992188346,-0.006415044944772903,0.34088459398747983,74.9924347019887
487,19.937389189441937,6.267113390253943,4.085956360692579,5.009918397832712,6.006950180525852,50.00513118477912,13.142447421850942,8.08747857131202,2916.014610269034,140.9870315001261,11.70381587669184,0.6449814786749258,1.6761031941868743,0.7994939022230613,0.978344854082128,1.3971690961518475,7.018435029093301,0.6628673300381595,0.02468314204454217,0.39192957270579853,65.42228023761864
488,20.982461468080285,7.1979638585490155,1.372940220516704,1.983039501424967,4.002170356519575,85.00401036514712,5.3876834080831415,5.172543929017393,6799.002775941753,279.0016546367203,1.8179676695674445,0.37672286841651864,0.8396241960129708,0.8698792615966672,0.9984602351845258,3.5081921621917567,6.998949816870127,0.2823833853507726,0.05122937712685347,0.7908165747625858,76.32005658975896
489,17.999068232013872,6.6129489488891275,1.884726612791856,3.0043021788321393,9.961803616782598,45.94911051294651,21.254159862329384,8.450548091712026,5652.030774585999,173.99764464885715,11.724118973933443,1.0189070859617615,1.4045043998401434,0.8468764554879236,0.9937735201009927,9.548551859772498,28.645081578522213,0.2619243296404613,-0.026110819959097083,-0.058968099964717316,64.30050456559505
490,21.972709497490545,7.722190264043535,2.1893738083447367,0.01726070173560377,2.9604660074367306,67.01076224164325,5.554974177183786,5.471985364955953,10288.037133895114,245.00692305615993,0.025110690191127952,0.3224759644958605,0.31686308520098955,0.9854178439723352,1.02065480181598,5.561227387345479,-0.02003503008145042,0.4038054533659158,-0.012928108750300104,0.7323049958841936,78.8335579377798
491,24.971904808756314,4.47715985952485,2.2822260363385842,3.0288183969751046,2.9335719544234635,91.03472265837982,16.95090741768664,5.687156879839846,4832.0221196784705,226.02829291110766,11.833695893684107,0.29063608762423665,3.5925363400113244,0.5402669542742436,1.0364814167778666,5.106003404069948,15.235804934973023,0.383818365667943,0.04350383248047853,0.239635309820056,56.59150697996111
492,21.979966613305933,4.232517026373977,2.2098121712463357,0.023744923079188716,3.024526035295359,75.03448431182485,18.983809834551444,6.860291006327838,15167.982376461754,371.0177907043164,12.38466565386211,0.30365589550707806,3.7060384086930376,0.4734801382399785,1.036708697530675,6.57600508538347,0.007364601885105607,0.34171928441489474,-0.008714187522915041,0.21787017320741475,58.70069010683952
493,18.008765781849792,5.218262067673733,3.68253815997721,3.99484568608592,6.024829725292056,37.02004999688818,19.520489364875363,7.996574411213552,-0.03174185151871552,0.02863769521531007,16.112146500789763,0.5914032432991178,2.773278540526892,0.616600143022599,0.9885427791822258,3.5030468016095466,13.95014220850456,0.5731621938887015,0.0229286902552336,0.12175799205233631,57.5787291296456
494,22.99438012944781,4.7832860828228325,3.111971324219396,0.9956010467786919,8.025306508736664,113.96611543267214,21.400537227795994,5.5673735505214355,11199.98368180699,407.9745679731052,18.79029302025425,0.8632577115007153,3.164653435229912,0.5665955801582412,1.0091534089944296,2.7096885836534943,2.6905974520671583,0.5610844769674352,0.03867261770993958,0.1480959274915856,58.88067405284657
495,21.932853063000252,8.382407545533336,2.760397684367881,4.070473256740751,7.0092036988738435,35.00939370251579,11.003910716079714,6.7251070244484685,3672.0586097024393,152.98474155317734,5.775699522381369,0.7031455807132332,0.0004539323204566955,1.0634805845262405,1.0446549973087134,5.1644546893141845,20.682257376074812,0.4409458033206421,-0.03767461436918124,0.5394422421688947,74.9647301007932
496,23.93637899542095,5.081406836152383,1.8928374219380968,4.028496672047479,3.9360064234684566,110.0200275488143,17.422546647245802,6.867974300394048,0.008450877414820606,0.01960790051837903,13.240737292595766,0.41354515326134184,2.9171117496560326,0.6235490298143956,1.0458099642512502,4.158051255392994,16.68845972979621,0.31853752559476484,-0.012252678323712213,0.21815254546059218,60.14674535437612
497,19.981794044664284,8.872736909875762,3.5385674670308505,2.9723452903103937,3.969198685246442,39.946166692447335,1.2313285521926027,5.780172023012089,15148.063793254825,298.02014433014295,0.008187395554981087,0.3920804710924837,-0.05837435310184732,1.0991317085118326,0.9737228153591939,1.1598079210680854,3.6867188152857056,0.5540908282378033,0.03614067852118056,1.0245080076092674,81.00661778996478
498,21.013730597581606,5.750535745038103,3.8982881612570655,1.0029996449129666,10.005112462527793,67.96636161225554,9.953310271806643,5.483114413100625,7212.996394049693,262.97964138147387,8.195162366529393,0.9856109630124763,2.2850268952758785,0.6955106319041575,1.0177673564993004,1.7227313441818881,1.6911679355726177,0.7089757967833622,-0.003792797970233721,0.6183973311256638,64.68599416487125
499,17.917574854718243,4.925268919810417,3.5042478736021967,-0.010054294163345774,2.004065540083754,12.026644719652303,19.110157832993476,8.331430672947787,2282.9922355898852,129.01834751777346,9.354524471937049,0.1609399201489497,3.1552636632366515,0.6565787083346588,1.012696167183155,9.771916226887912,0.0016281470108663288,0.5862785241022647,0.00712972524169167,0.1040668244941969,60.2059328823118
500,20.98500809471545,7.9006958793567215,1.0142577581415193,-0.004060027017693291,0.9933175536054394,86.02628137330015,7.5458096594989446,6.996352979956845,13629.997778303901,300.9716940365006,0.003487880322425186,0.13299605874176,0.11437682655009829,0.9888605588248954,1.027791626333341,7.534714708587652,0.017592187695083358,0.12627529310776825,-0.015299093191263543,0.6770500544379137,81.07315673954962
